order_id,order_date,region_x,category,product,quantity,unit_price,discount,revenue,cost,profit,profit_margin,month,customer_id,segment,region_y,acquisition_channel,region
1,2025-03-29,Central,Home & Kitchen,Air Fryer,1,90.61,0.05,86.08,47.0,39.08,0.45399628252788105,2025-03,10367,Consumer,South,Social Media,
2,2025-10-21,South,Clothing,Jacket,1,76.07,0.0,76.07,53.84,22.22999999999999,0.2922308400157748,2025-10,10489,Consumer,South,Organic Search,
3,2025-07-07,East,Electronics,Wireless Headphones,1,120.75,0.05,114.71,61.04,53.669999999999995,0.4678755121611019,2025-07,10011,Consumer,West,Paid Ads,
4,2025-01-21,North,Home & Kitchen,LED Lamp,1,70.42,0.0,70.42,47.74,22.68,0.3220675944333996,2025-01,10446,Consumer,North,Organic Search,
5,2025-04-02,West,Electronics,Power Bank,2,51.9,0.0,103.8,60.21,43.589999999999996,0.4199421965317919,2025-04,10114,Consumer,East,Organic Search,
6,2025-02-19,West,Electronics,Wireless Headphones,2,157.61,0.0,315.22,195.96,119.26000000000002,0.378338937884652,2025-02,10196,Consumer,East,Email,
7,2025-07-21,West,Home & Kitchen,Mixer Grinder,1,69.66,0.1,62.69,39.93,22.759999999999998,0.36305630882118356,2025-07,10323,Consumer,North,Referral,
8,2025-07-09,Central,Clothing,Jacket,1,56.03,0.05,53.23,34.89,18.339999999999996,0.34454255119293625,2025-07,10512,Consumer,East,Social Media,
9,2025-06-06,Central,Home & Kitchen,Mixer Grinder,1,90.32,0.1,81.29,48.1,33.190000000000005,0.40829130274326486,2025-06,10165,Consumer,East,Email,
10,2025-03-04,East,Electronics,Bluetooth Speaker,1,122.89,0.05,116.75,69.62,47.129999999999995,0.4036830835117773,2025-03,10252,Consumer,Central,Organic Search,
11,2025-02-02,Central,Electronics,Power Bank,1,91.8,0.15,78.03,53.22,24.810000000000002,0.3179546328335256,2025-02,10044,Consumer,North,Organic Search,
12,2025-05-11,North,Beauty,Perfume,1,36.54,0.05,34.71,21.5,13.21,0.38058196485162776,2025-05,10470,Consumer,East,Organic Search,
13,2025-06-28,North,Beauty,Skin Care Kit,2,77.77,0.05,147.76,77.81,69.94999999999999,0.4734028153762858,2025-06,10489,Consumer,South,Organic Search,
14,2025-05-23,East,Home & Kitchen,LED Lamp,1,59.38,0.0,59.38,40.21,19.17,0.32283597170764566,2025-05,10181,Corporate,West,Organic Search,
15,2025-05-14,West,Electronics,Wireless Headphones,1,92.83,0.15,78.91,57.61,21.299999999999997,0.2699277658091496,2025-05,10077,Consumer,South,Social Media,
16,2025-12-14,North,Beauty,Perfume,1,34.38,0.15,29.22,17.66,11.559999999999999,0.39561943874058864,2025-12,10374,Small Business,East,Referral,
17,2025-11-14,Central,Home & Kitchen,Air Fryer,1,49.77,0.0,49.77,32.79,16.980000000000004,0.34116937914406276,2025-11,10067,Consumer,North,Referral,
18,2025-04-06,North,Clothing,Jeans,1,39.31,0.15,33.41,20.18,13.229999999999997,0.395989224782999,2025-04,10092,Small Business,Central,Referral,
19,2025-04-23,South,Home & Kitchen,Mixer Grinder,3,37.02,0.0,111.06,58.82,52.24,0.47037637313164055,2025-04,10244,Consumer,South,Social Media,
20,2025-05-06,South,Clothing,Jeans,1,54.59,0.0,54.59,37.39,17.200000000000003,0.3150760212493131,2025-05,10341,Consumer,East,Referral,
21,2025-09-12,Central,Clothing,Jeans,4,66.82,0.1,240.55,139.95,100.60000000000002,0.41820827270837674,2025-09,10304,Small Business,South,Social Media,
22,2025-07-20,West,Clothing,Jeans,1,37.29,0.1,33.56,24.42,9.14,0.2723480333730632,2025-07,10398,Consumer,North,Paid Ads,
23,2025-05-27,West,Clothing,Jacket,1,81.28,0.0,81.28,53.09,28.189999999999998,0.34682578740157477,2025-05,10448,Corporate,North,Social Media,
24,2025-12-26,North,Clothing,Jacket,2,68.45,0.05,130.06,85.14,44.92,0.3453790558203906,2025-12,10097,Consumer,West,Email,
25,2025-03-01,North,Clothing,Casual Shirt,1,67.53,0.1,60.78,40.38,20.4,0.33563672260612043,2025-03,10331,Small Business,East,Social Media,
26,2025-01-09,North,Electronics,Power Bank,3,78.64,0.05,224.12,167.97,56.150000000000006,0.2505354274495806,2025-01,10205,Consumer,South,Email,
27,2025-04-23,West,Home & Kitchen,LED Lamp,2,73.61,0.15,125.14,92.76,32.379999999999995,0.2587501997762506,2025-04,10449,Consumer,South,Social Media,
28,2025-06-02,Central,Sports,Fitness Band,1,84.39,0.05,80.17,61.28,18.89,0.23562429836597232,2025-06,10418,Corporate,North,Organic Search,
29,2025-10-16,Central,Home & Kitchen,Mixer Grinder,1,103.51,0.0,103.51,72.99,30.52000000000001,0.2948507390590282,2025-10,10077,Consumer,South,Social Media,
30,2025-02-02,West,Electronics,Power Bank,1,164.52,0.1,148.07,102.31,45.75999999999999,0.30904302019315183,2025-02,10425,Consumer,West,Social Media,
31,2025-10-13,North,Clothing,Jeans,1,68.53,0.1,61.68,44.82,16.86,0.2733463035019455,2025-10,10429,Consumer,Central,Email,
32,2025-01-04,East,Clothing,Jacket,2,51.31,0.0,102.62,66.68,35.94,0.35022412785032153,2025-01,10485,Consumer,East,Referral,
33,2025-10-29,Central,Beauty,Perfume,1,37.5,0.0,37.5,28.55,8.95,0.23866666666666664,2025-10,10135,Consumer,South,Organic Search,
34,2025-06-10,East,Clothing,Jacket,2,66.0,0.0,132.0,81.86,50.14,0.3798484848484849,2025-06,10254,Consumer,West,Paid Ads,
35,2025-09-30,North,Electronics,Wireless Headphones,1,81.44,0.0,81.44,48.6,32.839999999999996,0.40324165029469544,2025-09,10255,Consumer,East,Organic Search,
36,2025-12-21,South,Electronics,Smart Watch,1,166.69,0.0,166.69,121.76,44.92999999999999,0.26954226408302834,2025-12,10499,Corporate,South,Organic Search,
37,2025-12-20,South,Beauty,Face Serum,1,33.77,0.15,28.7,15.13,13.569999999999999,0.4728222996515679,2025-12,10484,Small Business,South,Referral,
38,2025-05-05,South,Home & Kitchen,Storage Set,1,77.14,0.05,73.28,48.44,24.840000000000003,0.3389737991266376,2025-05,10046,Consumer,North,Social Media,
39,2025-02-22,West,Beauty,Face Serum,1,34.71,0.0,34.71,22.76,11.95,0.3442811869778162,2025-02,10443,Consumer,West,Referral,
40,2025-12-16,East,Electronics,Wireless Headphones,1,156.59,0.1,140.93,80.41,60.52000000000001,0.4294330518697226,2025-12,10004,Small Business,South,Social Media,
41,2025-12-12,Central,Clothing,Jacket,1,53.35,0.05,50.68,36.16,14.520000000000003,0.28650355169692193,2025-12,10001,Consumer,West,Referral,
42,2025-02-27,South,Electronics,Smart Watch,2,103.66,0.1,186.59,116.87,69.72,0.3736534648159065,2025-02,10290,Small Business,North,Organic Search,
43,2025-03-10,Central,Electronics,Smart Watch,1,126.18,0.05,119.87,82.81,37.06,0.3091682656210895,2025-03,10109,Consumer,West,Paid Ads,
44,2025-10-12,West,Home & Kitchen,LED Lamp,1,92.94,0.0,92.94,51.23,41.71,0.44878416182483327,2025-10,10460,Consumer,South,Organic Search,
45,2025-09-07,South,Electronics,Wireless Headphones,1,101.55,0.05,96.47,66.46,30.010000000000005,0.3110811651290557,2025-09,10266,Consumer,Central,Social Media,
46,2025-04-06,North,Sports,Fitness Band,1,84.96,0.05,80.71,55.1,25.609999999999992,0.3173088836575393,2025-04,10138,Consumer,Central,Referral,
47,2025-12-06,West,Clothing,Casual Shirt,1,58.07,0.0,58.07,39.04,19.03,0.32770793869467885,2025-12,10434,Corporate,Central,Referral,
48,2025-09-25,East,Home & Kitchen,LED Lamp,1,66.56,0.1,59.9,43.93,15.969999999999999,0.2666110183639399,2025-09,10044,Consumer,North,Organic Search,
49,2025-03-31,South,Beauty,Perfume,2,43.15,0.0,86.3,52.03,34.269999999999996,0.3971031286210892,2025-03,10510,Consumer,North,Email,
50,2025-08-05,Central,Electronics,Bluetooth Speaker,1,99.08,0.1,89.17,60.95,28.22,0.31647415049904676,2025-08,10262,Small Business,South,Paid Ads,
51,2025-04-06,Central,Sports,Fitness Band,1,78.6,0.2,62.88,39.44,23.440000000000005,0.3727735368956744,2025-04,10152,Consumer,Central,Email,
52,2025-09-30,North,Electronics,Bluetooth Speaker,2,140.51,0.1,252.92,138.3,114.61999999999998,0.45318677842796135,2025-09,10213,Consumer,Central,Referral,
53,2025-03-17,North,Clothing,Jacket,1,45.92,0.0,45.92,35.32,10.600000000000001,0.23083623693379793,2025-03,10234,Corporate,North,Paid Ads,
54,2025-05-24,Central,Home & Kitchen,Mixer Grinder,1,73.32,0.05,69.65,45.15,24.500000000000007,0.3517587939698493,2025-05,10361,Small Business,South,Email,
55,2025-04-19,Central,Electronics,Power Bank,1,158.91,0.1,143.02,103.73,39.290000000000006,0.27471682282198295,2025-04,10320,Consumer,North,Paid Ads, 
56,2025-08-09,East,Home & Kitchen,Storage Set,4,97.73,0.0,390.92,278.19,112.73000000000002,0.28837102220403155,2025-08,10222,Small Business,South,Paid Ads,
57,2025-05-21,South,Clothing,Sneakers,1,64.45,0.0,64.45,34.92,29.53,0.4581846392552366,2025-05,10210,Consumer,South,Referral,
58,2025-12-05,Central,Home & Kitchen,Storage Set,1,110.42,0.0,110.42,59.85,50.57,0.45797862706031517,2025-12,10396,Small Business,North,Referral,
59,2025-10-02,Central,Home & Kitchen,LED Lamp,1,84.17,0.05,79.96,56.3,23.659999999999997,0.29589794897448723,2025-10,10489,Consumer,South,Organic Search,
60,2025-06-22,Central,Home & Kitchen,Storage Set,1,98.51,0.15,83.73,45.96,37.77,0.45109279828018634,2025-06,10464,Consumer,Central,Organic Search,
61,2025-07-10,West,Home & Kitchen,Mixer Grinder,1,108.47,0.05,103.05,79.37,23.679999999999993,0.2297913634158175,2025-07,10452,Consumer,North,Paid Ads,
62,2025-06-22,Central,Home & Kitchen,LED Lamp,1,97.27,0.05,92.41,67.33,25.08,0.27139919922086353,2025-06,10413,Consumer,Central,Paid Ads,
63,2025-11-01,North,Electronics,Wireless Headphones,1,148.34,0.0,148.34,83.55,64.79,0.4367668868814885,2025-11,10476,Consumer,Central,Email,
64,2025-11-26,West,Clothing,Jeans,1,38.58,0.1,34.72,26.32,8.399999999999999,0.24193548387096772,2025-11,10256,Consumer,North,Organic Search,
65,2025-08-08,Central,Electronics,Wireless Headphones,1,114.7,0.05,108.96,73.19,35.769999999999996,0.32828560939794416,2025-08,10150,Small Business,South,Organic Search,
66,2025-07-31,Central,Sports,Fitness Band,1,40.34,0.0,40.34,23.91,16.430000000000003,0.4072880515617254,2025-07,10127,Small Business,Central,Email,
67,2025-10-13,South,Clothing,Casual Shirt,1,80.94,0.15,68.8,37.26,31.54,0.4584302325581395,2025-10,10392,Small Business,South,Email,
68,2025-08-12,North,Clothing,Casual Shirt,1,28.35,0.05,26.93,19.68,7.25,0.26921648718900854,2025-08,10480,Small Business,Central,Organic Search,
69,2025-11-07,West,Home & Kitchen,Mixer Grinder,1,77.43,0.05,73.56,43.48,30.080000000000005,0.4089178901576945,2025-11,10397,Corporate,East,Paid Ads,
70,2025-02-22,Central,Beauty,Skin Care Kit,1,53.86,0.15,45.78,30.77,15.010000000000002,0.32787243337702054,2025-02,10402,Small Business,East,Email,
71,2025-10-15,South,Beauty,Skin Care Kit,1,28.04,0.2,22.43,15.2,7.23,0.3223361569326795,2025-10,10274,Corporate,North,Referral,
72,2025-09-16,East,Home & Kitchen,LED Lamp,1,76.81,0.05,72.97,46.98,25.990000000000002,0.35617377004248324,2025-09,10139,Small Business,North,Organic Search,
73,2025-10-30,Central,Home & Kitchen,Air Fryer,1,103.0,0.05,97.85,54.29,43.559999999999995,0.44517118037812975,2025-10,10103,Corporate,West,Referral,
74,2025-08-14,South,Clothing,Jeans,2,57.56,0.15,97.85,66.59,31.25999999999999,0.3194685743484925,2025-08,10242,Consumer,North,Referral,
75,2025-12-01,West,Clothing,Jeans,1,58.87,0.05,55.93,35.64,20.29,0.3627748971929197,2025-12,10117,Consumer,Central,Organic Search,
76,2025-07-03,North,Home & Kitchen,Mixer Grinder,2,69.83,0.15,118.71,66.27,52.44,0.4417487995956533,2025-07,10214,Corporate,West,Paid Ads,
77,2025-02-12,East,Home & Kitchen,LED Lamp,1,82.87,0.0,82.87,47.6,35.27,0.4256063714251237,2025-02,10484,Small Business,South,Referral,
78,2025-01-08,West,Electronics,Wireless Headphones,1,103.83,0.05,98.64,61.56,37.08,0.3759124087591241,2025-01,10224,Consumer,South,Paid Ads,
79,2025-02-20,East,Electronics,Power Bank,1,121.47,0.2,97.18,65.74,31.440000000000012,0.32352335871578525,2025-02,10270,Consumer,East,Paid Ads,
80,2025-01-01,Central,Beauty,Hair Dryer,1,52.03,0.0,52.03,28.26,23.77,0.45685181625985005,2025-01,10134,Consumer,West,Referral,
81,2025-02-16,North,Home & Kitchen,Mixer Grinder,2,71.61,0.0,143.22,77.91,65.31,0.45601173020527863,2025-02,10114,Consumer,East,Organic Search,
82,2025-01-26,West,Clothing,Jacket,2,42.39,0.15,72.06,38.62,33.440000000000005,0.46405772966971975,2025-01,10441,Corporate,Central,Referral,
83,2025-01-28,South,Beauty,Face Serum,1,40.27,0.15,34.23,19.9,14.329999999999998,0.4186386210926088,2025-01,10365,Consumer,Central,Organic Search,
84,2025-08-26,East,Beauty,Hair Dryer,1,43.54,0.0,43.54,30.42,13.119999999999997,0.30133210840606334,2025-08,10232,Consumer,North,Social Media,
85,2025-01-28,South,Clothing,Casual Shirt,2,36.99,0.0,73.98,52.65,21.330000000000005,0.2883211678832117,2025-01,10458,Consumer,Central,Email,
86,2025-05-25,Central,Clothing,Casual Shirt,1,29.45,0.0,29.45,16.23,13.219999999999999,0.44889643463497453,2025-05,10375,Consumer,Central,Paid Ads,
87,2025-04-21,North,Clothing,Jacket,1,50.41,0.05,47.89,34.08,13.810000000000002,0.2883691793693882,2025-04,10207,Consumer,Central,Referral,
88,2025-08-14,East,Clothing,Jeans,1,88.46,0.05,84.04,57.81,26.230000000000004,0.31211327939076633,2025-08,10520,Consumer,Central,Paid Ads,
89,2025-11-14,North,Home & Kitchen,Air Fryer,1,66.18,0.05,62.87,46.6,16.269999999999996,0.25878797518689356,2025-11,10468,Consumer,West,Referral,
90,2025-01-06,South,Electronics,Bluetooth Speaker,1,77.7,0.1,69.93,54.5,15.430000000000007,0.2206492206492207,2025-01,10443,Consumer,West,Referral,
91,2025-07-13,East,Clothing,Sneakers,2,46.12,0.0,92.24,64.0,28.239999999999995,0.30615784908933213,2025-07,10321,Small Business,West,Email,
92,2025-11-20,East,Clothing,Sneakers,2,66.63,0.0,133.26,102.83,30.429999999999993,0.2283505928260543,2025-11,10093,Consumer,East,Organic Search,
93,2025-05-19,West,Electronics,Power Bank,1,128.73,0.0,128.73,86.39,42.33999999999999,0.32890546104249196,2025-05,10408,Consumer,Central,Referral,
94,2025-05-18,West,Home & Kitchen,Storage Set,1,59.74,0.0,59.74,33.15,26.590000000000003,0.44509541345831943,2025-05,10158,Consumer,South,Organic Search,
95,2025-02-07,East,Electronics,Power Bank,2,148.08,0.1,266.54,179.88,86.66000000000003,0.32512943648232917,2025-02,10099,Corporate,West,Organic Search,
96,2025-05-17,South,Home & Kitchen,Air Fryer,2,54.69,0.1,98.44,61.64,36.8,0.37383177570093457,2025-05,10225,Consumer,West,Paid Ads,
97,2025-10-18,Central,Electronics,Bluetooth Speaker,2,139.46,0.1,251.03,182.72,68.31,0.2721188702545513,2025-10,10441,Corporate,Central,Referral,
98,2025-08-25,South,Electronics,Bluetooth Speaker,1,136.71,0.05,129.87,79.65,50.22,0.38669438669438666,2025-08,10401,Consumer,North,Email,
99,2025-03-04,North,Home & Kitchen,LED Lamp,1,92.38,0.1,83.14,54.9,28.240000000000002,0.3396680298292038,2025-03,10064,Consumer,West,Referral,
100,2025-04-14,East,Electronics,Wireless Headphones,1,129.93,0.05,123.43,66.32,57.110000000000014,0.4626914040346756,2025-04,10279,Consumer,Central,Social Media,
101,2025-06-06,North,Clothing,Jeans,2,32.23,0.0,64.46,46.83,17.629999999999995,0.273502947564381,2025-06,10519,Consumer,North,Organic Search,
102,2025-10-16,West,Clothing,Sneakers,1,72.61,0.2,58.09,41.57,16.520000000000003,0.2843862971251507,2025-10,10248,Consumer,North,Organic Search,
103,2025-12-31,West,Clothing,Jeans,1,48.74,0.05,46.3,28.64,17.659999999999997,0.3814254859611231,2025-12,10368,Small Business,East,Referral,
104,2025-06-22,South,Home & Kitchen,Air Fryer,1,85.84,0.05,81.55,51.08,30.47,0.373635806253832,2025-06,10098,Consumer,South,Referral,
105,2025-11-26,South,Electronics,Bluetooth Speaker,1,65.16,0.0,65.16,36.96,28.199999999999996,0.432780847145488,2025-11,10268,Consumer,North,Email,
106,2025-04-21,West,Sports,Fitness Band,2,70.11,0.0,140.22,76.59,63.629999999999995,0.4537869062901155,2025-04,10060,Consumer,Central,Email,
107,2025-04-02,South,Clothing,Jacket,1,62.41,0.1,56.17,31.44,24.73,0.44027060708563287,2025-04,10500,Consumer,West,Organic Search,
108,2025-09-14,Central,Electronics,Bluetooth Speaker,1,127.52,0.15,108.39,82.45,25.939999999999998,0.23932097056924068,2025-09,10308,Consumer,West,Referral,
109,2025-05-29,North,Sports,Running Shoes,1,56.38,0.0,56.38,32.65,23.730000000000004,0.42089393401915576,2025-05,10493,Consumer,South,Social Media,
110,2025-03-04,West,Beauty,Hair Dryer,2,50.66,0.0,101.32,61.47,39.849999999999994,0.39330833004342675,2025-03,10411,Consumer,Central,Referral,
111,2025-12-30,East,Clothing,Sneakers,2,31.04,0.15,52.77,35.5,17.270000000000003,0.32726928178889525,2025-12,10140,Consumer,East,Referral,
112,2025-06-10,North,Electronics,Power Bank,1,26.44,0.0,26.44,13.98,12.46,0.4712556732223903,2025-06,10328,Consumer,North,Paid Ads,
113,2025-02-18,North,Beauty,Skin Care Kit,1,36.99,0.0,36.99,28.82,8.170000000000002,0.22087050554203844,2025-02,10464,Consumer,Central,Organic Search,
114,2025-02-01,Central,Home & Kitchen,Mixer Grinder,1,55.21,0.0,55.21,41.6,13.61,0.24651331280565114,2025-02,10163,Small Business,Central,Organic Search,
115,2025-07-13,West,Clothing,Casual Shirt,1,44.02,0.1,39.62,25.27,14.349999999999998,0.362190812720848,2025-07,10060,Consumer,Central,Email,
116,2025-02-24,East,Home & Kitchen,Mixer Grinder,1,82.38,0.0,82.38,46.73,35.65,0.43275066763777614,2025-02,10031,Corporate,East,Email,
117,2025-12-15,North,Home & Kitchen,Mixer Grinder,2,111.7,0.2,178.72,131.96,46.75999999999999,0.26163831692032224,2025-12,10333,Corporate,West,Paid Ads,
118,2025-02-23,North,Clothing,Sneakers,1,56.93,0.1,51.24,26.91,24.330000000000002,0.474824355971897,2025-02,10076,Consumer,South,Paid Ads,
119,2025-10-15,East,Beauty,Skin Care Kit,2,59.23,0.1,106.61,82.84,23.769999999999996,0.22296219866804237,2025-10,10317,Consumer,East,Paid Ads,
120,2025-01-07,South,Sports,Fitness Band,1,73.03,0.0,73.03,43.54,29.490000000000002,0.40380665479939754,2025-01,10417,Corporate,South,Social Media,
121,2025-01-11,South,Electronics,Bluetooth Speaker,2,165.94,0.15,282.1,192.52,89.58000000000001,0.3175469691598724,2025-01,10190,Consumer,West,Organic Search,
122,2025-09-13,North,Beauty,Skin Care Kit,1,50.73,0.0,50.73,34.61,16.119999999999997,0.3177606938695052,2025-09,10489,Consumer,South,Organic Search, 
123,2025-08-12,North,Home & Kitchen,LED Lamp,1,83.73,0.2,66.98,43.03,23.950000000000003,0.35756942370856976,2025-08,10315,Consumer,West,Social Media,
124,2025-12-25,North,Home & Kitchen,Air Fryer,1,58.14,0.05,55.23,37.82,17.409999999999997,0.3152272315770414,2025-12,10296,Consumer,West,Email,
125,2025-02-11,West,Electronics,Bluetooth Speaker,1,157.06,0.1,141.35,92.97,48.379999999999995,0.34227095861337103,2025-02,10501,Consumer,East,Organic Search,
126,2025-03-28,Central,Home & Kitchen,Mixer Grinder,1,105.79,0.1,95.21,70.05,25.159999999999997,0.2642579560970486,2025-03,10177,Small Business,North,Paid Ads,
127,2025-11-05,South,Electronics,Wireless Headphones,1,150.62,0.0,150.62,103.12,47.5,0.31536316558225996,2025-11,10215,Consumer,East,Organic Search,
128,2025-05-10,West,Sports,Running Shoes,1,48.32,0.1,43.49,27.39,16.1,0.3702000459875834,2025-05,10332,Corporate,West,Email,
129,2025-06-13,North,Sports,Yoga Mat,1,38.89,0.05,36.95,21.99,14.960000000000004,0.4048714479025711,2025-06,10128,Consumer,Central,Organic Search,
130,2025-09-03,Central,Beauty,Perfume,1,46.51,0.05,44.18,30.6,13.579999999999998,0.3073789044816659,2025-09,10269,Consumer,Central,Social Media,
131,2025-12-31,East,Home & Kitchen,Mixer Grinder,1,93.61,0.0,93.61,60.76,32.85,0.3509240465762205,2025-12,10366,Consumer,South,Email,
132,2025-05-09,North,Home & Kitchen,Mixer Grinder,1,45.97,0.0,45.97,28.11,17.86,0.3885142484228845,2025-05,10348,Consumer,East,Referral,
133,2025-04-12,South,Clothing,Jacket,1,65.9,0.1,59.31,41.55,17.760000000000005,0.2994436014162874,2025-04,10142,Small Business,South,Referral,
134,2025-11-26,North,Electronics,Wireless Headphones,1,101.1,0.15,85.93,47.74,38.190000000000005,0.44443151402304204,2025-11,10145,Consumer,South,Email,
135,2025-07-19,North,Home & Kitchen,Storage Set,1,108.77,0.1,97.89,67.12,30.769999999999996,0.3143324139340075,2025-07,10245,Consumer,South,Social Media,
136,2025-02-16,South,Sports,Fitness Band,1,77.54,0.2,62.03,47.48,14.550000000000004,0.2345639206835403,2025-02,10442,Consumer,Central,Social Media,
137,2025-05-17,East,Clothing,Casual Shirt,1,67.6,0.0,67.6,47.41,20.189999999999998,0.2986686390532544,2025-05,10290,Small Business,North,Organic Search,
138,2025-04-13,North,Sports,Running Shoes,1,67.44,0.1,60.7,43.32,17.380000000000003,0.28632619439868207,2025-04,10112,Small Business,Central,Social Media,
139,2025-01-15,North,Clothing,Jacket,1,38.95,0.1,35.06,18.83,16.230000000000004,0.4629207073588135,2025-01,10214,Corporate,West,Paid Ads,
140,2025-04-18,South,Clothing,Jeans,1,74.68,0.1,67.21,50.43,16.779999999999994,0.2496652283886326,2025-04,10200,Consumer,Central,Paid Ads,
141,2025-01-29,North,Electronics,Smart Watch,4,141.53,0.0,566.12,295.78,270.34000000000003,0.4775312654560871,2025-01,10405,Consumer,South,Email,
142,2025-09-23,North,Home & Kitchen,Air Fryer,1,76.15,0.05,72.34,42.73,29.610000000000007,0.4093171136300802,2025-09,10421,Small Business,East,Social Media,
143,2025-11-20,South,Home & Kitchen,LED Lamp,1,70.59,0.05,67.06,39.88,27.18,0.40530867879510885,2025-11,10007,Consumer,East,Organic Search,
144,2025-11-01,North,Electronics,Wireless Headphones,1,110.53,0.15,93.95,49.96,43.99,0.4682277807344332,2025-11,10286,Consumer,East,Email,
145,2025-11-15,East,Clothing,Jacket,3,45.01,0.05,128.28,99.47,28.810000000000002,0.22458684128468975,2025-11,10389,Small Business,West,Referral,
146,2025-05-28,Central,Sports,Running Shoes,1,79.59,0.2,63.67,36.94,26.730000000000004,0.41982095178262924,2025-05,10416,Consumer,East,Social Media,
147,2025-01-05,Central,Clothing,Casual Shirt,2,48.6,0.2,77.76,57.14,20.620000000000005,0.2651748971193416,2025-01,10150,Small Business,South,Organic Search,
148,2025-03-02,East,Clothing,Sneakers,2,53.4,0.15,90.78,70.69,20.090000000000003,0.22130425203789383,2025-03,10428,Consumer,North,Organic Search,
149,2025-03-09,Central,Home & Kitchen,Mixer Grinder,1,130.08,0.1,117.07,61.94,55.129999999999995,0.4709148372768429,2025-03,10293,Consumer,Central,Organic Search,
150,2025-07-14,North,Electronics,Wireless Headphones,1,97.62,0.0,97.62,62.86,34.760000000000005,0.3560745748821963,2025-07,10334,Consumer,East,Social Media,
151,2025-02-07,East,Beauty,Hair Dryer,2,47.38,0.0,94.76,59.34,35.42,0.3737864077669903,2025-02,10272,Small Business,South,Organic Search,
152,2025-10-11,Central,Beauty,Hair Dryer,1,62.51,0.2,50.01,27.43,22.58,0.45150969806038793,2025-10,10043,Consumer,Central,Organic Search,
153,2025-12-20,East,Sports,Running Shoes,1,110.99,0.1,99.89,60.98,38.910000000000004,0.38952848132946244,2025-12,10468,Consumer,West,Referral,
154,2025-12-19,East,Beauty,Face Serum,2,34.05,0.1,61.29,42.36,18.93,0.3088595203132648,2025-12,10319,Corporate,West,Referral,
155,2025-02-14,South,Beauty,Face Serum,1,43.56,0.0,43.56,32.64,10.920000000000002,0.2506887052341598,2025-02,10492,Small Business,North,Referral,
156,2025-06-07,South,Home & Kitchen,Storage Set,2,65.9,0.0,131.8,80.02,51.780000000000015,0.3928679817905919,2025-06,10172,Small Business,North,Email,
157,2025-08-21,North,Beauty,Hair Dryer,2,31.24,0.0,62.48,37.79,24.689999999999998,0.3951664532650448,2025-08,10321,Small Business,West,Email,
158,2025-11-22,East,Electronics,Smart Watch,1,99.34,0.05,94.37,68.21,26.16000000000001,0.27720673942990365,2025-11,10044,Consumer,North,Organic Search,
159,2025-10-05,West,Beauty,Hair Dryer,1,36.07,0.0,36.07,25.82,10.25,0.284169670085944,2025-10,10454,Consumer,North,Paid Ads,
160,2025-07-12,South,Electronics,Power Bank,1,157.21,0.0,157.21,110.7,46.510000000000005,0.29584632020863816,2025-07,10083,Consumer,West,Paid Ads,
161,2025-02-02,East,Electronics,Smart Watch,2,101.22,0.1,182.2,95.91,86.28999999999999,0.4736004390779363,2025-02,10322,Corporate,North,Email,
162,2025-04-09,Central,Electronics,Bluetooth Speaker,1,132.67,0.0,132.67,103.38,29.289999999999992,0.22077334740333154,2025-04,10234,Corporate,North,Paid Ads,
163,2025-01-22,East,Beauty,Skin Care Kit,2,28.56,0.0,57.12,39.81,17.309999999999995,0.3030462184873949,2025-01,10252,Consumer,Central,Organic Search,
164,2025-10-30,Central,Electronics,Wireless Headphones,3,143.8,0.0,431.4,306.35,125.04999999999995,0.2898701900788131,2025-10,10449,Consumer,South,Social Media,
165,2025-06-11,Central,Clothing,Jeans,2,26.56,0.0,53.12,37.63,15.489999999999995,0.29160391566265054,2025-06,10239,Small Business,West,Email,
166,2025-07-27,East,Electronics,Wireless Headphones,1,100.96,0.05,95.91,71.43,24.47999999999999,0.25523928683140434,2025-07,10490,Consumer,West,Social Media,
167,2025-06-30,West,Sports,Running Shoes,1,94.6,0.0,94.6,68.79,25.809999999999988,0.27283298097251574,2025-06,10464,Consumer,Central,Organic Search,
168,2025-09-30,West,Sports,Fitness Band,2,19.84,0.05,37.7,20.75,16.950000000000003,0.44960212201591515,2025-09,10314,Consumer,South,Social Media,
169,2025-12-10,East,Electronics,Wireless Headphones,1,95.11,0.05,90.35,53.3,37.05,0.41007194244604317,2025-12,10175,Small Business,Central,Paid Ads,
170,2025-04-05,East,Sports,Yoga Mat,1,64.74,0.0,64.74,40.27,24.46999999999999,0.37797343219029955,2025-04,10180,Consumer,East,Organic Search,
171,2025-03-17,North,Clothing,Casual Shirt,3,58.97,0.1,159.22,88.84,70.38,0.44202989574174095,2025-03,10385,Small Business,West,Email,
172,2025-07-21,South,Clothing,Sneakers,1,62.22,,56.0,39.35,16.65,0.29732142857142857,2025-07,10295,Consumer,South,Referral,
173,2025-03-31,South,Home & Kitchen,Mixer Grinder,1,69.45,0.0,69.45,53.76,15.690000000000005,0.22591792656587478,2025-03,10215,Consumer,East,Organic Search,
174,2025-11-13,East,Beauty,Hair Dryer,1,52.04,0.1,46.84,35.95,10.89,0.23249359521776258,2025-11,10075,Consumer,West,Referral,
175,2025-06-27,West,Sports,Yoga Mat,2,66.09,0.1,118.96,88.8,30.159999999999997,0.2535305985205111,2025-06,10344,Consumer,East,Social Media,
176,2025-07-27,West,Beauty,Hair Dryer,1,32.75,0.05,31.11,21.52,9.59,0.3082610093217615,2025-07,10142,Small Business,South,Referral,
177,2025-01-12,West,Clothing,Jeans,1,61.18,0.1,55.06,29.8,25.26,0.4587722484562296,2025-01,10199,Corporate,South,Paid Ads,
178,2025-06-22,Central,Electronics,Wireless Headphones,1,193.33,0.0,193.33,124.17,69.16000000000001,0.3577303056949258,2025-06,10171,Corporate,South,Email,
179,2025-07-21,East,Beauty,Skin Care Kit,1,25.31,0.05,24.04,15.58,8.459999999999999,0.35191347753743757,2025-07,10406,Small Business,North,Organic Search,
180,2025-11-01,Central,Clothing,Casual Shirt,1,73.46,0.0,73.46,54.25,19.209999999999994,0.26150285869861145,2025-11,10228,Corporate,South,Referral,
181,2025-02-19,North,Beauty,Face Serum,2,55.51,0.1,99.92,65.07,34.85000000000001,0.34877902321857496,2025-02,10411,Consumer,Central,Referral,
182,2025-03-07,South,Clothing,Casual Shirt,1,66.66,0.1,59.99,38.79,21.200000000000003,0.35339223203867315,2025-03,10062,Small Business,West,Social Media,
183,2025-02-09,Central,Beauty,Skin Care Kit,1,48.97,0.0,48.97,33.4,15.57,0.3179497651623443,2025-02,10327,Consumer,East,Email,
184,2025-10-25,West,Beauty,Skin Care Kit,2,42.01,0.05,79.82,54.0,25.819999999999993,0.32347782510648954,2025-10,10133,Consumer,South,Referral,
185,2025-04-21,North,Home & Kitchen,Mixer Grinder,1,79.43,0.0,79.43,59.29,20.140000000000008,0.25355659070880027,2025-04,10189,Small Business,West,Email,
186,2025-03-07,East,Clothing,Sneakers,1,73.06,0.05,69.41,53.59,15.819999999999993,0.22792104884022465,2025-03,10356,Consumer,East,Email,
187,2025-01-10,East,Clothing,Sneakers,1,30.08,0.0,30.08,17.48,12.599999999999998,0.4188829787234042,2025-01,10071,Consumer,North,Paid Ads,
188,2025-09-14,Central,Home & Kitchen,LED Lamp,1,114.63,0.0,114.63,84.31,30.319999999999993,0.2645031841577248,2025-09,10263,Consumer,North,Social Media,
189,2025-06-24,Central,Electronics,Bluetooth Speaker,2,95.07,0.05,180.63,122.37,58.25999999999999,0.32253778442119246,2025-06,10306,Small Business,Central,Organic Search,
190,2025-07-26,West,Clothing,Casual Shirt,2,34.91,0.1,62.84,42.24,20.6,0.32781667727562064,2025-07,10224,Consumer,South,Paid Ads,
191,2025-04-29,East,Clothing,Jacket,1,55.75,0.15,47.39,25.13,22.26,0.4697193500738553,2025-04,10328,Consumer,North,Paid Ads,
192,2025-01-12,South,Home & Kitchen,Air Fryer,1,64.6,0.0,64.6,43.41,21.189999999999998,0.32801857585139316,2025-01,10074,Corporate,South,Social Media,
193,2025-06-27,West,Home & Kitchen,Mixer Grinder,3,100.53,0.05,286.51,187.39,99.12,0.34595651111654047,2025-06,10511,Corporate,Central,Email,
194,2025-08-22,West,Clothing,Sneakers,1,60.34,0.0,60.34,42.43,17.910000000000004,0.2968180311567783,2025-08,10142,Small Business,South,Referral,
195,2025-06-24,South,Clothing,Jeans,1,43.9,0.0,43.9,33.82,10.079999999999998,0.22961275626423688,2025-06,10102,Corporate,North,Email,
196,2025-05-25,South,Clothing,Sneakers,2,62.45,0.1,112.41,72.98,39.42999999999999,0.35076950449248284,2025-05,10065,Consumer,North,Organic Search,
197,2025-10-14,Central,Beauty,Perfume,2,42.22,0.15,71.77,48.53,23.239999999999995,0.32381217779016297,2025-10,10193,Small Business,North,Paid Ads,
198,2025-03-04,North,Clothing,Casual Shirt,1,51.0,0.1,45.9,35.8,10.100000000000001,0.2200435729847495,2025-03,10062,Small Business,West,Social Media,
199,2025-04-12,West,Beauty,Face Serum,2,43.81,0.1,78.86,59.02,19.839999999999996,0.2515850874968298,2025-04,10241,Consumer,Central,Social Media,
200,2025-12-31,East,Clothing,Jeans,2,77.1,,131.07,78.97,52.099999999999994,0.39749752040894176,2025-12,10410,Consumer,South,Organic Search,
201,2025-11-01,North,Home & Kitchen,Mixer Grinder,1,51.37,0.1,46.23,28.71,17.519999999999996,0.37897469175859827,2025-11,10300,Consumer,North,Email,
202,2025-11-26,South,Home & Kitchen,Mixer Grinder,1,43.18,0.1,38.86,26.96,11.899999999999999,0.3062274832732887,2025-11,10195,Consumer,Central,Referral,
203,2025-12-09,South,Home & Kitchen,Storage Set,1,43.47,0.05,41.3,25.71,15.589999999999996,0.3774818401937045,2025-12,10454,Consumer,North,Paid Ads,
204,2025-10-30,Central,Clothing,Sneakers,1,57.63,0.0,57.63,30.08,27.550000000000004,0.47804962693041825,2025-10,10301,Consumer,South,Paid Ads,
205,2025-11-30,Central,Sports,Yoga Mat,1,42.85,0.05,40.71,23.23,17.48,0.4293785310734463,2025-11,10456,Consumer,Central,Social Media,
206,2025-10-18,South,Clothing,Casual Shirt,1,47.58,0.0,47.58,34.68,12.899999999999999,0.27112232030264816,2025-10,10202,Consumer,East,Organic Search,
207,2025-06-08,North,Clothing,Jeans,1,38.7,0.15,32.9,23.95,8.95,0.27203647416413373,2025-06,10302,Consumer,West,Organic Search,
208,2025-11-06,North,Clothing,Jeans,2,55.97,0.05,106.34,57.7,48.64,0.4574007899191273,2025-11,10337,Consumer,East,Organic Search,
209,2025-01-26,North,Home & Kitchen,Air Fryer,1,82.74,0.1,74.47,55.84,18.629999999999995,0.25016785282664156,2025-01,10032,Small Business,West,Referral,
210,2025-07-27,North,Clothing,Jacket,1,63.37,0.1,57.03,43.0,14.030000000000001,0.24601087147115555,2025-07,10098,Consumer,South,Referral,
211,2025-06-13,South,Electronics,Wireless Headphones,1,143.27,0.1,128.94,94.19,34.75,0.26950519621529395,2025-06,10191,Corporate,Central,Paid Ads,
212,2025-06-10,Central,Home & Kitchen,Mixer Grinder,1,90.25,0.0,90.25,67.33,22.92,0.25396121883656514,2025-06,10048,Small Business,North,Paid Ads,
213,2025-03-18,Central,Electronics,Power Bank,1,96.47,0.1,86.82,50.95,35.86999999999999,0.41315365123243486,2025-03,10250,Small Business,East,Paid Ads,
214,2025-11-19,South,Electronics,Wireless Headphones,4,98.4,0.0,393.6,275.81,117.79000000000002,0.29926321138211387,2025-11,10226,Consumer,North,Referral,
215,2025-04-19,West,Home & Kitchen,Storage Set,1,88.74,0.0,88.74,67.04,21.69999999999999,0.24453459544737424,2025-04,10272,Small Business,South,Organic Search,
216,2025-03-11,North,Electronics,Wireless Headphones,1,160.46,0.05,152.44,93.81,58.629999999999995,0.38461033849383364,2025-03,10485,Consumer,East,Referral,
217,2025-10-27,Central,Clothing,Casual Shirt,1,58.6,0.15,49.81,34.33,15.480000000000004,0.31078096767717334,2025-10,10328,Consumer,North,Paid Ads,
218,2025-07-28,East,Home & Kitchen,Mixer Grinder,1,45.15,0.2,36.12,25.0,11.119999999999997,0.30786267995570316,2025-07,10180,Consumer,East,Organic Search,
219,2025-10-30,North,Beauty,Hair Dryer,1,30.76,0.2,24.61,16.86,7.75,0.31491263713937423,2025-10,10023,Corporate,North,Email,
220,2025-05-25,West,Electronics,Smart Watch,1,125.42,0.05,119.15,85.38,33.77000000000001,0.2834242551405792,2025-05,10370,Consumer,East,Organic Search,
221,2025-12-26,West,Sports,Dumbbells,2,55.28,0.0,110.56,86.02,24.540000000000006,0.2219609261939219,2025-12,10245,Consumer,South,Social Media,
222,2025-08-19,North,Electronics,Smart Watch,1,72.72,0.1,65.45,35.55,29.900000000000006,0.4568372803666922,2025-08,10160,Corporate,East,Referral,
223,2025-09-06,North,Clothing,Jacket,2,38.51,0.05,73.17,39.72,33.45,0.4571545715457155,2025-09,10373,Corporate,North,Referral,
224,2025-11-07,East,Clothing,Sneakers,1,41.3,0.05,39.23,26.53,12.699999999999996,0.32373183787917403,2025-11,10285,Consumer,South,Email,
225,2025-03-23,Central,Beauty,Skin Care Kit,4,35.69,0.15,121.35,66.77,54.58,0.44977338277709106,2025-03,10450,Small Business,East,Social Media,
226,2025-01-07,West,Home & Kitchen,LED Lamp,1,90.39,0.1,81.35,45.29,36.059999999999995,0.44326982175783647,2025-01,10136,Consumer,South,Paid Ads,
227,2025-09-13,South,Beauty,Skin Care Kit,1,46.01,0.0,46.01,35.6,10.409999999999997,0.2262551619213214,2025-09,10096,Consumer,West,Social Media,
228,2025-11-17,Central,Beauty,Face Serum,1,29.94,0.0,29.94,20.29,9.650000000000002,0.32231128924515706,2025-11,10119,Consumer,South,Referral,
229,2025-01-25,West,Home & Kitchen,Storage Set,1,71.67,0.0,71.67,37.75,33.92,0.47328031254360264,2025-01,10374,Small Business,East,Referral,
230,2025-11-30,West,Electronics,Power Bank,3,86.66,0.05,246.98,148.45,98.53,0.3989391853591384,2025-11,10274,Corporate,North,Referral,
231,2025-09-23,North,Home & Kitchen,LED Lamp,2,42.9,0.05,81.51,54.35,27.160000000000004,0.3332106490001227,2025-09,10177,Small Business,North,Paid Ads,
232,2025-03-24,North,Electronics,Bluetooth Speaker,2,162.22,0.1,292.0,174.42,117.58000000000001,0.40267123287671236,2025-03,10277,Consumer,South,Organic Search,
233,2025-09-17,North,Electronics,Wireless Headphones,2,94.14,0.1,169.45,115.34,54.109999999999985,0.31932723517261724,2025-09,10138,Consumer,Central,Referral,
234,2025-08-19,South,Electronics,Power Bank,1,101.17,0.1,91.05,59.82,31.229999999999997,0.342998352553542,2025-08,10132,Consumer,North,Organic Search,
235,2025-08-17,Central,Electronics,Power Bank,1,77.23,0.05,73.37,47.34,26.03,0.3547771568761074,2025-08,10044,Consumer,North,Organic Search,
236,2025-08-18,Central,Beauty,Hair Dryer,1,55.07,0.0,55.07,34.63,20.439999999999998,0.37116397312511346,2025-08,10123,Corporate,West,Social Media,
237,2025-06-30,South,Beauty,Hair Dryer,1,22.83,0.1,20.55,14.05,6.5,0.31630170316301703,2025-06,10136,Consumer,South,Paid Ads,
238,2025-07-10,Central,Electronics,Power Bank,1,154.71,0.0,154.71,102.49,52.22000000000001,0.33753474242130443,2025-07,10367,Consumer,South,Social Media,
239,2025-02-11,Central,Beauty,Skin Care Kit,1,48.2,0.1,43.38,29.48,13.900000000000002,0.3204241585984325,2025-02,10373,Corporate,North,Referral,
240,2025-05-09,South,Sports,Yoga Mat,3,42.46,0.1,114.64,69.01,45.629999999999995,0.3980286113049546,2025-05,10126,Consumer,North,Organic Search,
241,2025-09-04,South,Home & Kitchen,Air Fryer,1,78.04,0.1,70.24,51.59,18.64999999999999,0.26551822323462404,2025-09,10439,Small Business,Central,Referral,
242,2025-12-10,Central,Home & Kitchen,Mixer Grinder,1,83.42,0.1,75.08,40.34,34.739999999999995,0.46270644645711234,2025-12,10051,Consumer,East,Social Media,
243,2025-04-19,East,Electronics,Power Bank,4,99.69,0.0,398.76,284.72,114.03999999999996,0.2859865583308255,2025-04,10137,Consumer,West,Social Media,
244,2025-08-16,East,Electronics,Power Bank,1,117.45,0.05,111.58,69.27,42.31,0.3791898189639721,2025-08,10158,Consumer,South,Organic Search,
245,2025-12-18,South,Sports,Dumbbells,1,56.78,0.0,56.78,39.27,17.509999999999998,0.30838323353293406,2025-12,10056,Consumer,Central,Organic Search,
246,2025-12-26,North,Electronics,Power Bank,1,105.35,0.15,89.55,64.78,24.769999999999996,0.27660524846454493,2025-12,10428,Consumer,North,Organic Search,
247,2025-04-29,South,Sports,Dumbbells,1,70.12,0.1,63.11,43.38,19.729999999999997,0.3126287434637933,2025-04,10443,Consumer,West,Referral,
248,2025-06-30,West,Home & Kitchen,LED Lamp,1,59.27,0.2,47.42,32.08,15.340000000000003,0.3234921973850696,2025-06,10326,Consumer,South,Organic Search,
249,2025-10-05,West,Electronics,Smart Watch,1,84.89,0.05,80.65,54.79,25.860000000000007,0.3206447613143212,2025-10,10080,Consumer,East,Organic Search,
250,2025-05-02,North,Electronics,Wireless Headphones,1,53.93,0.05,51.23,26.81,24.419999999999998,0.47667382393129026,2025-05,10474,Consumer,North,Paid Ads,
251,2025-05-15,West,Electronics,Bluetooth Speaker,1,111.64,0.1,100.48,71.28,29.200000000000003,0.2906050955414013,2025-05,10377,Corporate,West,Social Media,
252,2025-10-12,Central,Electronics,Power Bank,1,174.01,0.2,139.21,106.32,32.890000000000015,0.23626176280439634,2025-10,10333,Corporate,West,Paid Ads,
253,2025-07-08,North,Electronics,Wireless Headphones,1,79.81,0.0,79.81,50.08,29.730000000000004,0.3725097105625862,2025-07,10175,Small Business,Central,Paid Ads,
254,2025-04-18,North,Clothing,Sneakers,1,54.39,0.0,54.39,29.61,24.78,0.45559845559845563,2025-04,10441,Corporate,Central,Referral,
255,2025-04-14,East,Beauty,Skin Care Kit,1,54.86,0.1,49.37,36.99,12.379999999999995,0.2507595705894267,2025-04,10126,Consumer,North,Organic Search,
256,2025-10-29,East,Home & Kitchen,Mixer Grinder,1,85.53,0.0,85.53,60.98,24.550000000000004,0.28703378931369117,2025-10,10219,Small Business,East,Social Media,
257,2025-01-12,North,Electronics,Wireless Headphones,1,175.07,0.1,157.56,116.34,41.22,0.2616146230007616,2025-01,10278,Corporate,West,Paid Ads,
258,2025-08-31,East,Electronics,Wireless Headphones,3,208.2,0.05,593.37,358.99,234.38,0.39499806191752196,2025-08,10485,Consumer,East,Referral,
259,2025-08-18,Central,Sports,Fitness Band,1,87.04,0.0,87.04,48.38,38.660000000000004,0.44416360294117646,2025-08,10141,Small Business,South,Email,
260,2025-02-26,Central,Electronics,Bluetooth Speaker,1,140.8,0.1,126.72,77.61,49.11,0.3875473484848485,2025-02,10110,Consumer,Central,Social Media,
261,2025-09-11,South,Electronics,Bluetooth Speaker,2,180.22,0.0,360.44,208.56,151.88,0.42137387637332147,2025-09,10052,Consumer,South,Social Media,
262,2025-07-30,Central,Clothing,Sneakers,1,56.25,0.1,50.62,32.88,17.739999999999995,0.35045436586329504,2025-07,10319,Corporate,West,Referral,
263,2025-07-02,North,Beauty,Hair Dryer,1,40.99,0.05,38.94,21.74,17.2,0.44170518746789933,2025-07,10199,Corporate,South,Paid Ads,
264,2025-10-30,East,Home & Kitchen,Mixer Grinder,1,113.1,0.0,113.1,82.38,30.72,0.27161803713527854,2025-10,10046,Consumer,North,Social Media,
265,2025-07-17,West,Beauty,Hair Dryer,1,60.85,0.1,54.76,30.16,24.599999999999998,0.44923301680058436,2025-07,10505,Consumer,South,Referral,
266,2025-05-18,South,Home & Kitchen,Air Fryer,3,55.88,0.0,167.64,111.82,55.81999999999999,0.33297542352660464,2025-05,10514,Consumer,East,Organic Search,
267,2025-09-02,East,Electronics,Bluetooth Speaker,1,102.27,0.05,97.16,58.07,39.089999999999996,0.4023260601070399,2025-09,10017,Small Business,Central,Organic Search,
268,2025-02-18,Central,Electronics,Smart Watch,1,145.92,0.05,138.62,88.72,49.900000000000006,0.3599769153080364,2025-02,10315,Consumer,West,Social Media,
269,2025-10-07,North,Home & Kitchen,Air Fryer,1,69.1,0.15,58.73,44.43,14.299999999999997,0.24348714455985013,2025-10,10436,Consumer,South,Organic Search,
270,2025-01-31,West,Electronics,Wireless Headphones,1,124.77,0.1,112.29,62.34,49.95,0.4448303499866417,2025-01,10388,Consumer,South,Email,
271,2025-04-16,North,Clothing,Jacket,1,68.65,0.2,54.92,33.86,21.060000000000002,0.38346686088856524,2025-04,10077,Consumer,South,Social Media,
272,2025-12-04,South,Beauty,Perfume,1,32.24,0.15,27.4,14.58,12.819999999999999,0.46788321167883207,2025-12,10371,Small Business,Central,Organic Search,
273,2025-09-05,East,Clothing,Casual Shirt,1,27.85,0.15,23.67,12.44,11.230000000000002,0.47444021968736805,2025-09,10165,Consumer,East,Email,
274,2025-05-22,North,Sports,Dumbbells,2,46.32,0.05,88.01,64.71,23.30000000000001,0.26474264288149085,2025-05,10024,Consumer,West,Email,
275,2025-12-11,Central,Home & Kitchen,Air Fryer,1,55.13,0.05,52.37,33.55,18.82,0.35936604926484633,2025-12,10035,Consumer,West,Referral,
276,2025-11-23,North,Clothing,Casual Shirt,1,63.73,0.0,63.73,45.07,18.659999999999997,0.29279774046759766,2025-11,10514,Consumer,East,Organic Search,
277,2025-04-08,South,Clothing,Casual Shirt,1,70.59,0.1,63.53,42.1,21.43,0.33732095073193763,2025-04,10461,Corporate,East,Organic Search,
278,2025-11-26,South,Home & Kitchen,Air Fryer,1,28.84,0.1,25.96,14.96,11.0,0.423728813559322,2025-11,10138,Consumer,Central,Referral,
279,2025-05-18,East,Beauty,Skin Care Kit,1,32.04,0.05,30.44,22.21,8.23,0.2703679369250986,2025-05,10265,Consumer,North,Paid Ads,
280,2025-06-03,West,Electronics,Bluetooth Speaker,1,122.48,0.0,122.48,91.46,31.02000000000001,0.2532658393207055,2025-06,10333,Corporate,West,Paid Ads,
281,2025-06-17,South,Beauty,Hair Dryer,1,44.01,0.0,44.01,25.81,18.2,0.4135423767325608,2025-06,10188,Corporate,Central,Referral,
282,2025-02-13,North,Beauty,Face Serum,1,30.62,0.0,30.62,19.62,11.0,0.3592423252775963,2025-02,10063,Consumer,Central,Social Media,
283,2025-11-03,East,Home & Kitchen,Storage Set,1,103.26,0.05,98.1,70.79,27.309999999999988,0.2783893985728847,2025-11,10279,Consumer,Central,Social Media,
284,2025-03-26,North,Electronics,Smart Watch,1,136.98,0.05,130.13,93.3,36.83,0.28302466764005224,2025-03,10171,Corporate,South,Email,
285,2025-12-02,East,Home & Kitchen,LED Lamp,2,18.19,0.05,34.56,19.46,15.100000000000001,0.43692129629629634,2025-12,10503,Consumer,South,Organic Search,
286,2025-05-09,Central,Home & Kitchen,Storage Set,1,103.82,0.2,83.06,46.23,36.830000000000005,0.44341439922947273,2025-05,10299,Consumer,East,Paid Ads,
287,2025-01-12,East,Beauty,Perfume,1,63.1,0.0,63.1,47.29,15.810000000000002,0.250554675118859,2025-01,10201,Consumer,West,Organic Search,
288,2025-06-07,Central,Clothing,Jacket,4,38.56,0.05,146.53,80.86,65.67,0.4481676107281785,2025-06,10135,Consumer,South,Organic Search,
289,2025-12-19,West,Home & Kitchen,LED Lamp,2,53.37,0.0,106.74,71.04,35.69999999999999,0.3344575604272062,2025-12,10272,Small Business,South,Organic Search,
290,2025-09-22,West,Clothing,Jeans,1,51.07,0.05,48.52,37.51,11.010000000000005,0.2269167353668591,2025-09,10442,Consumer,Central,Social Media,
291,2025-08-01,South,Sports,Running Shoes,1,59.47,0.1,53.52,34.22,19.300000000000004,0.3606128550074739,2025-08,10087,Consumer,South,Social Media,
292,2025-09-05,South,Beauty,Perfume,1,18.1,0.0,18.1,12.76,5.340000000000002,0.29502762430939233,2025-09,10031,Corporate,East,Email,
293,2025-10-06,North,Electronics,Wireless Headphones,1,128.37,0.0,128.37,87.24,41.13000000000001,0.32040196307548496,2025-10,10121,Consumer,South,Social Media,
294,2025-09-29,South,Beauty,Skin Care Kit,2,44.72,0.0,89.44,47.23,42.21,0.47193649373881935,2025-09,10069,Consumer,West,Email,
295,2025-09-04,East,Home & Kitchen,LED Lamp,1,59.32,0.1,53.39,41.53,11.86,0.22213897733657986,2025-09,10496,Consumer,East,Paid Ads,
296,2025-11-09,Central,Clothing,Casual Shirt,1,62.76,0.05,59.62,32.06,27.559999999999995,0.462260986246226,2025-11,10146,Consumer,East,Organic Search,
297,2025-07-29,East,Home & Kitchen,LED Lamp,2,87.85,0.1,158.13,109.57,48.56,0.30708910390185296,2025-07,10333,Corporate,West,Paid Ads,
298,2025-02-15,West,Sports,Dumbbells,1,73.9,0.0,73.9,45.92,27.980000000000004,0.37861975642760487,2025-02,10481,Consumer,North,Email,
299,2025-08-03,North,Home & Kitchen,Mixer Grinder,1,68.01,0.1,61.21,46.44,14.770000000000003,0.24130044110439475,2025-08,10263,Consumer,North,Social Media,
300,2025-06-22,North,Home & Kitchen,Storage Set,2,77.97,0.1,140.35,103.61,36.739999999999995,0.26177413608835054,2025-06,10293,Consumer,Central,Organic Search,
301,2025-06-13,North,Home & Kitchen,Storage Set,1,62.61,0.0,62.61,34.51,28.1,0.4488100942341479,2025-06,10429,Consumer,Central,Email,
302,2025-11-05,East,Electronics,Power Bank,1,190.27,0.0,190.27,139.73,50.54000000000002,0.26562253639564837,2025-11,10086,Consumer,East,Email,
303,2025-05-07,Central,Electronics,Smart Watch,1,134.39,0.05,127.67,96.01,31.659999999999997,0.24798308138168712,2025-05,10016,Consumer,West,Organic Search,
304,2025-02-19,Central,Beauty,Perfume,1,50.07,0.05,47.57,37.05,10.520000000000003,0.2211477822156822,2025-02,10118,Consumer,West,Social Media,
305,2025-11-20,East,Clothing,Casual Shirt,1,54.03,0.1,48.63,31.93,16.700000000000003,0.34340941805469877,2025-11,10270,Consumer,East,Paid Ads,
306,2025-11-28,West,Beauty,Perfume,3,22.96,0.0,68.88,48.25,20.629999999999995,0.299506387921022,2025-11,10395,Corporate,Central,Social Media,
307,2025-10-03,North,Home & Kitchen,Storage Set,1,76.92,0.1,69.23,47.36,21.870000000000005,0.31590351003900047,2025-10,10162,Consumer,Central,Organic Search,
308,2025-03-17,Central,Clothing,Jacket,1,69.67,0.0,69.67,40.47,29.200000000000003,0.41911870245442806,2025-03,10104,Consumer,Central,Social Media,
309,2025-09-19,North,Sports,Fitness Band,3,91.92,0.05,261.97,179.41,82.56000000000003,0.3151505897621866,2025-09,10167,Small Business,West,Paid Ads,
310,2025-12-28,North,Electronics,Wireless Headphones,1,140.53,0.0,140.53,78.19,62.34,0.4436063473991319,2025-12,10300,Consumer,North,Email,
311,2025-05-21,Central,Home & Kitchen,Air Fryer,1,90.13,0.0,90.13,51.72,38.41,0.42616221014090755,2025-05,10028,Small Business,East,Referral,
312,2025-12-19,South,Electronics,Smart Watch,1,78.33,0.1,70.5,52.13,18.369999999999997,0.2605673758865248,2025-12,10424,Consumer,Central,Referral,
313,2025-02-06,North,Home & Kitchen,Air Fryer,1,38.0,0.15,32.3,20.13,12.169999999999998,0.3767801857585139,2025-02,10156,Consumer,West,Referral,
314,2025-02-08,Central,Clothing,Jacket,1,56.77,0.15,48.25,32.3,15.950000000000003,0.3305699481865286,2025-02,10324,Small Business,North,Referral,
315,2025-11-28,Central,Clothing,Jeans,4,48.85,0.05,185.63,116.89,68.74,0.3703065237300005,2025-11,10348,Consumer,East,Referral,
316,2025-09-07,Central,Clothing,Jacket,1,44.95,0.0,44.95,31.77,13.180000000000003,0.29321468298109016,2025-09,10121,Consumer,South,Social Media,
317,2025-05-26,South,Electronics,Bluetooth Speaker,1,147.24,0.0,147.24,109.93,37.31,0.25339581635425157,2025-05,10164,Corporate,West,Organic Search,
318,2025-03-25,North,Clothing,Casual Shirt,1,63.24,0.05,60.08,33.13,26.949999999999996,0.44856857523302257,2025-03,10062,Small Business,West,Social Media,
319,2025-11-03,East,Electronics,Smart Watch,1,102.32,0.1,92.09,63.37,28.720000000000006,0.31186882397654475,2025-11,10340,Consumer,Central,Referral,
320,2025-01-28,East,Clothing,Jeans,1,78.19,0.15,66.46,45.14,21.319999999999993,0.3207944628347878,2025-01,10312,Small Business,West,Social Media,
321,2025-09-25,East,Beauty,Skin Care Kit,1,54.36,0.2,43.49,31.89,11.600000000000001,0.26672798344447,2025-09,10376,Small Business,Central,Organic Search,
322,2025-02-18,North,Home & Kitchen,Storage Set,1,82.62,0.0,82.62,45.6,37.02,0.4480755265068991,2025-02,10346,Consumer,North,Email,
323,2025-03-14,Central,Beauty,Face Serum,1,51.74,0.05,49.15,26.55,22.599999999999998,0.4598168870803662,2025-03,10150,Small Business,South,Organic Search,
324,2025-06-05,West,Beauty,Hair Dryer,1,36.24,0.1,32.62,23.94,8.679999999999996,0.26609442060085825,2025-06,10177,Small Business,North,Paid Ads,
325,2025-10-17,West,Sports,Dumbbells,1,60.04,0.05,57.04,37.46,19.58,0.34326788218793824,2025-10,10354,Small Business,South,Email,
326,2025-10-02,Central,Home & Kitchen,LED Lamp,1,78.32,0.1,70.49,54.0,16.489999999999995,0.2339338913321038,2025-10,10514,Consumer,East,Organic Search,
327,2025-10-21,Central,Clothing,Jeans,1,46.34,0.05,44.02,26.45,17.570000000000004,0.399136756019991,2025-10,10309,Corporate,North,Email,
328,2025-04-23,Central,Clothing,Jacket,1,51.78,0.2,41.42,26.43,14.990000000000002,0.36190246257846453,2025-04,10119,Consumer,South,Referral,
329,2025-12-29,East,Sports,Running Shoes,1,74.94,0.05,71.19,37.74,33.449999999999996,0.46986936367467336,2025-12,10519,Consumer,North,Organic Search,
330,2025-05-02,Central,Electronics,Smart Watch,1,120.22,0.0,120.22,77.76,42.459999999999994,0.35318582598569287,2025-05,10478,Consumer,North,Referral,
331,2025-03-18,East,Home & Kitchen,LED Lamp,1,85.37,0.1,76.83,59.61,17.22,0.2241311987504881,2025-03,10414,Small Business,West,Referral,
332,2025-03-10,Central,Sports,Fitness Band,1,81.45,0.2,65.16,46.99,18.169999999999995,0.2788520564763658,2025-03,10351,Consumer,West,Paid Ads,
333,2025-04-19,East,Home & Kitchen,Air Fryer,1,94.29,0.05,89.58,53.62,35.96,0.4014288903773164,2025-04,10506,Corporate,North,Social Media,
334,2025-12-25,West,Electronics,Wireless Headphones,1,136.83,0.0,136.83,105.53,31.30000000000001,0.22875100489658706,2025-12,10195,Consumer,Central,Referral,
335,2025-12-04,North,Home & Kitchen,LED Lamp,1,68.31,0.1,61.48,43.71,17.769999999999996,0.2890370852309694,2025-12,10187,Consumer,Central,Organic Search,
336,2025-05-25,Central,Beauty,Skin Care Kit,1,46.33,0.05,44.01,23.34,20.669999999999998,0.4696659850034083,2025-05,10450,Small Business,East,Social Media,
337,2025-09-03,Central,Clothing,Sneakers,1,80.63,0.05,76.6,48.96,27.639999999999993,0.36083550913838114,2025-09,10496,Consumer,East,Paid Ads,
338,2025-02-15,South,Beauty,Skin Care Kit,1,57.49,0.1,51.74,30.61,21.130000000000003,0.4083880943177426,2025-02,10515,Consumer,Central,Social Media,
339,2025-07-02,South,Sports,Yoga Mat,2,48.45,0.1,87.21,56.5,30.709999999999994,0.3521385162252035,2025-07,10273,Consumer,West,Paid Ads,
340,2025-07-22,North,Home & Kitchen,Storage Set,1,80.65,0.1,72.59,45.04,27.550000000000004,0.3795288607246178,2025-07,10052,Consumer,South,Social Media,
341,2025-09-17,Central,Home & Kitchen,Air Fryer,2,78.77,0.1,141.79,101.92,39.86999999999999,0.2811904929825798,2025-09,10263,Consumer,North,Social Media,
342,2025-08-13,East,Home & Kitchen,Storage Set,1,86.4,0.15,73.44,46.57,26.869999999999997,0.3658769063180828,2025-08,10368,Small Business,East,Referral,
343,2025-01-22,Central,Home & Kitchen,Storage Set,1,132.26,0.15,112.42,59.02,53.4,0.4750044476071873,2025-01,10133,Consumer,South,Referral,
344,2025-07-23,South,Electronics,Bluetooth Speaker,1,126.46,0.0,126.46,75.6,50.86,0.4021825083030207,2025-07,10225,Consumer,West,Paid Ads,
345,2025-01-25,Central,Home & Kitchen,Storage Set,1,68.0,0.0,68.0,48.41,19.590000000000003,0.2880882352941177,2025-01,10310,Consumer,West,Email,
346,2025-07-20,North,Beauty,Face Serum,1,49.59,0.15,42.15,30.93,11.219999999999999,0.2661921708185053,2025-07,10016,Consumer,West,Organic Search,
347,2025-12-24,East,Beauty,Hair Dryer,1,57.24,0.0,57.24,40.0,17.240000000000002,0.3011879804332635,2025-12,10195,Consumer,Central,Referral,
348,2025-02-14,Central,Home & Kitchen,Storage Set,1,64.41,0.05,61.19,42.92,18.269999999999996,0.2985781990521326,2025-02,10443,Consumer,West,Referral,
349,2025-07-07,South,Electronics,Smart Watch,1,120.04,0.1,108.04,76.04,32.0,0.29618659755646054,2025-07,10303,Consumer,West,Organic Search,
350,2025-08-03,East,Electronics,Wireless Headphones,1,92.55,0.0,92.55,68.9,23.64999999999999,0.25553754727174494,2025-08,10048,Small Business,North,Paid Ads,
351,2025-02-22,East,Electronics,Bluetooth Speaker,1,141.35,0.2,113.08,76.54,36.53999999999999,0.3231340643792005,2025-02,10121,Consumer,South,Social Media,
352,2025-03-15,South,Clothing,Jeans,1,35.92,0.1,32.33,24.1,8.229999999999997,0.25456232601299095,2025-03,10499,Corporate,South,Organic Search,
353,2025-12-01,West,Beauty,Hair Dryer,1,27.62,0.1,24.86,18.24,6.620000000000001,0.26629123089300083,2025-12,10469,Consumer,North,Referral,
354,2025-10-17,South,Electronics,Bluetooth Speaker,1,146.28,0.05,138.97,78.0,60.97,0.43872778297474274,2025-10,10041,Small Business,South,Referral,
355,2025-06-03,South,Beauty,Skin Care Kit,1,30.79,0.0,30.79,20.1,10.689999999999998,0.34719064631373814,2025-06,10456,Consumer,Central,Social Media,
356,2025-11-21,West,Electronics,Smart Watch,2,157.67,0.05,299.57,192.15,107.41999999999999,0.3585806322395433,2025-11,10371,Small Business,Central,Organic Search,
357,2025-04-10,South,Beauty,Face Serum,2,38.1,0.05,72.39,53.95,18.439999999999998,0.2547313164801768,2025-04,10182,Consumer,South,Email,
358,2025-06-28,Central,Sports,Yoga Mat,1,67.72,0.05,64.33,49.11,15.219999999999999,0.2365925695631898,2025-06,10517,Consumer,North,Paid Ads,
359,2025-01-23,Central,Electronics,Bluetooth Speaker,1,172.71,0.1,155.44,81.01,74.42999999999999,0.478834276891405,2025-01,10231,Corporate,Central,Referral,
360,2025-10-08,North,Clothing,Casual Shirt,1,34.55,0.0,34.55,19.13,15.419999999999998,0.4463096960926194,2025-10,10348,Consumer,East,Referral,
361,2025-05-26,East,Electronics,Bluetooth Speaker,1,38.51,0.15,32.73,21.07,11.659999999999997,0.35624809043690797,2025-05,10479,Small Business,East,Paid Ads,
362,2025-04-10,South,Home & Kitchen,LED Lamp,2,79.32,0.0,158.64,105.26,53.37999999999998,0.3364851235501764,2025-04,10209,Consumer,North,Organic Search,
363,2025-08-25,South,Electronics,Wireless Headphones,2,148.14,0.1,266.65,190.93,75.71999999999997,0.28396774798424895,2025-08,10278,Corporate,West,Paid Ads,
364,2025-05-29,West,Home & Kitchen,LED Lamp,1,109.27,0.1,98.34,59.21,39.13,0.3979052267642872,2025-05,10053,Consumer,East,Referral,
365,2025-10-30,Central,Clothing,Jeans,1,70.43,0.1,63.39,41.93,21.46,0.3385392017668402,2025-10,10010,Consumer,East,Social Media,
366,2025-12-22,South,Clothing,Casual Shirt,1,62.96,0.0,62.96,33.06,29.9,0.4749047013977128,2025-12,10464,Consumer,Central,Organic Search,
367,2025-08-16,South,Electronics,Bluetooth Speaker,1,201.06,0.0,201.06,128.81,72.25,0.3593454690142246,2025-08,10158,Consumer,South,Organic Search,
368,2025-04-14,West,Clothing,Jeans,2,67.08,0.05,127.45,75.13,52.32000000000001,0.41051392703020795,2025-04,10019,Consumer,West,Email,
369,2025-08-12,Central,Sports,Dumbbells,1,61.51,0.05,58.43,33.14,25.29,0.43282560328598324,2025-08,10055,Consumer,East,Email,
370,2025-01-16,East,Home & Kitchen,Storage Set,1,64.51,0.0,64.51,39.78,24.730000000000004,0.38335141838474657,2025-01,10021,Consumer,South,Paid Ads,
371,2025-08-02,East,Clothing,Casual Shirt,3,57.67,0.1,155.71,99.51,56.2,0.3609273649733479,2025-08,10282,Consumer,West,Social Media,
372,2025-07-24,West,Home & Kitchen,Storage Set,1,85.46,0.15,72.64,49.17,23.47,0.3231002202643172,2025-07,10417,Corporate,South,Social Media,
373,2025-10-05,North,Home & Kitchen,Mixer Grinder,1,127.63,0.1,114.87,76.5,38.370000000000005,0.3340297727866284,2025-10,10285,Consumer,South,Email,
374,2025-10-28,East,Electronics,Smart Watch,1,134.55,0.0,134.55,91.74,42.81000000000002,0.3181716833890748,2025-10,10511,Corporate,Central,Email,
375,2025-07-07,North,Electronics,Wireless Headphones,1,157.73,0.15,134.07,81.48,52.58999999999999,0.392257775788767,2025-07,10396,Small Business,North,Referral,
376,2025-03-25,West,Sports,Yoga Mat,1,74.42,0.1,66.98,51.04,15.940000000000005,0.23798148701104813,2025-03,10120,Consumer,South,Organic Search,
377,2025-10-04,Central,Electronics,Power Bank,1,121.27,0.0,121.27,78.84,42.42999999999999,0.3498804320936752,2025-10,10097,Consumer,West,Email,
378,2025-08-11,East,Clothing,Jeans,2,64.0,0.05,121.6,80.51,41.08999999999999,0.33791118421052624,2025-08,10120,Consumer,South,Organic Search,
379,2025-02-19,East,Electronics,Wireless Headphones,1,130.13,0.0,130.13,101.33,28.799999999999997,0.22131714439406747,2025-02,10153,Consumer,South,Referral,
380,2025-02-17,East,Home & Kitchen,LED Lamp,3,95.41,0.0,286.23,219.64,66.59000000000003,0.23264507563847264,2025-02,10245,Consumer,South,Social Media,
381,2025-06-03,West,Sports,Yoga Mat,1,79.98,0.0,79.98,46.04,33.940000000000005,0.4243560890222556,2025-06,10516,Consumer,South,Email,
382,2025-09-02,South,Beauty,Face Serum,2,39.1,0.15,66.47,51.16,15.310000000000002,0.2303294719422296,2025-09,10393,Consumer,West,Referral,
383,2025-02-08,North,Sports,Fitness Band,1,97.84,0.0,97.84,67.17,30.67,0.3134709730171709,2025-02,10143,Small Business,East,Social Media,
384,2025-03-15,West,Electronics,Power Bank,2,113.59,0.15,193.1,130.69,62.41,0.32320041429311236,2025-03,10504,Consumer,West,Organic Search,
385,2025-10-05,Central,Home & Kitchen,LED Lamp,1,69.03,0.05,65.58,47.88,17.699999999999996,0.26989935956084166,2025-10,10220,Consumer,North,Email,
386,2025-09-22,East,Electronics,Wireless Headphones,1,135.75,0.1,122.18,67.3,54.88000000000001,0.4491733507939107,2025-09,10160,Corporate,East,Referral,
387,2025-06-12,East,Sports,Yoga Mat,1,53.18,0.05,50.52,36.18,14.340000000000003,0.28384798099762476,2025-06,10076,Consumer,South,Paid Ads,
388,2025-12-15,West,Sports,Dumbbells,1,89.05,0.1,80.14,62.35,17.79,0.22198652358372847,2025-12,10032,Small Business,West,Referral,
389,2025-09-23,East,Clothing,Jeans,1,44.06,0.15,37.45,20.47,16.980000000000004,0.45340453938584785,2025-09,10334,Consumer,East,Social Media,
390,2025-08-25,North,Electronics,Wireless Headphones,1,99.92,0.2,79.94,44.65,35.29,0.4414560920690518,2025-08,10440,Consumer,South,Organic Search,
391,2025-04-19,West,Sports,Yoga Mat,1,29.81,0.0,29.81,22.01,7.799999999999997,0.2616571620261656,2025-04,10352,Consumer,North,Organic Search,
392,2025-05-12,South,Home & Kitchen,Storage Set,2,117.83,0.15,200.31,126.01,74.3,0.3709250661474714,2025-05,10339,Consumer,South,Social Media,
393,2025-11-20,South,Sports,Running Shoes,1,42.21,0.0,42.21,31.33,10.880000000000003,0.25775882492300406,2025-11,10400,Consumer,South,Email,
394,2025-07-08,West,Sports,Yoga Mat,1,71.62,0.0,71.62,52.64,18.980000000000004,0.26500977380619944,2025-07,10396,Small Business,North,Referral,
395,2025-04-26,Central,Clothing,Jacket,1,55.97,0.05,53.17,28.28,24.89,0.46812112093285685,2025-04,10202,Consumer,East,Organic Search,
396,2025-07-07,Central,Electronics,Smart Watch,1,164.03,0.05,155.83,104.95,50.88000000000001,0.3265096579605981,2025-07,10093,Consumer,East,Organic Search,
397,2025-10-30,West,Beauty,Perfume,1,27.82,0.0,27.82,14.48,13.34,0.47951114306254494,2025-10,10358,Consumer,East,Email,
398,2025-12-09,South,Sports,Running Shoes,1,45.24,0.1,40.72,25.58,15.14,0.3718074656188605,2025-12,10396,Small Business,North,Referral,
399,2025-02-16,West,Home & Kitchen,Mixer Grinder,2,60.87,0.0,121.74,73.97,47.769999999999996,0.392393625759816,2025-02,10060,Consumer,Central,Email,
400,2025-09-29,East,Sports,Fitness Band,2,48.19,0.05,91.56,51.17,40.39,0.441131498470948,2025-09,10477,Small Business,North,Paid Ads,
401,2025-01-10,North,Home & Kitchen,Mixer Grinder,1,90.76,0.05,86.22,66.18,20.039999999999992,0.23242867084203192,2025-01,10001,Consumer,West,Referral,
402,2025-04-12,North,Home & Kitchen,LED Lamp,1,67.25,0.1,60.52,43.41,17.110000000000007,0.2827164573694647,2025-04,10311,Small Business,Central,Organic Search,
403,2025-07-17,North,Clothing,Casual Shirt,1,54.25,0.0,54.25,30.75,23.5,0.43317972350230416,2025-07,10168,Consumer,North,Paid Ads,
404,2025-09-08,North,Electronics,Smart Watch,1,135.07,0.15,114.81,67.88,46.93000000000001,0.4087623029352844,2025-09,10192,Small Business,Central,Referral,
405,2025-06-24,Central,Electronics,Wireless Headphones,1,88.35,0.0,88.35,63.51,24.839999999999996,0.2811544991511035,2025-06,10034,Consumer,North,Referral,
406,2025-12-18,West,Sports,Yoga Mat,1,73.26,0.05,69.6,45.36,24.239999999999995,0.3482758620689655,2025-12,10034,Consumer,North,Referral,
407,2025-09-04,West,Home & Kitchen,Storage Set,2,85.74,0.1,154.33,114.09,40.24000000000001,0.26073997278558936,2025-09,10417,Corporate,South,Social Media,
408,2025-12-05,Central,Clothing,Casual Shirt,2,50.02,0.05,95.04,73.32,21.720000000000013,0.22853535353535365,2025-12,10158,Consumer,South,Organic Search,
409,2025-05-31,South,Clothing,Sneakers,1,61.48,0.1,55.33,38.51,16.82,0.30399421651906744,2025-05,10500,Consumer,West,Organic Search,
410,2025-04-24,East,Sports,Dumbbells,1,59.49,0.0,59.49,35.77,23.72,0.39872247436543956,2025-04,10366,Consumer,South,Email,
411,2025-10-10,West,Clothing,Jacket,1,56.07,0.0,56.07,33.63,22.439999999999998,0.40021401819154623,2025-10,10340,Consumer,Central,Referral,
412,2025-02-28,North,Clothing,Casual Shirt,1,45.15,0.15,38.38,26.0,12.380000000000003,0.32256383533090155,2025-02,10335,Consumer,North,Paid Ads,
413,2025-10-16,Central,Home & Kitchen,LED Lamp,1,68.57,0.0,68.57,42.46,26.109999999999992,0.38077876622429624,2025-10,10327,Consumer,East,Email,
414,2025-11-06,Central,Beauty,Skin Care Kit,1,42.37,0.0,42.37,26.64,15.729999999999997,0.37125324522067493,2025-11,10114,Consumer,East,Organic Search,
415,2025-02-27,Central,Electronics,Wireless Headphones,1,119.08,0.2,95.26,52.09,43.17,0.45318076842326266,2025-02,10418,Corporate,North,Organic Search,
416,2025-08-07,North,Sports,Yoga Mat,1,60.14,0.1,54.13,34.1,20.03,0.3700351006835396,2025-08,10468,Consumer,West,Referral,
417,2025-06-15,South,Home & Kitchen,Storage Set,1,118.21,0.1,106.39,70.53,35.86,0.337061753924241,2025-06,10143,Small Business,East,Social Media,
418,2025-02-10,West,Clothing,Sneakers,1,56.84,0.15,48.31,25.98,22.330000000000002,0.4622231422065825,2025-02,10309,Corporate,North,Email,
419,2025-10-10,South,Clothing,Jacket,1,86.51,0.1,77.86,48.04,29.82,0.38299511944515796,2025-10,10401,Consumer,North,Email,
420,2025-09-15,Central,Home & Kitchen,LED Lamp,1,97.27,0.0,97.27,57.44,39.83,0.4094787704328159,2025-09,10320,Consumer,North,Paid Ads,
421,2025-04-08,North,Electronics,Bluetooth Speaker,1,138.53,0.0,138.53,93.2,45.33,0.32722154046055,2025-04,10212,Consumer,West,Organic Search,
422,2025-06-13,East,Electronics,Wireless Headphones,1,131.44,0.05,124.87,73.15,51.72,0.41419075838872427,2025-06,10317,Consumer,East,Paid Ads,
423,2025-11-26,South,Sports,Fitness Band,1,90.93,0.0,90.93,63.01,27.92000000000001,0.3070493786429122,2025-11,10185,Consumer,South,Paid Ads,
424,2025-09-28,West,Beauty,Hair Dryer,1,47.81,0.1,43.03,32.61,10.420000000000002,0.24215663490587966,2025-09,10205,Consumer,South,Email,
425,2025-02-08,North,Home & Kitchen,Air Fryer,1,124.02,0.1,111.62,63.96,47.660000000000004,0.42698441139580723,2025-02,10364,Consumer,Central,Organic Search,
426,2025-03-10,East,Beauty,Skin Care Kit,1,46.05,0.0,46.05,26.92,19.129999999999995,0.4154180238870792,2025-03,10216,Corporate,South,Social Media,
427,2025-04-04,South,Electronics,Power Bank,1,72.72,0.05,69.08,46.6,22.479999999999997,0.32541980312680946,2025-04,10246,Consumer,East,Email,
428,2025-06-23,East,Sports,Dumbbells,2,58.23,0.15,98.99,65.48,33.50999999999999,0.33851904232750774,2025-06,10239,Small Business,West,Email,
429,2025-10-22,North,Clothing,Casual Shirt,1,48.94,0.0,48.94,35.62,13.32,0.2721700040866367,2025-10,10391,Corporate,North,Organic Search,
430,2025-12-07,South,Beauty,Face Serum,2,56.46,0.1,101.63,73.65,27.97999999999999,0.275312407753616,2025-12,10520,Consumer,Central,Paid Ads,
431,2025-12-01,West,Clothing,Sneakers,1,54.97,0.05,52.22,29.11,23.11,0.44255074684029105,2025-12,10277,Consumer,South,Organic Search,
432,2025-09-17,Central,Home & Kitchen,Storage Set,1,108.49,0.05,103.07,54.18,48.88999999999999,0.47433782866013385,2025-09,10202,Consumer,East,Organic Search,
433,2025-04-12,Central,Home & Kitchen,LED Lamp,2,85.65,0.05,162.74,112.35,50.390000000000015,0.30963500061447713,2025-04,10214,Corporate,West,Paid Ads,
434,2025-04-19,West,Electronics,Wireless Headphones,2,107.36,0.15,182.51,130.34,52.16999999999999,0.28584735083009144,2025-04,10478,Consumer,North,Referral,
435,2025-10-04,Central,Home & Kitchen,LED Lamp,1,55.69,0.05,52.91,34.88,18.029999999999994,0.34076734076734067,2025-10,10508,Corporate,South,Paid Ads,
436,2025-02-24,Central,Home & Kitchen,LED Lamp,2,61.51,0.1,110.72,63.79,46.93,0.4238619942196532,2025-02,10075,Consumer,West,Referral,
437,2025-01-06,East,Home & Kitchen,Mixer Grinder,1,59.83,0.0,59.83,45.17,14.659999999999997,0.24502757813805778,2025-01,10142,Small Business,South,Referral,
438,2025-03-17,East,Beauty,Skin Care Kit,1,31.41,0.15,26.7,18.58,8.120000000000001,0.30411985018726595,2025-03,10322,Corporate,North,Email,
439,2025-04-22,Central,Home & Kitchen,Storage Set,1,90.61,0.0,90.61,63.47,27.14,0.29952543869330095,2025-04,10461,Corporate,East,Organic Search,
440,2025-04-04,North,Electronics,Power Bank,2,88.87,0.05,168.85,122.46,46.39,0.27474089428486825,2025-04,10146,Consumer,East,Organic Search,
441,2025-06-11,North,Home & Kitchen,Mixer Grinder,1,73.71,0.05,70.02,38.33,31.689999999999998,0.4525849757212225,2025-06,10054,Consumer,North,Paid Ads,
442,2025-05-27,West,Electronics,Bluetooth Speaker,1,134.28,0.0,134.28,83.48,50.8,0.37831397080726836,2025-05,10356,Consumer,East,Email,
443,2025-06-24,South,Clothing,Sneakers,1,30.58,0.05,29.05,20.37,8.68,0.2987951807228916,2025-06,10277,Consumer,South,Organic Search,
444,2025-04-03,Central,Electronics,Smart Watch,1,56.83,0.05,53.99,36.15,17.840000000000003,0.33043156140025937,2025-04,10400,Consumer,South,Email,
445,2025-11-21,South,Clothing,Casual Shirt,1,41.21,0.1,37.09,21.28,15.810000000000002,0.42626044755998926,2025-11,10516,Consumer,South,Email,
446,2025-03-03,North,Sports,Dumbbells,2,57.57,0.2,92.11,66.49,25.620000000000005,0.27814569536423844,2025-03,10499,Corporate,South,Organic Search,
447,2025-01-25,West,Beauty,Skin Care Kit,1,62.72,0.1,56.45,33.07,23.380000000000003,0.4141718334809566,2025-01,10311,Small Business,Central,Organic Search,
448,2025-12-30,East,Clothing,Jacket,2,69.76,0.1,125.57,92.83,32.739999999999995,0.260731066337501,2025-12,10271,Consumer,North,Organic Search,
449,2025-06-30,North,Home & Kitchen,Storage Set,1,87.48,0.15,74.36,47.68,26.68,0.3587950511027434,2025-06,10449,Consumer,South,Social Media,
450,2025-01-06,West,Beauty,Skin Care Kit,1,36.67,0.0,36.67,19.47,17.200000000000003,0.46904826833924196,2025-01,10112,Small Business,Central,Social Media,
451,2025-02-14,West,Electronics,Power Bank,3,126.44,0.0,379.32,234.28,145.04,0.3823684488031214,2025-02,10239,Small Business,West,Email,
452,2025-07-25,East,Sports,Dumbbells,1,54.81,0.05,52.07,28.02,24.05,0.4618782408296524,2025-07,10144,Small Business,North,Organic Search,
453,2025-08-23,South,Clothing,Jacket,1,68.81,0.1,61.93,32.34,29.589999999999996,0.47779751332149195,2025-08,10374,Small Business,East,Referral,
454,2025-07-26,North,Clothing,Casual Shirt,1,74.63,0.1,67.17,36.59,30.58,0.4552627661158255,2025-07,10020,Consumer,South,Email,
455,2025-07-28,East,Clothing,Casual Shirt,1,65.85,0.1,59.26,38.8,20.46,0.3452581842726966,2025-07,10289,Corporate,West,Email,
456,2025-08-08,Central,Clothing,Jacket,1,67.15,0.05,63.79,44.16,19.630000000000003,0.30772848408841513,2025-08,10197,Corporate,East,Email,
457,2025-03-03,South,Electronics,Power Bank,2,177.12,0.15,301.1,201.88,99.22000000000003,0.32952507472600473,2025-03,10382,Consumer,East,Paid Ads,
458,2025-02-28,North,Home & Kitchen,Air Fryer,1,104.0,0.0,104.0,59.55,44.45,0.4274038461538462,2025-02,10492,Small Business,North,Referral,
459,2025-08-06,South,Electronics,Bluetooth Speaker,2,133.41,0.1,240.14,159.71,80.42999999999998,0.3349296243857749,2025-08,10164,Corporate,West,Organic Search,
460,2025-03-03,North,Electronics,Bluetooth Speaker,2,142.03,0.1,255.65,185.86,69.78999999999999,0.27299041658517503,2025-03,10249,Consumer,East,Paid Ads,
461,2025-04-20,Central,Electronics,Smart Watch,1,125.37,0.1,112.83,72.26,40.56999999999999,0.3595674909155366,2025-04,10068,Consumer,Central,Referral,
462,2025-10-06,West,Clothing,Sneakers,1,31.42,0.1,28.28,20.7,7.580000000000002,0.2680339462517681,2025-10,10021,Consumer,South,Paid Ads,
463,2025-04-06,East,Beauty,Perfume,1,34.85,0.0,34.85,18.43,16.42,0.47116212338593977,2025-04,10512,Consumer,East,Social Media,
464,2025-02-25,East,Beauty,Perfume,1,39.26,0.1,35.33,21.34,13.989999999999998,0.3959807529012171,2025-02,10390,Consumer,North,Referral,
465,2025-06-25,East,Clothing,Sneakers,2,47.78,0.05,90.78,48.79,41.99,0.46254681647940077,2025-06,10111,Consumer,West,Social Media,
466,2025-12-31,East,Sports,Dumbbells,2,76.73,0.1,138.11,96.03,42.08000000000001,0.30468467163854906,2025-12,10460,Consumer,South,Organic Search,
467,2025-10-31,Central,Electronics,Bluetooth Speaker,1,125.79,0.15,106.92,79.2,27.72,0.25925925925925924,2025-10,10078,Consumer,West,Organic Search,
468,2025-12-22,East,Electronics,Smart Watch,1,117.72,0.15,100.06,70.4,29.659999999999997,0.29642214671197276,2025-12,10434,Corporate,Central,Referral,
469,2025-01-19,East,Electronics,Bluetooth Speaker,1,128.38,0.05,121.96,94.83,27.129999999999995,0.22244998360118068,2025-01,10380,Consumer,South,Social Media,
470,2025-05-19,South,Clothing,Casual Shirt,1,71.09,0.0,71.09,48.0,23.090000000000003,0.3247995498663666,2025-05,10440,Consumer,South,Organic Search,
471,2025-06-19,West,Home & Kitchen,Air Fryer,1,23.62,0.05,22.44,16.69,5.75,0.25623885918003564,2025-06,10339,Consumer,South,Social Media,
472,2025-02-24,South,Sports,Running Shoes,1,40.29,0.05,38.28,26.62,11.66,0.3045977011494253,2025-02,10424,Consumer,Central,Referral,
473,2025-12-05,North,Electronics,Bluetooth Speaker,1,185.94,0.1,167.35,115.24,52.11,0.31138332835374966,2025-12,10169,Consumer,East,Email,
474,2025-08-30,North,Clothing,Jacket,1,55.06,0.0,55.06,29.24,25.820000000000004,0.468942971304032,2025-08,10262,Small Business,South,Paid Ads,
475,2025-06-15,East,Beauty,Hair Dryer,1,37.99,0.05,36.09,25.2,10.890000000000004,0.3017456359102245,2025-06,10229,Consumer,Central,Referral,
476,2025-08-18,South,Clothing,Jeans,1,35.47,0.0,35.47,23.73,11.739999999999998,0.3309839300817592,2025-08,10161,Small Business,North,Paid Ads,
477,2025-07-28,West,Sports,Running Shoes,1,68.53,0.1,61.68,33.14,28.54,0.4627107652399481,2025-07,10427,Consumer,East,Referral,
478,2025-08-27,East,Sports,Fitness Band,1,49.78,0.05,47.29,30.76,16.529999999999998,0.3495453584267286,2025-08,10122,Consumer,East,Referral,
479,2025-08-11,North,Beauty,Perfume,2,37.15,0.0,74.3,51.99,22.309999999999995,0.30026917900403766,2025-08,10149,Small Business,Central,Social Media,
480,2025-11-05,West,Home & Kitchen,Storage Set,2,72.88,0.0,145.76,88.96,56.8,0.3896816684961581,2025-11,10111,Consumer,West,Social Media,
481,2025-02-27,South,Beauty,Perfume,2,45.53,0.1,81.95,51.48,30.470000000000006,0.37181208053691284,2025-02,10221,Corporate,East,Organic Search,
482,2025-03-25,East,Home & Kitchen,Mixer Grinder,1,38.66,0.0,38.66,21.79,16.869999999999997,0.43636833936885666,2025-03,10064,Consumer,West,Referral,
483,2025-04-03,West,Sports,Yoga Mat,3,34.02,0.1,91.85,55.55,36.3,0.39520958083832336,2025-04,10354,Small Business,South,Email,
484,2025-04-11,South,Beauty,Perfume,1,34.82,0.1,31.34,16.81,14.530000000000001,0.4636247606892151,2025-04,10474,Consumer,North,Paid Ads,
485,2025-10-29,Central,Beauty,Skin Care Kit,2,34.52,0.1,62.14,43.73,18.410000000000004,0.29626649501126495,2025-10,10485,Consumer,East,Referral,
486,2025-04-22,West,Home & Kitchen,Mixer Grinder,1,73.76,0.0,73.76,50.32,23.440000000000005,0.31778741865509763,2025-04,10013,Consumer,East,Social Media,
487,2025-08-14,North,Home & Kitchen,Air Fryer,1,79.09,0.1,71.18,42.23,28.95000000000001,0.4067153694858107,2025-08,10153,Consumer,South,Referral,
488,2025-04-16,Central,Electronics,Wireless Headphones,1,126.36,0.1,113.72,82.11,31.61,0.27796341892367216,2025-04,10239,Small Business,West,Email,
489,2025-11-28,West,Sports,Yoga Mat,2,65.3,0.05,124.07,85.68,38.389999999999986,0.3094221004271781,2025-11,10190,Consumer,West,Organic Search,
490,2025-10-22,West,Clothing,Jacket,1,49.58,0.15,42.14,26.37,15.77,0.37422876127195065,2025-10,10086,Consumer,East,Email,
491,2025-04-05,West,Home & Kitchen,LED Lamp,1,85.87,0.05,81.58,52.81,28.769999999999996,0.3526599656778622,2025-04,10021,Consumer,South,Paid Ads,
492,2025-04-30,West,Sports,Fitness Band,1,42.16,0.1,37.94,21.12,16.819999999999997,0.44333157617290453,2025-04,10319,Corporate,West,Referral,
493,2025-07-19,North,Electronics,Bluetooth Speaker,1,134.85,0.0,134.85,102.63,32.22,0.2389321468298109,2025-07,10158,Consumer,South,Organic Search,
494,2025-06-26,East,Beauty,Perfume,2,35.18,0.05,66.84,36.27,30.57,0.4573608617594255,2025-06,10481,Consumer,North,Email,
495,2025-01-13,Central,Beauty,Skin Care Kit,1,41.52,0.05,39.44,26.55,12.889999999999997,0.3268255578093306,2025-01,10076,Consumer,South,Paid Ads,
496,2025-09-30,South,Sports,Running Shoes,1,34.63,0.05,32.9,19.09,13.809999999999999,0.41975683890577503,2025-09,10329,Consumer,East,Email,
497,2025-08-17,North,Electronics,Bluetooth Speaker,1,88.53,0.0,88.53,66.95,21.58,0.2437591776798825,2025-08,10416,Consumer,East,Social Media,
498,2025-10-13,Central,Beauty,Face Serum,1,32.52,0.05,30.89,19.52,11.370000000000001,0.3680802848818388,2025-10,10203,Consumer,South,Referral,
499,2025-12-03,East,Beauty,Face Serum,1,62.66,0.1,56.39,29.99,26.400000000000002,0.46816811491399185,2025-12,10229,Consumer,Central,Referral,
500,2025-06-29,North,Clothing,Casual Shirt,1,50.66,0.1,45.59,25.17,20.42,0.4479052423777144,2025-06,10152,Consumer,Central,Email,
501,2025-03-13,East,Beauty,Face Serum,2,22.6,0.0,45.2,32.02,13.18,0.29159292035398227,2025-03,10072,Small Business,North,Organic Search,
502,2025-04-13,East,Electronics,Wireless Headphones,1,109.87,0.0,109.87,58.72,51.150000000000006,0.4655501956858105,2025-04,10225,Consumer,West,Paid Ads,
503,2025-04-12,Central,Clothing,Casual Shirt,1,65.56,0.15,55.73,34.59,21.139999999999993,0.37932890723129364,2025-04,10473,Consumer,West,Organic Search,
504,2025-05-19,North,Beauty,Skin Care Kit,1,60.7,0.1,54.63,31.74,22.890000000000004,0.4190005491488194,2025-05,10360,Corporate,Central,Paid Ads,
505,2025-01-28,South,Home & Kitchen,Mixer Grinder,1,77.4,0.1,69.66,48.51,21.15,0.30361757105943155,2025-01,10046,Consumer,North,Social Media,
506,2025-10-26,West,Clothing,Casual Shirt,2,58.31,0.1,104.96,62.15,42.809999999999995,0.4078696646341463,2025-10,10001,Consumer,West,Referral,
507,2025-09-09,East,Sports,Fitness Band,1,27.5,0.05,26.12,18.98,7.140000000000001,0.273353751914242,2025-09,10245,Consumer,South,Social Media,
508,2025-10-23,North,Electronics,Power Bank,1,139.45,0.0,139.45,84.96,54.489999999999995,0.3907493725349588,2025-10,10219,Small Business,East,Social Media,
509,2025-07-03,West,Sports,Fitness Band,2,39.73,0.0,79.46,46.28,33.17999999999999,0.41756858796878926,2025-07,10291,Consumer,South,Organic Search,
510,2025-09-07,South,Electronics,Bluetooth Speaker,3,112.7,0.05,321.2,208.91,112.28999999999999,0.3495952677459527,2025-09,10458,Consumer,Central,Email,
511,2025-04-23,East,Sports,Fitness Band,2,80.75,0.1,145.35,104.19,41.16,0.28317853457172343,2025-04,10204,Corporate,East,Referral,
512,2025-12-06,West,Electronics,Wireless Headphones,1,125.6,0.1,113.04,83.94,29.10000000000001,0.2574309978768578,2025-12,10202,Consumer,East,Organic Search,
513,2025-05-29,North,Sports,Dumbbells,1,62.37,0.1,56.13,42.91,13.220000000000006,0.23552467486192777,2025-05,10482,Consumer,Central,Email,
514,2025-10-21,Central,Beauty,Perfume,1,29.39,0.1,26.45,17.41,9.04,0.3417769376181474,2025-10,10511,Corporate,Central,Email,
515,2025-03-11,North,Home & Kitchen,Mixer Grinder,1,97.38,0.05,92.51,57.49,35.02,0.3785536698735272,2025-03,10278,Corporate,West,Paid Ads,
516,2025-08-15,East,Electronics,Power Bank,1,166.1,0.1,149.49,113.94,35.55000000000001,0.23780854906682727,2025-08,10016,Consumer,West,Organic Search,
517,2025-02-25,East,Home & Kitchen,Mixer Grinder,1,77.25,0.05,73.39,47.02,26.369999999999997,0.3593132579370486,2025-02,10356,Consumer,East,Email,
518,2025-12-26,West,Sports,Yoga Mat,1,66.7,0.15,56.7,41.03,15.670000000000002,0.2763668430335097,2025-12,10356,Consumer,East,Email,
519,2025-04-04,North,Clothing,Sneakers,1,28.14,0.15,23.92,17.53,6.390000000000001,0.26714046822742477,2025-04,10078,Consumer,West,Organic Search,
520,2025-02-21,North,Electronics,Smart Watch,1,139.56,0.0,139.56,74.4,65.16,0.466895958727429,2025-02,10067,Consumer,North,Referral,
521,2025-12-01,North,Clothing,Sneakers,1,55.46,0.0,55.46,38.77,16.689999999999998,0.30093761269383335,2025-12,10214,Corporate,West,Paid Ads,
522,2025-01-17,South,Electronics,Bluetooth Speaker,1,126.62,0.05,120.29,87.75,32.540000000000006,0.27051292709285896,2025-01,10449,Consumer,South,Social Media,
523,2025-05-23,Central,Electronics,Smart Watch,1,161.46,0.0,161.46,99.95,61.510000000000005,0.38096122878731575,2025-05,10433,Small Business,Central,Social Media,
524,2025-07-16,South,Home & Kitchen,Air Fryer,1,78.55,0.0,78.55,41.19,37.36,0.47562062380649267,2025-07,10115,Consumer,East,Social Media,
525,2025-08-30,South,Clothing,Casual Shirt,1,52.29,0.0,52.29,36.08,16.21,0.310001912411551,2025-08,10420,Consumer,South,Email,
526,2025-01-19,East,Home & Kitchen,Air Fryer,1,89.15,0.0,89.15,56.04,33.11000000000001,0.3713965227145261,2025-01,10499,Corporate,South,Organic Search,
527,2025-12-26,Central,Electronics,Bluetooth Speaker,1,144.01,0.05,136.81,100.79,36.019999999999996,0.2632848475988597,2025-12,10380,Consumer,South,Social Media,
528,2025-05-21,South,Home & Kitchen,Storage Set,1,34.08,,34.08,20.87,13.209999999999997,0.3876173708920187,2025-05,10143,Small Business,East,Social Media,
529,2025-07-09,West,Clothing,Casual Shirt,1,36.49,0.0,36.49,26.82,9.670000000000002,0.2650041107152645,2025-07,10024,Consumer,West,Email,
530,2025-05-16,East,Home & Kitchen,LED Lamp,1,71.14,0.1,64.03,34.89,29.14,0.45509917226300173,2025-05,10075,Consumer,West,Referral,
531,2025-08-18,South,Electronics,Bluetooth Speaker,1,127.57,0.1,114.81,71.74,43.07000000000001,0.3751415381935372,2025-08,10041,Small Business,South,Referral,
532,2025-06-22,Central,Electronics,Wireless Headphones,1,143.28,0.1,128.95,94.7,34.249999999999986,0.26560682435052335,2025-06,10413,Consumer,Central,Paid Ads,
533,2025-05-26,South,Electronics,Power Bank,2,53.91,0.15,91.65,53.64,38.010000000000005,0.4147299509001637,2025-05,10415,Consumer,South,Organic Search,
534,2025-11-19,South,Clothing,Casual Shirt,2,37.8,0.0,75.6,56.69,18.909999999999997,0.2501322751322751,2025-11,10449,Consumer,South,Social Media,
535,2025-10-18,North,Electronics,Wireless Headphones,1,82.38,0.0,82.38,61.2,21.179999999999993,0.257101238164603,2025-10,10436,Consumer,South,Organic Search,
536,2025-11-12,West,Home & Kitchen,LED Lamp,1,63.45,0.05,60.28,43.57,16.71,0.2772063702720637,2025-11,10239,Small Business,West,Email,
537,2025-03-10,West,Clothing,Casual Shirt,1,40.16,0.0,40.16,30.15,10.009999999999998,0.24925298804780874,2025-03,10042,Corporate,East,Referral,
538,2025-01-25,South,Clothing,Jeans,2,45.39,0.0,90.78,60.55,30.230000000000004,0.33300286406697516,2025-01,10010,Consumer,East,Social Media,
539,2025-02-17,South,Sports,Yoga Mat,1,84.72,0.0,84.72,47.57,37.15,0.4385033050047214,2025-02,10265,Consumer,North,Paid Ads,
540,2025-07-28,South,Electronics,Bluetooth Speaker,1,100.97,0.1,90.87,70.28,20.590000000000003,0.22658743259601632,2025-07,10445,Consumer,South,Referral,
541,2025-07-06,South,Sports,Running Shoes,2,57.94,0.0,115.88,86.11,29.769999999999996,0.25690369347600966,2025-07,10139,Small Business,North,Organic Search,
542,2025-03-17,West,Sports,Yoga Mat,2,39.72,0.0,79.44,42.14,37.3,0.4695367573011077,2025-03,10196,Consumer,East,Email,
543,2025-07-10,West,Home & Kitchen,Storage Set,1,81.29,0.05,77.23,55.25,21.980000000000004,0.2846044283309595,2025-07,10074,Corporate,South,Social Media,
544,2025-10-19,Central,Home & Kitchen,Mixer Grinder,1,63.97,0.0,63.97,38.55,25.42,0.3973737689541973,2025-10,10225,Consumer,West,Paid Ads,
545,2025-09-27,South,Electronics,Smart Watch,1,53.29,0.15,45.3,24.54,20.759999999999998,0.45827814569536424,2025-09,10102,Corporate,North,Email,
546,2025-08-16,West,Clothing,Jacket,1,45.61,0.05,43.33,26.3,17.029999999999998,0.3930302330948534,2025-08,10264,Consumer,North,Referral,
547,2025-11-15,West,Electronics,Smart Watch,1,137.73,0.05,130.84,93.0,37.84,0.2892081932130847,2025-11,10161,Small Business,North,Paid Ads,
548,2025-02-14,East,Home & Kitchen,LED Lamp,1,74.14,0.0,74.14,39.22,34.92,0.47100080927974103,2025-02,10233,Small Business,South,Paid Ads,
549,2025-02-07,West,Clothing,Casual Shirt,1,35.53,0.0,35.53,19.5,16.03,0.4511680270194202,2025-02,10491,Corporate,West,Paid Ads,
550,2025-01-05,West,Clothing,Casual Shirt,1,38.16,0.05,36.25,19.85,16.4,0.45241379310344826,2025-01,10311,Small Business,Central,Organic Search,
551,2025-04-16,West,Clothing,Sneakers,1,36.57,0.0,36.57,28.45,8.120000000000001,0.22203992343450918,2025-04,10227,Consumer,East,Organic Search,
552,2025-12-05,Central,Sports,Running Shoes,1,81.27,0.1,73.14,47.68,25.46,0.34809953513809133,2025-12,10273,Consumer,West,Paid Ads,
553,2025-10-29,Central,Beauty,Skin Care Kit,1,19.44,0.05,18.47,13.69,4.779999999999999,0.2587980508933405,2025-10,10317,Consumer,East,Paid Ads,
554,2025-11-02,West,Home & Kitchen,LED Lamp,2,62.43,0.05,118.62,85.72,32.900000000000006,0.2773562636992076,2025-11,10086,Consumer,East,Email,
555,2025-04-16,West,Electronics,Wireless Headphones,1,138.57,0.1,124.71,90.51,34.19999999999999,0.27423622804907377,2025-04,10291,Consumer,South,Organic Search,
556,2025-07-14,West,Electronics,Smart Watch,1,82.77,0.0,82.77,63.78,18.989999999999995,0.2294309532439289,2025-07,10469,Consumer,North,Referral,
557,2025-06-15,West,Electronics,Bluetooth Speaker,1,174.54,0.05,165.81,104.72,61.09,0.3684337494722876,2025-06,10404,Corporate,South,Organic Search,
558,2025-12-27,South,Beauty,Face Serum,1,50.27,0.15,42.73,25.82,16.909999999999997,0.3957406974022934,2025-12,10427,Consumer,East,Referral,
559,2025-06-11,South,Electronics,Smart Watch,1,156.05,0.0,156.05,110.93,45.120000000000005,0.28913809676385777,2025-06,10375,Consumer,Central,Paid Ads,
560,2025-12-18,North,Clothing,Jacket,1,60.01,0.05,57.01,29.85,27.159999999999997,0.476407647781091,2025-12,10252,Consumer,Central,Organic Search,
561,2025-06-08,North,Electronics,Power Bank,1,143.16,0.1,128.84,83.5,45.34,0.35190934492393666,2025-06,10307,Corporate,South,Organic Search,
562,2025-12-25,Central,Sports,Yoga Mat,2,85.14,0.05,161.77,91.1,70.67000000000002,0.43685479384311066,2025-12,10430,Consumer,West,Referral,
563,2025-02-05,Central,Electronics,Smart Watch,2,128.86,0.15,219.06,122.49,96.57000000000001,0.44083812654067384,2025-02,10264,Consumer,North,Referral,
564,2025-04-06,North,Home & Kitchen,Mixer Grinder,2,72.67,0.2,116.27,78.76,37.50999999999999,0.32261116367076625,2025-04,10068,Consumer,Central,Referral,
565,2025-08-19,West,Beauty,Perfume,2,30.13,0.1,54.23,37.13,17.099999999999994,0.315323621611654,2025-08,10107,Consumer,Central,Referral,
566,2025-01-15,West,Home & Kitchen,Air Fryer,2,64.05,0.0,128.1,70.82,57.28,0.4471506635441062,2025-01,10400,Consumer,South,Email,
567,2025-07-25,East,Sports,Running Shoes,2,51.16,0.05,97.2,68.97,28.230000000000004,0.29043209876543213,2025-07,10199,Corporate,South,Paid Ads,
568,2025-07-09,Central,Electronics,Bluetooth Speaker,1,129.65,0.05,123.17,68.79,54.379999999999995,0.4415036128927498,2025-07,10192,Small Business,Central,Referral,
569,2025-11-21,West,Sports,Dumbbells,2,89.25,0.05,169.58,117.56,52.02000000000001,0.30675787239061214,2025-11,10514,Consumer,East,Organic Search,
570,2025-03-16,East,Electronics,Power Bank,1,127.61,0.0,127.61,69.56,58.05,0.45490165347543293,2025-03,10442,Consumer,Central,Social Media,
571,2025-05-09,North,Clothing,Jeans,1,53.61,0.0,53.61,34.52,19.089999999999996,0.35609028166386864,2025-05,10001,Consumer,West,Referral,
572,2025-05-11,West,Home & Kitchen,LED Lamp,1,101.89,0.0,101.89,56.51,45.38,0.44538227500245364,2025-05,10358,Consumer,East,Email,
573,2025-10-02,East,Electronics,Bluetooth Speaker,1,66.99,0.1,60.29,38.03,22.259999999999998,0.369215458616686,2025-10,10115,Consumer,East,Social Media,
574,2025-04-21,Central,Clothing,Casual Shirt,1,62.26,0.1,56.03,33.62,22.410000000000004,0.3999643048366947,2025-04,10197,Corporate,East,Email,
575,2025-01-20,East,Beauty,Skin Care Kit,1,39.4,0.05,37.43,24.73,12.7,0.33930002671653753,2025-01,10274,Corporate,North,Referral,
576,2025-06-03,South,Beauty,Skin Care Kit,1,29.0,0.05,27.55,16.0,11.55,0.4192377495462795,2025-06,10160,Corporate,East,Referral,
577,2025-08-08,North,Beauty,Hair Dryer,1,32.45,0.05,30.83,21.27,9.559999999999999,0.31008757703535517,2025-08,10173,Consumer,East,Social Media,
578,2025-09-24,Central,Sports,Fitness Band,1,37.24,0.1,33.52,20.61,12.910000000000004,0.3851431980906922,2025-09,10458,Consumer,Central,Email,
579,2025-03-29,North,Sports,Fitness Band,1,28.14,0.15,23.92,12.57,11.350000000000001,0.47449832775919737,2025-03,10433,Small Business,Central,Social Media,
580,2025-03-16,North,Sports,Yoga Mat,1,79.72,0.0,79.72,55.46,24.259999999999998,0.30431510286001,2025-03,10481,Consumer,North,Email,
581,2025-02-23,Central,Clothing,Jeans,1,58.36,0.2,46.69,28.87,17.819999999999997,0.38166630970229165,2025-02,10455,Corporate,South,Referral,
582,2025-07-27,West,Home & Kitchen,LED Lamp,1,58.07,0.0,58.07,37.73,20.340000000000003,0.3502669192354056,2025-07,10196,Consumer,East,Email,
583,2025-11-16,North,Home & Kitchen,Storage Set,1,113.9,0.05,108.2,67.43,40.769999999999996,0.3768022181146025,2025-11,10309,Corporate,North,Email,
584,2025-11-02,East,Sports,Running Shoes,1,91.96,0.0,91.96,52.14,39.81999999999999,0.4330143540669856,2025-11,10494,Consumer,West,Organic Search,
585,2025-09-17,North,Home & Kitchen,Air Fryer,1,75.47,0.1,67.92,47.65,20.270000000000003,0.29843934040047115,2025-09,10439,Small Business,Central,Referral, 
586,2025-10-19,South,Electronics,Smart Watch,2,122.59,0.05,232.92,142.04,90.88,0.39017688476730206,2025-10,10359,Consumer,Central,Social Media,
587,2025-02-16,East,Clothing,Sneakers,1,51.85,0.0,51.85,28.9,22.950000000000003,0.4426229508196722,2025-02,10036,Consumer,East,Referral,
588,2025-02-08,North,Home & Kitchen,LED Lamp,1,98.01,0.05,93.11,56.14,36.97,0.3970572441198582,2025-02,10034,Consumer,North,Referral,
589,2025-12-12,South,Beauty,Hair Dryer,1,24.41,0.0,24.41,17.0,7.41,0.3035641130684146,2025-12,10088,Corporate,Central,Social Media,
590,2025-04-05,Central,Electronics,Smart Watch,1,86.03,0.1,77.43,49.72,27.710000000000008,0.3578716259847605,2025-04,10016,Consumer,West,Organic Search,
591,2025-06-21,South,Electronics,Smart Watch,1,97.32,0.05,92.45,63.55,28.900000000000006,0.3126014061654949,2025-06,10421,Small Business,East,Social Media,
592,2025-12-30,East,Clothing,Sneakers,1,48.79,0.1,43.91,33.17,10.739999999999995,0.244591209291733,2025-12,10126,Consumer,North,Organic Search,
593,2025-06-21,South,Electronics,Bluetooth Speaker,2,60.33,0.1,108.59,72.13,36.46000000000001,0.33575835712312374,2025-06,10008,Consumer,East,Referral,
594,2025-06-16,West,Beauty,Face Serum,1,51.92,0.0,51.92,38.69,13.230000000000004,0.25481510015408326,2025-06,10472,Consumer,East,Social Media,
595,2025-02-11,Central,Home & Kitchen,Storage Set,1,51.14,0.0,51.14,34.63,16.509999999999998,0.3228392647633946,2025-02,10468,Consumer,West,Referral,
596,2025-05-03,East,Clothing,Jeans,1,59.51,0.05,56.53,38.59,17.939999999999998,0.31735361754820446,2025-05,10510,Consumer,North,Email,
597,2025-03-08,South,Electronics,Power Bank,1,64.06,0.15,54.45,41.8,12.650000000000006,0.2323232323232324,2025-03,10402,Small Business,East,Email,
598,2025-01-16,Central,Electronics,Power Bank,1,167.72,0.0,167.72,111.34,56.379999999999995,0.3361554972573336,2025-01,10176,Corporate,North,Social Media,
599,2025-07-27,North,Sports,Yoga Mat,1,68.19,0.1,61.37,32.64,28.729999999999997,0.4681440443213296,2025-07,10367,Consumer,South,Social Media,
600,2025-11-30,North,Electronics,Power Bank,4,75.09,0.1,270.32,193.75,76.57,0.28325688073394495,2025-11,10488,Consumer,North,Email,
601,2025-11-30,West,Electronics,Bluetooth Speaker,4,130.72,0.0,522.88,323.85,199.02999999999997,0.38064182986536105,2025-11,10018,Consumer,South,Paid Ads,
602,2025-06-09,North,Electronics,Power Bank,1,124.4,0.0,124.4,75.4,49.0,0.39389067524115756,2025-06,10056,Consumer,Central,Organic Search,
603,2025-07-16,North,Home & Kitchen,LED Lamp,1,91.85,0.0,91.85,59.47,32.379999999999995,0.35253130103429503,2025-07,10035,Consumer,West,Referral,
604,2025-06-24,West,Electronics,Smart Watch,2,121.91,0.1,219.44,145.31,74.13,0.33781443674808603,2025-06,10347,Small Business,Central,Email,
605,2025-01-14,Central,Electronics,Smart Watch,1,153.27,0.0,153.27,107.09,46.18000000000001,0.3012983623670647,2025-01,10032,Small Business,West,Referral,
606,2025-10-02,South,Electronics,Wireless Headphones,1,134.27,0.1,120.84,82.07,38.77000000000001,0.32083747103608085,2025-10,10133,Consumer,South,Referral,
607,2025-06-26,Central,Beauty,Perfume,1,53.45,0.1,48.1,35.85,12.25,0.25467775467775466,2025-06,10199,Corporate,South,Paid Ads,
608,2025-05-06,West,Clothing,Jeans,1,59.36,,56.39,39.23,17.160000000000004,0.30430927469409474,2025-05,10256,Consumer,North,Organic Search,
609,2025-05-14,East,Sports,Fitness Band,1,33.51,0.0,33.51,20.99,12.52,0.3736198149806028,2025-05,10342,Corporate,North,Email,
610,2025-05-26,North,Clothing,Sneakers,1,84.0,0.05,79.8,60.97,18.83,0.23596491228070174,2025-05,10231,Corporate,Central,Referral,
611,2025-06-19,South,Clothing,Sneakers,1,33.49,,30.14,15.87,14.270000000000001,0.473457199734572,2025-06,10301,Consumer,South,Paid Ads,
612,2025-10-14,Central,Electronics,Bluetooth Speaker,1,131.38,0.1,118.24,78.93,39.30999999999999,0.3324594046008118,2025-10,10026,Consumer,North,Organic Search,
613,2025-01-28,North,Beauty,Perfume,1,19.17,0.15,16.29,8.73,7.559999999999999,0.4640883977900552,2025-01,10474,Consumer,North,Paid Ads,
614,2025-02-07,Central,Electronics,Smart Watch,1,99.66,0.05,94.68,56.26,38.42000000000001,0.40578791719476137,2025-02,10387,Consumer,Central,Organic Search,
615,2025-08-29,West,Home & Kitchen,Mixer Grinder,2,77.47,0.0,154.94,105.77,49.17,0.31734865109074484,2025-08,10285,Consumer,South,Email,
616,2025-05-06,East,Home & Kitchen,Air Fryer,1,50.9,0.1,45.81,27.1,18.71,0.40842610783671685,2025-05,10450,Small Business,East,Social Media,
617,2025-05-09,South,Clothing,Jacket,1,50.42,0.1,45.38,34.37,11.010000000000005,0.24261789334508604,2025-05,10320,Consumer,North,Paid Ads,
618,2025-12-11,Central,Electronics,Smart Watch,1,164.08,0.1,147.67,91.56,56.109999999999985,0.3799688494616374,2025-12,10156,Consumer,West,Referral,
619,2025-01-30,North,Clothing,Casual Shirt,1,43.83,0.0,43.83,24.75,19.08,0.43531827515400406,2025-01,10471,Small Business,East,Paid Ads,
620,2025-01-04,North,Electronics,Power Bank,1,126.72,0.05,120.38,81.53,38.849999999999994,0.3227280279116132,2025-01,10420,Consumer,South,Email,
621,2025-09-15,Central,Home & Kitchen,Mixer Grinder,2,77.6,0.05,147.44,102.09,45.349999999999994,0.30758274552360276,2025-09,10113,Consumer,South,Email,
622,2025-03-08,North,Sports,Running Shoes,1,83.19,0.0,83.19,46.13,37.059999999999995,0.4454862363264815,2025-03,10422,Consumer,North,Email,
623,2025-11-04,South,Electronics,Bluetooth Speaker,1,188.87,0.0,188.87,135.44,53.43000000000001,0.28289299518187117,2025-11,10285,Consumer,South,Email,
624,2025-05-31,Central,Clothing,Jacket,1,55.01,0.2,44.01,30.27,13.739999999999998,0.3122017723244717,2025-05,10054,Consumer,North,Paid Ads,
625,2025-05-10,North,Home & Kitchen,Storage Set,2,76.15,0.0,152.3,81.35,70.95000000000002,0.46585686145764943,2025-05,10325,Consumer,North,Email,
626,2025-04-09,South,Beauty,Skin Care Kit,1,38.07,0.1,34.26,21.08,13.18,0.3847051955633392,2025-04,10458,Consumer,Central,Email,
627,2025-05-24,North,Electronics,Power Bank,1,103.15,0.0,103.15,58.97,44.18000000000001,0.4283082888996607,2025-05,10265,Consumer,North,Paid Ads,
628,2025-12-24,West,Home & Kitchen,Air Fryer,1,48.24,0.1,43.42,24.19,19.23,0.44288346384154764,2025-12,10382,Consumer,East,Paid Ads,
629,2025-03-21,West,Home & Kitchen,Storage Set,2,74.02,0.1,133.24,72.14,61.10000000000001,0.45857099969978987,2025-03,10213,Consumer,Central,Referral,
630,2025-02-03,West,Home & Kitchen,Air Fryer,1,90.37,0.15,76.81,57.06,19.75,0.25712797812784793,2025-02,10333,Corporate,West,Paid Ads,
631,2025-11-27,South,Electronics,Power Bank,1,105.57,0.0,105.57,73.27,32.3,0.30595813204508854,2025-11,10010,Consumer,East,Social Media,
632,2025-03-19,East,Electronics,Smart Watch,1,149.67,0.1,134.7,100.21,34.489999999999995,0.2560504825538233,2025-03,10358,Consumer,East,Email,
633,2025-04-19,North,Sports,Yoga Mat,1,57.86,0.1,52.07,37.95,14.119999999999997,0.2711734203956212,2025-04,10203,Consumer,South,Referral,
634,2025-09-03,Central,Clothing,Jacket,1,65.66,0.0,65.66,49.05,16.61,0.25296984465427963,2025-09,10058,Corporate,East,Organic Search,
635,2025-10-25,Central,Electronics,Bluetooth Speaker,3,117.93,0.0,353.79,259.45,94.34000000000003,0.2666553605246051,2025-10,10494,Consumer,West,Organic Search,
636,2025-08-15,Central,Clothing,Sneakers,1,54.35,0.05,51.63,34.96,16.67,0.3228742978888243,2025-08,10510,Consumer,North,Email,
637,2025-01-24,West,Sports,Dumbbells,1,87.17,0.05,82.81,61.99,20.82,0.2514189107595701,2025-01,10223,Small Business,South,Organic Search,
638,2025-01-27,South,Electronics,Smart Watch,1,155.53,0.0,155.53,83.74,71.79,0.46158297434578544,2025-01,10369,Consumer,West,Social Media,
639,2025-07-08,West,Clothing,Jacket,1,69.76,0.0,69.76,54.01,15.750000000000007,0.22577408256880743,2025-07,10418,Corporate,North,Organic Search,
640,2025-12-15,South,Clothing,Casual Shirt,1,60.27,0.0,60.27,39.61,20.660000000000004,0.34279077484652404,2025-12,10103,Corporate,West,Referral,
641,2025-11-06,South,Electronics,Bluetooth Speaker,2,228.97,0.0,457.94,355.14,102.80000000000001,0.2244835567978338,2025-11,10161,Small Business,North,Paid Ads,
642,2025-09-02,East,Electronics,Smart Watch,2,197.55,0.05,375.34,240.85,134.48999999999998,0.3583151276176267,2025-09,10200,Consumer,Central,Paid Ads,
643,2025-03-26,South,Sports,Running Shoes,1,43.17,0.0,43.17,30.89,12.280000000000001,0.2844567987028029,2025-03,10160,Corporate,East,Referral,
644,2025-01-16,East,Beauty,Face Serum,4,14.06,0.05,53.43,40.57,12.86,0.24068875163765674,2025-01,10136,Consumer,South,Paid Ads,
645,2025-06-06,East,Electronics,Power Bank,1,143.37,0.0,143.37,105.2,38.17,0.26623421915323986,2025-06,10398,Consumer,North,Paid Ads,
646,2025-05-12,West,Electronics,Smart Watch,1,216.91,0.0,216.91,152.58,64.32999999999998,0.2965746162002673,2025-05,10392,Small Business,South,Email,
647,2025-03-11,South,Electronics,Bluetooth Speaker,1,168.91,0.0,168.91,89.4,79.50999999999999,0.4707240542300633,2025-03,10106,Consumer,North,Referral,
648,2025-07-01,Central,Electronics,Smart Watch,1,147.13,0.1,132.42,71.65,60.76999999999998,0.4589185923576498,2025-07,10054,Consumer,North,Paid Ads,
649,2025-09-07,South,Beauty,Skin Care Kit,1,52.75,0.15,44.84,23.43,21.410000000000004,0.4774754683318466,2025-09,10277,Consumer,South,Organic Search,
650,2025-03-11,South,Home & Kitchen,Storage Set,2,80.63,0.0,161.26,107.44,53.81999999999999,0.3337467443879449,2025-03,10111,Consumer,West,Social Media,
651,2025-11-28,South,Clothing,Jeans,1,48.6,0.05,46.17,34.32,11.850000000000001,0.25666016894087074,2025-11,10224,Consumer,South,Paid Ads,
652,2025-11-24,North,Electronics,Bluetooth Speaker,1,141.75,0.15,120.49,64.81,55.67999999999999,0.46211303842642537,2025-11,10075,Consumer,West,Referral,
653,2025-01-22,East,Sports,Yoga Mat,1,32.77,0.05,31.13,19.24,11.89,0.38194667523289433,2025-01,10506,Corporate,North,Social Media,
654,2025-06-07,South,Sports,Yoga Mat,1,73.58,0.05,69.9,51.61,18.290000000000006,0.2616595135908441,2025-06,10014,Corporate,South,Referral,
655,2025-02-26,West,Home & Kitchen,Air Fryer,1,100.36,0.15,85.31,60.29,25.020000000000003,0.2932833196577189,2025-02,10482,Consumer,Central,Email,
656,2025-11-17,East,Electronics,Smart Watch,1,135.44,0.1,121.9,80.65,41.25,0.3383921246923708,2025-11,10189,Small Business,West,Email,
657,2025-03-06,West,Home & Kitchen,Air Fryer,2,85.76,0.0,171.52,112.01,59.510000000000005,0.34695662313432835,2025-03,10364,Consumer,Central,Organic Search,
658,2025-06-30,West,Sports,Dumbbells,1,60.62,0.1,54.56,42.28,12.280000000000001,0.22507331378299122,2025-06,10239,Small Business,West,Email,
659,2025-05-05,North,Home & Kitchen,Mixer Grinder,3,72.42,0.05,206.4,144.94,61.46000000000001,0.29777131782945737,2025-05,10401,Consumer,North,Email,
660,2025-08-27,Central,Clothing,Jeans,1,79.33,0.05,75.36,52.18,23.18,0.3075902335456476,2025-08,10304,Small Business,South,Social Media,
661,2025-02-13,East,Home & Kitchen,Storage Set,1,68.72,0.0,68.72,52.81,15.909999999999997,0.23151920838183931,2025-02,10091,Consumer,Central,Social Media,
662,2025-03-10,Central,Home & Kitchen,Storage Set,1,77.88,0.15,66.2,36.42,29.78,0.4498489425981873,2025-03,10392,Small Business,South,Email,
663,2025-03-20,East,Clothing,Jeans,1,54.31,0.1,48.88,29.77,19.110000000000003,0.3909574468085107,2025-03,10184,Consumer,South,Email,
664,2025-11-10,South,Electronics,Smart Watch,1,126.13,0.05,119.82,85.54,34.27999999999999,0.2860958103822399,2025-11,10017,Small Business,Central,Organic Search,
665,2025-08-14,West,Sports,Yoga Mat,1,83.86,0.05,79.67,44.5,35.17,0.4414459646039915,2025-08,10012,Small Business,East,Referral,
666,2025-06-19,East,Clothing,Jacket,1,33.09,0.0,33.09,19.25,13.840000000000003,0.41825324871562414,2025-06,10166,Consumer,Central,Social Media,
667,2025-07-06,South,Clothing,Jacket,1,79.74,0.1,71.77,40.92,30.849999999999994,0.4298453392782499,2025-07,10146,Consumer,East,Organic Search,
668,2025-08-03,West,Home & Kitchen,Storage Set,1,83.62,0.15,71.08,43.3,27.78,0.39082723691615084,2025-08,10282,Consumer,West,Social Media,
669,2025-02-10,Central,Electronics,Bluetooth Speaker,1,135.15,0.05,128.39,69.67,58.719999999999985,0.45735649193862443,2025-02,10169,Consumer,East,Email,
670,2025-05-10,North,Clothing,Jeans,1,65.9,0.0,65.9,49.87,16.03000000000001,0.2432473444613051,2025-05,10170,Consumer,East,Email,
671,2025-12-31,North,Electronics,Power Bank,1,130.74,0.15,111.13,73.79,37.33999999999999,0.33600287951048313,2025-12,10346,Consumer,North,Email,
672,2025-01-14,North,Electronics,Power Bank,1,175.56,0.05,166.78,95.45,71.33,0.42768917136347284,2025-01,10499,Corporate,South,Organic Search,
673,2025-03-20,East,Electronics,Power Bank,3,140.77,0.15,358.96,191.29,167.67,0.46709939826164476,2025-03,10460,Consumer,South,Organic Search,
674,2025-06-03,South,Home & Kitchen,Air Fryer,2,113.81,0.0,227.62,147.21,80.41,0.3532642122836306,2025-06,10297,Corporate,East,Referral,
675,2025-03-17,North,Electronics,Wireless Headphones,1,46.21,0.15,39.28,26.24,13.040000000000003,0.33197556008146645,2025-03,10142,Small Business,South,Referral,
676,2025-11-04,West,Home & Kitchen,Storage Set,1,76.37,0.1,68.73,42.23,26.500000000000007,0.3855667103157283,2025-11,10053,Consumer,East,Referral,
677,2025-01-25,South,Sports,Dumbbells,1,54.69,0.1,49.22,31.3,17.919999999999998,0.36407964242177976,2025-01,10118,Consumer,West,Social Media,
678,2025-05-28,North,Electronics,Power Bank,1,121.85,0.1,109.66,67.2,42.459999999999994,0.38719679007842417,2025-05,10365,Consumer,Central,Organic Search,
679,2025-03-09,Central,Electronics,Smart Watch,1,153.92,0.05,146.22,84.25,61.97,0.4238134318150732,2025-03,10136,Consumer,South,Paid Ads,
680,2025-02-13,North,Home & Kitchen,Mixer Grinder,1,61.07,0.05,58.02,43.72,14.300000000000004,0.24646673560841095,2025-02,10414,Small Business,West,Referral,
681,2025-08-22,North,Clothing,Jacket,1,57.12,0.05,54.26,28.97,25.29,0.46608920014743827,2025-08,10077,Consumer,South,Social Media,
682,2025-03-25,West,Home & Kitchen,Air Fryer,1,126.8,0.1,114.12,75.68,38.44,0.33683841570276896,2025-03,10018,Consumer,South,Paid Ads,
683,2025-02-13,Central,Beauty,Skin Care Kit,1,48.78,0.05,46.34,27.82,18.520000000000003,0.3996547259387139,2025-02,10403,Consumer,East,Referral,
684,2025-05-03,Central,Clothing,Casual Shirt,2,61.82,0.0,123.64,74.83,48.81,0.3947751536719508,2025-05,10205,Consumer,South,Email,
685,2025-05-15,East,Home & Kitchen,Storage Set,1,49.7,0.15,42.24,22.89,19.35,0.45809659090909094,2025-05,10499,Corporate,South,Organic Search,
686,2025-10-20,North,Clothing,Sneakers,1,60.97,0.0,60.97,42.91,18.060000000000002,0.29621125143513205,2025-10,10324,Small Business,North,Referral,
687,2025-04-16,Central,Clothing,Casual Shirt,1,80.67,0.1,72.6,51.05,21.549999999999997,0.296831955922865,2025-04,10281,Consumer,West,Organic Search,
688,2025-04-29,South,Home & Kitchen,Mixer Grinder,1,82.72,0.1,74.45,42.45,32.0,0.4298186702484889,2025-04,10166,Consumer,Central,Social Media,
689,2025-12-20,South,Electronics,Smart Watch,1,139.49,0.05,132.52,70.89,61.63000000000001,0.46506187745246,2025-12,10243,Consumer,West,Referral,
690,2025-03-22,South,Clothing,Casual Shirt,3,63.37,0.1,171.1,130.01,41.09,0.24015195791934543,2025-03,10479,Small Business,East,Paid Ads,
691,2025-09-07,East,Clothing,Jacket,1,48.09,0.0,48.09,30.11,17.980000000000004,0.37388230401330846,2025-09,10164,Corporate,West,Organic Search,
692,2025-12-28,West,Electronics,Power Bank,1,119.59,0.1,107.63,61.17,46.459999999999994,0.4316640341912106,2025-12,10324,Small Business,North,Referral,
693,2025-08-04,North,Clothing,Jacket,1,61.83,0.0,61.83,47.15,14.68,0.23742519812388807,2025-08,10208,Consumer,Central,Referral,
694,2025-11-26,South,Home & Kitchen,Mixer Grinder,2,41.87,0.15,71.18,42.86,28.320000000000007,0.39786456869907283,2025-11,10315,Consumer,West,Social Media,
695,2025-12-07,North,Electronics,Bluetooth Speaker,1,90.99,0.2,72.79,47.65,25.140000000000008,0.34537711224069245,2025-12,10304,Small Business,South,Social Media,
696,2025-09-01,West,Electronics,Power Bank,1,118.95,0.1,107.06,76.55,30.510000000000005,0.28498038483093596,2025-09,10239,Small Business,West,Email,
697,2025-10-06,South,Electronics,Bluetooth Speaker,1,106.0,0.2,84.8,54.38,30.419999999999995,0.35872641509433956,2025-10,10224,Consumer,South,Paid Ads,
698,2025-08-20,North,Home & Kitchen,LED Lamp,2,105.08,0.0,210.16,111.75,98.41,0.4682622763608679,2025-08,10088,Corporate,Central,Social Media,
699,2025-04-20,Central,Beauty,Hair Dryer,1,57.73,0.15,49.07,29.93,19.14,0.3900550234359079,2025-04,10429,Consumer,Central,Email,
700,2025-07-05,South,Sports,Yoga Mat,1,38.65,0.1,34.78,26.82,7.960000000000001,0.2288671650373778,2025-07,10220,Consumer,North,Email,
701,2025-10-06,East,Beauty,Skin Care Kit,1,53.44,0.1,48.1,28.64,19.46,0.4045738045738046,2025-10,10275,Consumer,West,Email,
702,2025-01-18,North,Home & Kitchen,Air Fryer,1,81.33,,77.26,42.45,34.81,0.45055656225731294,2025-01,10066,Consumer,West,Organic Search,
703,2025-09-07,West,Clothing,Jeans,1,43.14,0.15,36.67,24.4,12.270000000000003,0.3346059449140988,2025-09,10423,Consumer,East,Organic Search,
704,2025-09-15,Central,Sports,Fitness Band,3,42.61,0.05,121.44,82.19,39.25,0.32320487483530963,2025-09,10255,Consumer,East,Organic Search,
705,2025-01-05,East,Home & Kitchen,Mixer Grinder,1,84.95,0.1,76.46,47.84,28.61999999999999,0.374313366466126,2025-01,10125,Consumer,South,Paid Ads,
706,2025-09-05,West,Sports,Yoga Mat,1,46.61,0.0,46.61,34.48,12.130000000000003,0.26024458270757356,2025-09,10146,Consumer,East,Organic Search,
707,2025-05-31,Central,Clothing,Sneakers,1,49.11,0.0,49.11,34.42,14.689999999999998,0.29912441457951533,2025-05,10385,Small Business,West,Email,
708,2025-05-31,East,Home & Kitchen,Air Fryer,1,56.7,0.2,45.36,26.05,19.31,0.425705467372134,2025-05,10447,Consumer,South,Organic Search,
709,2025-03-31,Central,Electronics,Wireless Headphones,4,133.39,0.0,533.56,278.67,254.88999999999993,0.477715720818652,2025-03,10387,Consumer,Central,Organic Search,
710,2025-07-01,West,Home & Kitchen,Air Fryer,1,89.79,0.05,85.3,64.61,20.689999999999998,0.24255568581477138,2025-07,10383,Consumer,West,Organic Search,
711,2025-03-16,South,Beauty,Face Serum,3,37.4,0.05,106.59,77.96,28.63000000000001,0.2685993057510086,2025-03,10277,Consumer,South,Organic Search,
712,2025-09-13,East,Home & Kitchen,Air Fryer,1,50.29,0.1,45.26,32.54,12.719999999999999,0.28104286345558993,2025-09,10382,Consumer,East,Paid Ads,
713,2025-01-04,South,Electronics,Wireless Headphones,1,91.0,0.0,91.0,52.13,38.87,0.4271428571428571,2025-01,10124,Consumer,South,Organic Search,
714,2025-01-09,Central,Electronics,Power Bank,3,65.47,0.05,186.59,135.93,50.66,0.27150436786537324,2025-01,10267,Corporate,East,Social Media,
715,2025-09-12,Central,Beauty,Skin Care Kit,2,32.43,0.1,58.37,36.33,22.04,0.3775912283707384,2025-09,10111,Consumer,West,Social Media,
716,2025-08-22,North,Electronics,Power Bank,1,83.23,0.0,83.23,49.77,33.46,0.4020185029436501,2025-08,10381,Corporate,East,Paid Ads,
717,2025-05-30,West,Electronics,Smart Watch,1,-10.0,0.0,180.36,109.68,70.68,0.3918829008649368,2025-05,10158,Consumer,South,Organic Search,
718,2025-08-20,East,Clothing,Casual Shirt,1,67.27,0.0,67.27,51.32,15.949999999999996,0.23710420692730783,2025-08,10118,Consumer,West,Social Media,
719,2025-07-14,North,Clothing,Sneakers,2,64.53,0.1,116.15,86.5,29.650000000000006,0.2552733534222988,2025-07,10328,Consumer,North,Paid Ads,
720,2025-11-08,West,Electronics,Wireless Headphones,4,175.05,0.05,665.19,365.12,300.07000000000005,0.45110419579368305,2025-11,10068,Consumer,Central,Referral,
721,2025-02-06,Central,Sports,Dumbbells,1,55.09,0.05,52.34,34.06,18.28,0.3492548719908292,2025-02,10434,Corporate,Central,Referral,
722,2025-11-04,East,Clothing,Casual Shirt,1,69.34,0.0,69.34,41.43,27.910000000000004,0.4025093740986444,2025-11,10359,Consumer,Central,Social Media,
723,2025-02-11,North,Home & Kitchen,Storage Set,1,75.61,0.1,68.05,35.51,32.54,0.47817781043350477,2025-02,10443,Consumer,West,Referral,
724,2025-05-08,East,Electronics,Wireless Headphones,1,97.45,0.0,97.45,59.59,37.86,0.3885069266290405,2025-05,10164,Corporate,West,Organic Search,
725,2025-03-10,South,Clothing,Casual Shirt,1,41.97,0.0,41.97,22.06,19.91,0.4743864665237074,2025-03,10361,Small Business,South,Email,
726,2025-05-27,West,Electronics,Bluetooth Speaker,1,100.35,0.15,85.3,54.49,30.809999999999995,0.36119577960140675,2025-05,10119,Consumer,South,Referral,
727,2025-09-23,North,Clothing,Casual Shirt,2,52.54,0.05,99.83,64.29,35.53999999999999,0.3560052088550535,2025-09,10195,Consumer,Central,Referral,
728,2025-08-26,West,Sports,Running Shoes,1,82.04,0.15,69.73,37.3,32.43000000000001,0.465079592714757,2025-08,10241,Consumer,Central,Social Media,
729,2025-01-19,North,Home & Kitchen,Mixer Grinder,2,75.53,0.0,151.06,115.95,35.11,0.23242420230372038,2025-01,10509,Consumer,South,Referral,
730,2025-06-02,Central,Sports,Dumbbells,2,33.93,0.05,64.47,41.03,23.439999999999998,0.36357995967116485,2025-06,10142,Small Business,South,Referral,
731,2025-03-28,North,Clothing,Sneakers,1,83.08,0.05,78.93,46.35,32.580000000000005,0.4127708095781072,2025-03,10031,Corporate,East,Email,
732,2025-02-11,South,Electronics,Smart Watch,2,112.01,0.1,201.62,134.73,66.89000000000001,0.33176272195218737,2025-02,10223,Small Business,South,Organic Search,
733,2025-09-03,East,Sports,Yoga Mat,1,58.83,0.1,52.95,37.63,15.32,0.28932955618508027,2025-09,10266,Consumer,Central,Social Media,
734,2025-07-16,West,Electronics,Bluetooth Speaker,1,64.81,0.0,64.81,50.17,14.64,0.22589106619348867,2025-07,10282,Consumer,West,Social Media,
735,2025-09-25,South,Beauty,Face Serum,1,60.93,0.05,57.88,45.0,12.880000000000003,0.2225293711126469,2025-09,10381,Corporate,East,Paid Ads,
736,2025-10-15,West,Home & Kitchen,LED Lamp,2,89.4,0.0,178.8,134.62,44.18000000000001,0.24709172259507833,2025-10,10062,Small Business,West,Social Media,
737,2025-11-17,Central,Electronics,Power Bank,1,131.94,0.0,131.94,96.39,35.55,0.26944065484311047,2025-11,10071,Consumer,North,Paid Ads,
738,2025-04-13,West,Electronics,Wireless Headphones,1,165.91,0.0,165.91,94.27,71.64,0.4318003736965825,2025-04,10140,Consumer,East,Referral,
739,2025-03-13,South,Clothing,Jacket,3,71.56,0.0,214.68,143.4,71.28,0.3320290665176076,2025-03,10316,Consumer,East,Referral,
740,2025-07-20,East,Home & Kitchen,Mixer Grinder,1,84.72,0.0,84.72,56.86,27.86,0.328847969782814,2025-07,10340,Consumer,Central,Referral,
741,2025-07-13,East,Sports,Yoga Mat,1,81.03,0.0,81.03,60.87,20.160000000000004,0.24879674194742693,2025-07,10416,Consumer,East,Social Media,
742,2025-03-09,North,Electronics,Bluetooth Speaker,1,136.67,0.1,123.0,65.61,57.39,0.46658536585365856,2025-03,10467,Corporate,South,Social Media,
743,2025-12-25,South,Home & Kitchen,Air Fryer,1,81.76,0.0,81.76,58.75,23.010000000000005,0.28143346379647755,2025-12,10375,Consumer,Central,Paid Ads,
744,2025-11-14,North,Beauty,Skin Care Kit,1,41.87,0.2,33.5,19.52,13.98,0.4173134328358209,2025-11,10291,Consumer,South,Organic Search,
745,2025-06-28,South,Clothing,Jacket,1,51.15,0.05,48.59,37.73,10.860000000000007,0.22350277834945473,2025-06,10043,Consumer,Central,Organic Search,
746,2025-01-03,South,Beauty,Hair Dryer,2,39.98,0.05,75.96,45.62,30.339999999999996,0.39942074776198,2025-01,10053,Consumer,East,Referral,
747,2025-08-19,North,Electronics,Wireless Headphones,1,160.54,0.05,152.51,84.29,68.21999999999998,0.4473149301685135,2025-08,10232,Consumer,North,Social Media,
748,2025-07-30,Central,Electronics,Bluetooth Speaker,1,68.69,0.1,61.82,35.64,26.18,0.42348754448398573,2025-07,10212,Consumer,West,Organic Search,
749,2025-10-18,West,Home & Kitchen,LED Lamp,2,47.89,0.0,95.78,67.65,28.129999999999995,0.2936938818124869,2025-10,10008,Consumer,East,Referral,
750,2025-09-30,West,Home & Kitchen,Air Fryer,2,32.85,0.1,59.13,36.28,22.85,0.3864366649754778,2025-09,10483,Consumer,North,Organic Search,
751,2025-04-17,East,Home & Kitchen,Storage Set,1,66.15,0.15,56.23,35.73,20.5,0.36457407078072207,2025-04,10042,Corporate,East,Referral,
752,2025-01-13,North,Home & Kitchen,Mixer Grinder,4,-10.0,0.15,232.15,172.13,60.02000000000001,0.2585397372388542,2025-01,10333,Corporate,West,Paid Ads,
753,2025-01-05,South,Electronics,Wireless Headphones,1,134.18,0.0,134.18,86.33,47.85000000000001,0.3566105231778209,2025-01,10233,Small Business,South,Paid Ads,
754,2025-03-08,East,Clothing,Sneakers,1,78.98,0.05,75.03,52.95,22.08,0.2942822870851659,2025-03,10070,Consumer,West,Organic Search,
755,2025-07-18,North,Home & Kitchen,Air Fryer,1,80.39,0.0,80.39,47.2,33.19,0.4128622963055106,2025-07,10016,Consumer,West,Organic Search,
756,2025-05-10,West,Home & Kitchen,Mixer Grinder,1,49.89,0.0,49.89,36.01,13.880000000000003,0.2782120665464021,2025-05,10069,Consumer,West,Email,
757,2025-05-13,South,Electronics,Power Bank,1,173.58,0.0,173.58,126.67,46.91000000000001,0.2702500288051619,2025-05,10053,Consumer,East,Referral,
758,2025-03-20,South,Clothing,Casual Shirt,2,54.96,0.05,104.42,62.35,42.07,0.4028921662516759,2025-03,10379,Corporate,East,Email,
759,2025-06-30,Central,Home & Kitchen,LED Lamp,2,26.87,0.0,53.74,37.02,16.72,0.31112765165612205,2025-06,10463,Consumer,Central,Referral,
760,2025-05-08,South,Beauty,Face Serum,1,62.87,0.0,62.87,33.5,29.369999999999997,0.4671544456815651,2025-05,10063,Consumer,Central,Social Media,
761,2025-12-17,East,Sports,Dumbbells,1,67.65,0.1,60.89,42.91,17.980000000000004,0.2952865823616358,2025-12,10261,Small Business,South,Social Media,
762,2025-01-03,Central,Beauty,Face Serum,2,46.56,0.0,93.12,59.0,34.120000000000005,0.3664089347079038,2025-01,10500,Consumer,West,Organic Search,
763,2025-04-21,South,Sports,Yoga Mat,4,33.34,0.0,133.36,72.53,60.83000000000001,0.456133773245351,2025-04,10121,Consumer,South,Social Media,
764,2025-10-08,East,Sports,Dumbbells,1,45.84,0.1,41.26,31.99,9.27,0.22467280659234126,2025-10,10240,Small Business,Central,Email,
765,2025-08-18,Central,Home & Kitchen,Storage Set,1,106.96,0.15,90.92,58.24,32.68,0.3594368675758909,2025-08,10465,Small Business,South,Paid Ads,
766,2025-11-22,North,Sports,Running Shoes,1,71.25,,67.69,36.36,31.33,0.46284532427241837,2025-11,10107,Consumer,Central,Referral,
767,2025-03-13,Central,Sports,Yoga Mat,1,85.47,0.1,76.92,45.36,31.560000000000002,0.41029641185647425,2025-03,10180,Consumer,East,Organic Search,
768,2025-02-16,Central,Electronics,Bluetooth Speaker,1,162.52,0.0,162.52,90.41,72.11000000000001,0.4436992370169826,2025-02,10016,Consumer,West,Organic Search,
769,2025-12-24,North,Home & Kitchen,Storage Set,1,88.74,0.05,84.3,56.39,27.909999999999997,0.331079478054567,2025-12,10355,Corporate,West,Email,
770,2025-07-19,East,Sports,Fitness Band,1,76.08,0.1,68.47,41.55,26.92,0.39316488973272967,2025-07,10309,Corporate,North,Email,
771,2025-06-03,South,Clothing,Casual Shirt,2,25.17,0.05,47.82,26.0,21.82,0.45629443747386034,2025-06,10181,Corporate,West,Organic Search,
772,2025-11-23,North,Clothing,Jacket,2,43.28,0.0,86.56,54.04,32.52,0.3756931608133087,2025-11,10174,Consumer,West,Email,
773,2025-09-06,East,Beauty,Perfume,1,38.14,0.2,30.51,20.16,10.350000000000001,0.3392330383480826,2025-09,10354,Small Business,South,Email,
774,2025-11-24,Central,Electronics,Smart Watch,1,112.68,0.0,112.68,83.16,29.52000000000001,0.2619808306709266,2025-11,10354,Small Business,South,Email,
775,2025-05-09,South,Clothing,Sneakers,1,70.16,0.0,70.16,50.33,19.83,0.28263968072976053,2025-05,10219,Small Business,East,Social Media,
776,2025-11-22,Central,Clothing,Casual Shirt,1,38.1,0.1,34.29,22.99,11.3,0.32954214056576264,2025-11,10315,Consumer,West,Social Media,
777,2025-07-31,North,Beauty,Hair Dryer,1,46.42,0.05,44.1,33.83,10.270000000000003,0.23287981859410437,2025-07,10434,Corporate,Central,Referral,
778,2025-09-16,East,Electronics,Bluetooth Speaker,3,154.44,0.0,463.32,310.77,152.55,0.3292540792540793,2025-09,10282,Consumer,West,Social Media,
779,2025-01-16,East,Electronics,Power Bank,1,134.14,0.05,127.43,96.47,30.960000000000008,0.2429569175233462,2025-01,10259,Corporate,East,Organic Search,
780,2025-07-12,South,Clothing,Jeans,2,46.1,0.05,87.59,53.54,34.050000000000004,0.3887430071926019,2025-07,10005,Consumer,East,Organic Search,
781,2025-06-25,South,Home & Kitchen,Storage Set,2,42.7,0.15,72.59,41.46,31.130000000000003,0.4288469486155118,2025-06,10394,Consumer,South,Organic Search,
782,2025-10-15,West,Sports,Dumbbells,1,59.69,0.05,56.71,39.57,17.14,0.30223946393934054,2025-10,10336,Corporate,South,Paid Ads,
783,2025-11-10,East,Clothing,Jacket,1,46.17,0.0,46.17,25.26,20.91,0.45289148797920725,2025-11,10063,Consumer,Central,Social Media,
784,2025-12-23,Central,Beauty,Perfume,1,36.9,0.05,35.06,24.92,10.14,0.289218482601255,2025-12,10044,Consumer,North,Organic Search,
785,2025-01-21,West,Clothing,Jacket,2,47.49,0.1,85.48,56.39,29.090000000000003,0.3403135236312588,2025-01,10153,Consumer,South,Referral,
786,2025-09-30,West,Clothing,Sneakers,1,71.54,0.0,71.54,40.4,31.140000000000008,0.43528096169974845,2025-09,10156,Consumer,West,Referral,
787,2025-12-19,East,Clothing,Casual Shirt,1,38.81,0.0,38.81,24.89,13.920000000000002,0.3586704457614017,2025-12,10478,Consumer,North,Referral,
788,2025-07-30,East,Electronics,Smart Watch,1,102.34,0.1,92.11,50.46,41.65,0.45217674519596135,2025-07,10275,Consumer,West,Email,
789,2025-04-16,South,Sports,Fitness Band,1,37.51,0.0,37.51,25.1,12.409999999999997,0.3308451079712076,2025-04,10358,Consumer,East,Email,
790,2025-04-10,South,Sports,Yoga Mat,2,63.95,0.1,115.11,67.42,47.69,0.4142993658239944,2025-04,10426,Consumer,North,Organic Search,
791,2025-12-01,Central,Electronics,Wireless Headphones,1,104.95,0.0,104.95,76.17,28.78,0.27422582181991423,2025-12,10483,Consumer,North,Organic Search,
792,2025-09-27,East,Home & Kitchen,Mixer Grinder,1,57.49,0.1,51.74,30.07,21.67,0.41882489369926557,2025-09,10214,Corporate,West,Paid Ads,
793,2025-04-22,North,Home & Kitchen,Mixer Grinder,1,82.21,0.15,69.88,39.56,30.319999999999993,0.43388666285060096,2025-04,10079,Consumer,North,Social Media,
794,2025-10-20,West,Beauty,Face Serum,1,33.69,0.1,30.32,23.38,6.940000000000001,0.22889182058047497,2025-10,10139,Small Business,North,Organic Search,
795,2025-05-11,South,Beauty,Face Serum,1,34.33,0.0,34.33,20.28,14.049999999999997,0.4092630352461403,2025-05,10098,Consumer,South,Referral,
796,2025-03-09,North,Home & Kitchen,Mixer Grinder,1,60.98,0.05,57.93,36.43,21.5,0.3711375798377352,2025-03,10198,Corporate,North,Organic Search,
797,2025-03-05,West,Clothing,Sneakers,4,46.28,0.0,185.12,98.99,86.13000000000001,0.46526577355229043,2025-03,10156,Consumer,West,Referral,
798,2025-10-27,South,Beauty,Perfume,1,49.31,0.1,44.38,28.22,16.160000000000004,0.36412798557908976,2025-10,10050,Consumer,Central,Organic Search,
799,2025-11-19,Central,Beauty,Skin Care Kit,1,40.0,0.0,40.0,26.86,13.14,0.3285,2025-11,10479,Small Business,East,Paid Ads,
800,2025-07-05,North,Electronics,Wireless Headphones,2,175.49,0.05,333.43,242.42,91.01000000000002,0.2729508442551661,2025-07,10228,Corporate,South,Referral,
801,2025-02-15,West,Sports,Yoga Mat,1,71.11,0.0,71.11,48.57,22.54,0.3169737027141049,2025-02,10457,Consumer,East,Paid Ads,
802,2025-01-30,South,Sports,Dumbbells,1,61.26,0.0,61.26,34.61,26.65,0.43503101534443356,2025-01,10149,Small Business,Central,Social Media,
803,2025-07-30,East,Electronics,Wireless Headphones,1,151.57,0.0,151.57,79.57,72.0,0.4750280398495745,2025-07,10058,Corporate,East,Organic Search,
804,2025-06-16,West,Electronics,Smart Watch,1,161.76,0.05,153.67,87.88,65.78999999999999,0.4281252033578447,2025-06,10162,Consumer,Central,Organic Search,
805,2025-06-26,South,Clothing,Sneakers,2,37.21,0.05,70.7,44.86,25.840000000000003,0.3654879773691655,2025-06,10477,Small Business,North,Paid Ads,
806,2025-08-23,South,Clothing,Sneakers,2,48.53,0.1,87.35,55.6,31.749999999999993,0.36348025186033195,2025-08,10107,Consumer,Central,Referral,
807,2025-05-14,South,Electronics,Smart Watch,2,122.34,0.05,232.45,128.77,103.67999999999998,0.4460314046031404,2025-05,10427,Consumer,East,Referral,
808,2025-09-30,Central,Home & Kitchen,LED Lamp,1,122.6,0.1,110.34,75.13,35.21000000000001,0.31910458582562995,2025-09,10395,Corporate,Central,Social Media,
809,2025-05-31,South,Electronics,Smart Watch,1,121.53,0.1,109.38,72.32,37.06,0.33881879685500094,2025-05,10186,Small Business,North,Organic Search,
810,2025-03-20,West,Sports,Yoga Mat,1,76.35,0.1,68.72,39.67,29.049999999999997,0.4227299185098952,2025-03,10446,Consumer,North,Organic Search,
811,2025-07-11,North,Home & Kitchen,Air Fryer,2,72.75,0.15,123.68,75.85,47.83000000000001,0.38672380336351886,2025-07,10448,Corporate,North,Social Media,
812,2025-05-19,North,Clothing,Jeans,3,53.75,,161.25,111.02,50.230000000000004,0.31150387596899226,2025-05,10087,Consumer,South,Social Media,
813,2025-01-24,East,Clothing,Casual Shirt,3,55.33,0.0,165.99,103.88,62.110000000000014,0.3741791674197241,2025-01,10249,Consumer,East,Paid Ads,
814,2025-05-23,West,Clothing,Sneakers,1,40.43,0.0,40.43,23.54,16.89,0.4177590897848133,2025-05,10440,Consumer,South,Organic Search,
815,2025-08-20,South,Electronics,Wireless Headphones,1,77.28,0.0,77.28,53.85,23.43,0.3031832298136646,2025-08,10257,Small Business,South,Social Media,
816,2025-11-19,South,Sports,Running Shoes,2,42.3,0.1,76.14,40.48,35.660000000000004,0.468347780404518,2025-11,10277,Consumer,South,Organic Search,
817,2025-02-13,West,Sports,Running Shoes,2,57.75,0.15,98.18,61.43,36.75000000000001,0.3743124872682828,2025-02,10438,Corporate,South,Social Media,
818,2025-03-17,West,Electronics,Wireless Headphones,2,161.78,0.0,323.56,247.03,76.53,0.23652491037211026,2025-03,10516,Consumer,South,Email,
819,2025-08-04,North,Electronics,Smart Watch,2,104.44,0.2,167.1,89.06,78.03999999999999,0.4670257330939557,2025-08,10202,Consumer,East,Organic Search,
820,2025-12-09,North,Electronics,Smart Watch,1,145.85,0.2,116.68,62.03,54.650000000000006,0.46837504285224546,2025-12,10180,Consumer,East,Organic Search,
821,2025-12-07,Central,Electronics,Wireless Headphones,1,124.11,0.0,124.11,95.3,28.810000000000002,0.23213278543227783,2025-12,10325,Consumer,North,Email,
822,2025-01-26,North,Clothing,Casual Shirt,1,46.46,0.1,41.81,27.21,14.600000000000001,0.3491987562784023,2025-01,10475,Consumer,Central,Paid Ads,
823,2025-10-18,West,Electronics,Wireless Headphones,1,107.96,0.1,97.16,52.64,44.519999999999996,0.45821325648414984,2025-10,10400,Consumer,South,Email,
824,2025-11-05,West,Beauty,Hair Dryer,1,45.04,0.0,45.04,32.83,12.21,0.2710923623445826,2025-11,10217,Corporate,South,Social Media,
825,2025-11-28,Central,Clothing,Jacket,1,55.97,0.1,50.37,36.87,13.5,0.26801667659321027,2025-11,10453,Corporate,West,Organic Search,
826,2025-10-30,West,Beauty,Skin Care Kit,3,52.43,0.15,133.7,96.1,37.599999999999994,0.28122662677636495,2025-10,10404,Corporate,South,Organic Search,
827,2025-11-15,Central,Electronics,Smart Watch,1,134.68,0.15,114.48,80.27,34.21000000000001,0.2988294898672258,2025-11,10240,Small Business,Central,Email,
828,2025-01-04,South,Electronics,Wireless Headphones,2,123.7,0.1,222.66,138.08,84.57999999999998,0.3798616725051648,2025-01,10186,Small Business,North,Organic Search,
829,2025-10-16,North,Electronics,Bluetooth Speaker,1,136.69,0.1,123.02,67.35,55.67,0.452528044220452,2025-10,10048,Small Business,North,Paid Ads,
830,2025-10-03,East,Electronics,Bluetooth Speaker,1,91.74,0.2,73.39,48.38,25.009999999999998,0.3407821229050279,2025-10,10386,Consumer,West,Social Media,
831,2025-07-08,North,Beauty,Perfume,1,53.54,0.1,48.19,30.11,18.08,0.3751815729404441,2025-07,10208,Consumer,Central,Referral,
832,2025-07-15,South,Sports,Running Shoes,2,64.39,0.05,122.34,74.24,48.10000000000001,0.393166584927252,2025-07,10157,Small Business,North,Referral,
833,2025-01-07,East,Electronics,Wireless Headphones,1,100.28,0.05,95.27,54.75,40.519999999999996,0.4253175186312585,2025-01,10225,Consumer,West,Paid Ads,
834,2025-08-16,North,Clothing,Jacket,1,62.64,0.0,62.64,43.52,19.119999999999997,0.30523627075351206,2025-08,10144,Small Business,North,Organic Search,
835,2025-09-16,West,Electronics,Smart Watch,1,95.17,0.1,85.65,45.01,40.64000000000001,0.47448920023350855,2025-09,10419,Consumer,East,Organic Search,
836,2025-08-25,South,Beauty,Face Serum,1,47.31,0.15,40.21,30.5,9.71,0.2414822183536434,2025-08,10111,Consumer,West,Social Media,
837,2025-04-16,North,Beauty,Hair Dryer,2,54.79,0.0,109.58,82.79,26.789999999999992,0.24447891951085957,2025-04,10465,Small Business,South,Paid Ads,
838,2025-12-13,North,Clothing,Jacket,1,41.53,0.0,41.53,31.79,9.740000000000002,0.23452925595954735,2025-12,10132,Consumer,North,Organic Search,
839,2025-07-01,South,Home & Kitchen,LED Lamp,1,100.69,0.1,90.62,70.43,20.189999999999998,0.22279849922754355,2025-07,10334,Consumer,East,Social Media,
840,2025-10-14,North,Clothing,Jeans,1,38.82,0.0,38.82,30.27,8.55,0.22024729520865535,2025-10,10075,Consumer,West,Referral,
841,2025-01-29,South,Beauty,Perfume,1,42.43,0.1,38.19,21.85,16.339999999999996,0.4278606965174129,2025-01,10412,Small Business,Central,Social Media,
842,2025-11-02,East,Electronics,Power Bank,1,88.16,0.0,88.16,55.25,32.91,0.37329854809437385,2025-11,10519,Consumer,North,Organic Search,
843,2025-07-21,East,Beauty,Skin Care Kit,1,43.6,0.0,43.6,22.98,20.62,0.47293577981651375,2025-07,10036,Consumer,East,Referral,
844,2025-03-19,West,Sports,Dumbbells,1,56.29,0.05,53.48,28.51,24.969999999999995,0.46690351533283464,2025-03,10223,Small Business,South,Organic Search,
845,2025-11-02,Central,Clothing,Casual Shirt,1,44.57,0.1,40.11,22.47,17.64,0.4397905759162304,2025-11,10241,Consumer,Central,Social Media,
846,2025-04-11,Central,Sports,Fitness Band,1,72.56,0.05,68.93,53.52,15.410000000000004,0.22356013346873643,2025-04,10134,Consumer,West,Referral,
847,2025-07-25,East,Electronics,Wireless Headphones,1,92.03,0.0,92.03,69.05,22.980000000000004,0.24970118439639252,2025-07,10391,Corporate,North,Organic Search,
848,2025-12-03,West,Sports,Fitness Band,1,39.4,0.0,39.4,26.57,12.829999999999998,0.32563451776649743,2025-12,10102,Corporate,North,Email,
849,2025-08-17,South,Home & Kitchen,Mixer Grinder,2,64.74,0.0,129.48,72.23,57.249999999999986,0.4421532282978065,2025-08,10498,Consumer,Central,Email,
850,2025-02-13,West,Sports,Dumbbells,1,82.61,0.0,82.61,48.19,34.42,0.4166565791066457,2025-02,10511,Corporate,Central,Email,
851,2025-07-29,South,Electronics,Power Bank,1,62.39,0.1,56.15,42.73,13.420000000000002,0.23900267141585044,2025-07,10343,Consumer,Central,Email,
852,2025-04-10,Central,Beauty,Perfume,1,41.76,0.0,41.76,26.07,15.689999999999998,0.3757183908045977,2025-04,10006,Small Business,East,Social Media,
853,2025-05-07,West,Electronics,Smart Watch,1,73.75,0.0,73.75,53.66,20.090000000000003,0.272406779661017,2025-05,10194,Consumer,North,Social Media,
854,2025-05-12,South,Beauty,Skin Care Kit,1,23.75,0.1,21.38,11.79,9.59,0.4485500467726848,2025-05,10137,Consumer,West,Social Media,
855,2025-09-07,West,Beauty,Perfume,1,38.01,0.05,36.11,22.38,13.73,0.38022708391027416,2025-09,10473,Consumer,West,Organic Search,
856,2025-07-08,South,Electronics,Power Bank,1,119.92,0.15,101.93,76.7,25.230000000000004,0.24752280977141178,2025-07,10216,Corporate,South,Social Media,
857,2025-03-19,West,Clothing,Jeans,1,36.58,0.0,36.58,19.12,17.459999999999997,0.4773100054674685,2025-03,10349,Consumer,North,Organic Search,
858,2025-07-10,West,Clothing,Sneakers,1,50.28,0.0,50.28,26.38,23.900000000000002,0.4753381066030231,2025-07,10183,Consumer,East,Paid Ads,
859,2025-09-15,West,Clothing,Sneakers,2,53.89,0.05,102.39,58.32,44.07,0.43041312628186346,2025-09,10168,Consumer,North,Paid Ads,
860,2025-09-15,North,Sports,Dumbbells,1,83.68,0.15,71.13,54.39,16.739999999999995,0.23534373681990717,2025-09,10038,Consumer,West,Organic Search,
861,2025-04-21,West,Clothing,Casual Shirt,1,81.92,0.0,81.92,50.36,31.560000000000002,0.38525390625,2025-04,10471,Small Business,East,Paid Ads,
862,2025-10-16,Central,Clothing,Casual Shirt,1,71.02,0.1,63.92,45.1,18.82,0.2944305381727159,2025-10,10452,Consumer,North,Paid Ads,
863,2025-11-06,West,Electronics,Power Bank,3,81.89,0.05,233.39,179.11,54.27999999999997,0.23257208963537415,2025-11,10490,Consumer,West,Social Media,
864,2025-10-29,East,Clothing,Sneakers,1,52.66,0.0,52.66,37.3,15.36,0.2916824914546145,2025-10,10142,Small Business,South,Referral,
865,2025-10-23,South,Clothing,Sneakers,1,46.47,0.05,44.15,27.28,16.869999999999997,0.3821064552661381,2025-10,10103,Corporate,West,Referral,
866,2025-08-09,North,Clothing,Jacket,2,75.15,0.15,127.76,82.51,45.25,0.35417971195992487,2025-08,10042,Corporate,East,Referral,
867,2025-05-01,Central,Home & Kitchen,Air Fryer,1,121.62,0.0,121.62,82.79,38.83,0.31927314586416705,2025-05,10147,Consumer,South,Social Media,
868,2025-08-21,East,Clothing,Casual Shirt,1,69.95,0.05,66.45,46.11,20.340000000000003,0.3060948081264109,2025-08,10066,Consumer,West,Organic Search,
869,2025-12-26,North,Clothing,Jeans,1,65.96,0.0,65.96,47.07,18.889999999999993,0.28638568829593686,2025-12,10193,Small Business,North,Paid Ads,
870,2025-06-29,East,Electronics,Power Bank,2,224.59,0.1,404.26,221.27,182.98999999999998,0.45265423242467717,2025-06,10298,Consumer,South,Social Media,
871,2025-05-08,East,Beauty,Perfume,1,57.9,0.0,57.9,37.91,19.990000000000002,0.3452504317789292,2025-05,10038,Consumer,West,Organic Search,
872,2025-12-20,Central,Clothing,Jeans,1,66.3,0.05,62.98,48.39,14.589999999999996,0.23166084471260712,2025-12,10502,Small Business,East,Social Media,
873,2025-10-11,West,Home & Kitchen,Storage Set,1,44.3,0.05,42.08,26.86,15.219999999999999,0.3616920152091255,2025-10,10428,Consumer,North,Organic Search, 
874,2025-12-23,North,Home & Kitchen,Storage Set,1,75.29,0.0,75.29,57.08,18.210000000000008,0.2418647894806748,2025-12,10352,Consumer,North,Organic Search,
875,2025-05-21,West,Electronics,Power Bank,2,144.56,0.2,231.3,173.79,57.51000000000002,0.2486381322957199,2025-05,10326,Consumer,South,Organic Search,
876,2025-03-08,Central,Clothing,Sneakers,1,63.29,0.05,60.13,41.09,19.04,0.31664726426076834,2025-03,10038,Consumer,West,Organic Search,
877,2025-10-25,West,Electronics,Bluetooth Speaker,1,114.28,0.1,102.85,72.02,30.83,0.2997569275644142,2025-10,10097,Consumer,West,Email,
878,2025-03-05,East,Electronics,Smart Watch,2,92.69,0.05,176.11,133.65,42.46000000000001,0.24109931292941914,2025-03,10108,Consumer,North,Email,
879,2025-03-31,West,Beauty,Hair Dryer,2,26.37,0.05,50.1,38.31,11.79,0.23532934131736524,2025-03,10151,Consumer,South,Paid Ads,
880,2025-04-06,North,Electronics,Bluetooth Speaker,1,82.32,0.0,82.32,51.9,30.419999999999995,0.369533527696793,2025-04,10074,Corporate,South,Social Media,
881,2025-07-01,North,Beauty,Skin Care Kit,1,39.77,0.0,39.77,23.39,16.380000000000003,0.4118682423937642,2025-07,10057,Corporate,East,Paid Ads,
882,2025-09-01,East,Electronics,Smart Watch,1,129.72,0.1,116.75,75.67,41.08,0.3518629550321199,2025-09,10335,Consumer,North,Paid Ads,
883,2025-07-06,Central,Electronics,Wireless Headphones,1,131.24,0.05,124.68,68.55,56.13000000000001,0.45019249278152074,2025-07,10252,Consumer,Central,Organic Search,
884,2025-11-30,Central,Clothing,Jeans,1,77.76,0.0,77.76,53.71,24.050000000000004,0.30928497942386834,2025-11,10254,Consumer,West,Paid Ads,
885,2025-04-23,North,Clothing,Sneakers,1,28.67,0.1,25.8,13.75,12.05,0.46705426356589147,2025-04,10385,Small Business,West,Email,
886,2025-12-30,North,Beauty,Skin Care Kit,1,33.76,0.0,33.76,19.88,13.879999999999999,0.41113744075829384,2025-12,10456,Consumer,Central,Social Media,
887,2025-08-16,South,Sports,Dumbbells,2,66.05,0.0,132.1,100.77,31.33,0.2371688115064345,2025-08,10259,Corporate,East,Organic Search,
888,2025-12-23,North,Home & Kitchen,Mixer Grinder,3,64.95,0.1,175.37,133.35,42.02000000000001,0.23960768660546278,2025-12,10465,Small Business,South,Paid Ads,
889,2025-10-30,South,Electronics,Smart Watch,1,146.78,0.05,139.44,87.22,52.22,0.3744979919678715,2025-10,10034,Consumer,North,Referral,
890,2025-05-18,North,Home & Kitchen,Storage Set,1,111.28,0.1,100.15,67.8,32.35000000000001,0.32301547678482284,2025-05,10495,Small Business,East,Email,
891,2025-04-04,North,Home & Kitchen,Air Fryer,1,74.23,0.0,74.23,53.66,20.570000000000007,0.27711167991378155,2025-04,10326,Consumer,South,Organic Search,
892,2025-08-16,West,Sports,Fitness Band,1,63.73,0.0,63.73,46.52,17.209999999999994,0.2700455044719911,2025-08,10238,Consumer,Central,Email,
893,2025-02-03,West,Sports,Dumbbells,1,89.54,0.0,89.54,59.06,30.480000000000004,0.3404065222247041,2025-02,10466,Corporate,Central,Referral,
894,2025-05-04,East,Electronics,Smart Watch,3,143.92,0.1,388.58,293.77,94.81,0.24399094137629318,2025-05,10304,Small Business,South,Social Media,
895,2025-03-12,North,Electronics,Power Bank,2,150.51,0.15,255.87,133.66,122.21000000000001,0.47762535662641187,2025-03,10117,Consumer,Central,Organic Search,
896,2025-11-20,South,Electronics,Smart Watch,1,124.15,0.0,124.15,87.62,36.53,0.2942408376963351,2025-11,10207,Consumer,Central,Referral,
897,2025-04-25,South,Sports,Yoga Mat,3,64.29,0.0,192.87,128.33,64.53999999999999,0.3346295432156374,2025-04,10481,Consumer,North,Email,
898,2025-02-21,East,Beauty,Skin Care Kit,1,20.35,0.05,19.33,12.99,6.339999999999998,0.32798758406621825,2025-02,10403,Consumer,East,Referral,
899,2025-01-02,Central,Beauty,Hair Dryer,1,47.04,0.05,44.69,30.3,14.389999999999997,0.32199597225330046,2025-01,10233,Small Business,South,Paid Ads,
900,2025-03-30,South,Electronics,Smart Watch,1,107.99,0.05,102.59,63.66,38.93000000000001,0.3794716833999416,2025-03,10284,Consumer,South,Email,
901,2025-04-30,West,Clothing,Jacket,1,61.81,0.2,49.45,36.33,13.120000000000005,0.2653185035389283,2025-04,10480,Small Business,Central,Organic Search,
902,2025-03-20,West,Home & Kitchen,LED Lamp,1,56.05,0.15,47.64,36.44,11.200000000000003,0.2350965575146936,2025-03,10009,Consumer,West,Organic Search,
903,2025-11-30,East,Clothing,Jeans,1,45.21,0.0,45.21,32.8,12.410000000000004,0.274496792744968,2025-11,10379,Corporate,East,Email,
904,2025-01-12,West,Home & Kitchen,Storage Set,1,79.08,0.05,75.13,56.83,18.299999999999997,0.2435777984826301,2025-01,10381,Corporate,East,Paid Ads,
905,2025-05-01,South,Beauty,Skin Care Kit,1,66.68,0.05,63.35,46.24,17.11,0.27008681925808997,2025-05,10360,Corporate,Central,Paid Ads,
906,2025-01-23,East,Electronics,Bluetooth Speaker,2,147.8,0.15,251.26,181.74,69.51999999999998,0.2766855050545251,2025-01,10176,Corporate,North,Social Media,
907,2025-03-20,South,Beauty,Face Serum,1,43.97,0.1,39.57,26.65,12.920000000000002,0.3265099823098307,2025-03,10485,Consumer,East,Referral,
908,2025-04-16,North,Electronics,Power Bank,1,187.72,0.05,178.33,115.22,63.110000000000014,0.3538944653171088,2025-04,10405,Consumer,South,Email,
909,2025-10-19,West,Beauty,Perfume,1,37.69,0.1,33.92,21.5,12.420000000000002,0.3661556603773585,2025-10,10033,Small Business,North,Organic Search,
910,2025-05-08,Central,Clothing,Casual Shirt,1,46.18,0.1,41.56,25.26,16.3,0.39220404234841194,2025-05,10465,Small Business,South,Paid Ads,
911,2025-07-22,Central,Electronics,Power Bank,1,137.25,0.1,123.52,67.14,56.379999999999995,0.45644430051813467,2025-07,10157,Small Business,North,Referral,
912,2025-03-23,West,Sports,Running Shoes,1,39.96,0.15,33.97,21.47,12.5,0.36797173977038566,2025-03,10202,Consumer,East,Organic Search,
913,2025-03-06,South,Home & Kitchen,Mixer Grinder,1,45.79,0.0,45.79,25.42,20.369999999999997,0.4448569556671762,2025-03,10175,Small Business,Central,Paid Ads,
914,2025-03-29,West,Home & Kitchen,Storage Set,1,68.72,0.1,61.85,46.53,15.32,0.24769603880355698,2025-03,10244,Consumer,South,Social Media,
915,2025-07-22,West,Home & Kitchen,Mixer Grinder,1,64.97,0.1,58.47,43.68,14.79,0.2529502308876347,2025-07,10269,Consumer,Central,Social Media,
916,2025-07-13,North,Electronics,Wireless Headphones,1,149.87,0.05,142.38,106.41,35.97,0.2526337968815845,2025-07,10446,Consumer,North,Organic Search,
917,2025-10-12,East,Electronics,Bluetooth Speaker,1,215.45,0.05,204.68,122.26,82.42,0.40267735000977134,2025-10,10074,Corporate,South,Social Media,
918,2025-12-16,South,Electronics,Smart Watch,2,174.89,0.0,349.78,243.46,106.31999999999996,0.3039624907084452,2025-12,10096,Consumer,West,Social Media,
919,2025-11-04,East,Beauty,Skin Care Kit,1,22.59,0.0,22.59,11.89,10.7,0.4736609119079238,2025-11,10173,Consumer,East,Social Media,
920,2025-12-22,West,Home & Kitchen,Mixer Grinder,2,112.6,0.1,202.68,119.47,83.21000000000001,0.4105486481152556,2025-12,10406,Small Business,North,Organic Search,
921,2025-05-14,East,Sports,Fitness Band,1,38.61,0.0,38.61,20.2,18.41,0.47681947681947684,2025-05,10155,Consumer,North,Referral,
922,2025-02-06,East,Clothing,Sneakers,1,50.14,0.0,50.14,36.14,14.0,0.2792181890706023,2025-02,10183,Consumer,East,Paid Ads,
923,2025-10-13,West,Beauty,Face Serum,1,37.09,0.0,37.09,28.56,8.530000000000005,0.22998112698840667,2025-10,10323,Consumer,North,Referral,
924,2025-05-12,Central,Electronics,Bluetooth Speaker,2,97.94,0.0,195.88,110.06,85.82,0.4381253828874821,2025-05,10289,Corporate,West,Email,
925,2025-02-04,North,Sports,Running Shoes,2,44.57,0.1,80.23,58.2,22.03,0.2745855664963231,2025-02,10258,Consumer,East,Email,
926,2025-09-28,East,Beauty,Hair Dryer,4,37.95,0.1,136.62,73.67,62.95,0.4607670912018738,2025-09,10174,Consumer,West,Email,
927,2025-04-15,South,Home & Kitchen,Air Fryer,1,137.56,0.0,137.56,105.97,31.590000000000003,0.2296452457109625,2025-04,10330,Small Business,North,Organic Search,
928,2025-10-20,South,Sports,Fitness Band,1,74.81,0.05,71.07,48.08,22.989999999999995,0.3234838891233994,2025-10,10231,Corporate,Central,Referral,
929,2025-03-26,West,Beauty,Face Serum,1,66.91,0.0,66.91,39.79,27.119999999999997,0.40532057988342546,2025-03,10161,Small Business,North,Paid Ads,
930,2025-04-11,Central,Beauty,Perfume,1,44.89,0.05,42.65,25.36,17.29,0.40539273153575617,2025-04,10186,Small Business,North,Organic Search,
931,2025-11-13,West,Home & Kitchen,Mixer Grinder,1,73.84,0.05,70.15,42.24,27.910000000000004,0.39786172487526733,2025-11,10143,Small Business,East,Social Media,
932,2025-08-19,Central,Sports,Yoga Mat,2,24.94,0.15,42.4,28.27,14.129999999999999,0.33325471698113207,2025-08,10282,Consumer,West,Social Media,
933,2025-04-19,East,Home & Kitchen,LED Lamp,1,72.19,0.0,72.19,55.59,16.599999999999994,0.22994874636376222,2025-04,10027,Consumer,North,Referral,
934,2025-04-09,Central,Electronics,Smart Watch,1,54.21,0.0,54.21,31.28,22.93,0.42298468917173954,2025-04,10246,Consumer,East,Email,
935,2025-01-20,North,Home & Kitchen,Storage Set,2,51.37,0.0,102.74,54.88,47.85999999999999,0.465836091103757,2025-01,10487,Consumer,West,Organic Search,
936,2025-09-22,West,Clothing,Casual Shirt,1,58.98,0.15,50.13,37.27,12.86,0.2565330141631757,2025-09,10202,Consumer,East,Organic Search,
937,2025-07-23,North,Clothing,Sneakers,2,42.27,0.0,84.54,55.34,29.200000000000003,0.34539862786846465,2025-07,10021,Consumer,South,Paid Ads,
938,2025-11-26,Central,Home & Kitchen,LED Lamp,2,97.25,0.05,184.77,111.61,73.16000000000001,0.39595172376468046,2025-11,10094,Small Business,West,Paid Ads,
939,2025-06-27,South,Electronics,Bluetooth Speaker,1,79.12,0.05,75.16,50.64,24.519999999999996,0.32623736029803085,2025-06,10008,Consumer,East,Referral,
940,2025-03-09,Central,Beauty,Hair Dryer,2,51.0,0.0,102.0,64.08,37.92,0.37176470588235294,2025-03,10472,Consumer,East,Social Media,
941,2025-11-22,Central,Clothing,Jeans,2,24.55,0.1,44.19,29.9,14.29,0.3233763294863091,2025-11,10339,Consumer,South,Social Media,
942,2025-02-25,North,Clothing,Jeans,4,36.8,0.1,132.48,81.64,50.83999999999999,0.3837560386473429,2025-02,10259,Corporate,East,Organic Search,
943,2025-03-14,West,Sports,Running Shoes,1,76.73,0.0,76.73,46.01,30.720000000000006,0.40036491593900697,2025-03,10055,Consumer,East,Email,
944,2025-11-11,North,Electronics,Wireless Headphones,1,89.87,0.1,80.88,49.21,31.669999999999995,0.39156775469831845,2025-11,10006,Small Business,East,Social Media,
945,2025-05-12,East,Home & Kitchen,Mixer Grinder,1,62.88,0.1,56.59,32.46,24.130000000000003,0.42640042410319845,2025-05,10377,Corporate,West,Social Media,
946,2025-06-12,South,Beauty,Skin Care Kit,2,49.81,0.0,99.62,61.08,38.540000000000006,0.3868701064043365,2025-06,10050,Consumer,Central,Organic Search,
947,2025-11-10,South,Clothing,Casual Shirt,2,52.27,0.05,99.31,74.78,24.53,0.2470043298761454,2025-11,10112,Small Business,Central,Social Media,
948,2025-08-08,East,Beauty,Hair Dryer,1,47.35,0.0,47.35,27.08,20.270000000000003,0.4280887011615629,2025-08,10146,Consumer,East,Organic Search,
949,2025-06-14,East,Electronics,Bluetooth Speaker,1,148.63,0.05,141.2,106.59,34.609999999999985,0.245113314447592,2025-06,10230,Consumer,North,Paid Ads,
950,2025-06-04,West,Sports,Yoga Mat,1,53.36,0.0,53.36,33.01,20.35,0.38137181409295356,2025-06,10497,Small Business,Central,Paid Ads,
951,2025-05-19,Central,Clothing,Sneakers,2,52.29,0.15,88.89,66.51,22.379999999999995,0.2517718528518393,2025-05,10306,Small Business,Central,Organic Search,
952,2025-04-12,South,Clothing,Jacket,1,58.03,0.1,52.23,35.83,16.4,0.3139957878613823,2025-04,10461,Corporate,East,Organic Search,
953,2025-03-07,South,Electronics,Power Bank,1,117.36,0.0,117.36,78.4,38.959999999999994,0.3319700068166325,2025-03,10226,Consumer,North,Referral,
954,2025-03-25,North,Beauty,Face Serum,2,32.77,0.15,55.71,38.72,16.990000000000002,0.30497217734697546,2025-03,10059,Corporate,South,Referral,
955,2025-05-05,West,Beauty,Hair Dryer,1,32.52,0.15,27.64,15.04,12.600000000000001,0.4558610709117222,2025-05,10076,Consumer,South,Paid Ads,
956,2025-02-18,East,Sports,Running Shoes,1,78.73,0.1,70.86,49.79,21.07,0.2973468811741462,2025-02,10428,Consumer,North,Organic Search,
957,2025-08-13,Central,Home & Kitchen,Mixer Grinder,3,49.22,0.0,147.66,109.13,38.53,0.2609372883651632,2025-08,10132,Consumer,North,Organic Search,
958,2025-09-06,West,Clothing,Sneakers,1,69.9,0.0,69.9,46.84,23.060000000000002,0.32989985693848356,2025-09,10498,Consumer,Central,Email,
959,2025-02-02,North,Home & Kitchen,Storage Set,1,59.86,0.1,53.87,35.14,18.729999999999997,0.3476888806385743,2025-02,10305,Consumer,East,Organic Search,
960,2025-01-08,Central,Beauty,Hair Dryer,1,35.99,0.15,30.59,16.23,14.36,0.46943445570447856,2025-01,10067,Consumer,North,Referral,
961,2025-12-04,East,Sports,Dumbbells,1,49.37,0.15,41.96,26.23,15.73,0.37488083889418494,2025-12,10230,Consumer,North,Paid Ads,
962,2025-04-23,Central,Clothing,Sneakers,1,62.53,0.0,62.53,35.55,26.980000000000004,0.4314728930113546,2025-04,10333,Corporate,West,Paid Ads,
963,2025-05-11,North,Beauty,Face Serum,1,51.2,0.0,51.2,35.62,15.580000000000005,0.3042968750000001,2025-05,10277,Consumer,South,Organic Search,
964,2025-01-09,Central,Beauty,Skin Care Kit,1,34.87,0.1,31.38,16.49,14.89,0.4745060548119822,2025-01,10144,Small Business,North,Organic Search,
965,2025-05-21,Central,Electronics,Bluetooth Speaker,2,145.21,0.0,290.42,215.86,74.56,0.2567316300530266,2025-05,10251,Corporate,South,Referral,
966,2025-05-08,North,Electronics,Power Bank,4,91.45,0.05,347.51,194.46,153.04999999999998,0.4404189807487554,2025-05,10080,Consumer,East,Organic Search,
967,2025-08-17,West,Home & Kitchen,LED Lamp,1,104.79,0.15,89.07,69.4,19.669999999999987,0.22083754350510823,2025-08,10057,Corporate,East,Paid Ads,
968,2025-07-09,North,Electronics,Wireless Headphones,1,115.31,0.1,103.78,58.03,45.75,0.44083638465985736,2025-07,10366,Consumer,South,Email,
969,2025-05-27,North,Clothing,Jacket,1,54.02,0.15,45.92,30.17,15.75,0.34298780487804875,2025-05,10308,Consumer,West,Referral,
970,2025-12-12,South,Home & Kitchen,Mixer Grinder,2,47.5,0.05,90.25,59.97,30.28,0.33551246537396123,2025-12,10174,Consumer,West,Email,
971,2025-12-05,South,Home & Kitchen,Storage Set,1,104.36,0.0,104.36,70.57,33.790000000000006,0.3237830586431584,2025-12,10462,Consumer,North,Referral,
972,2025-03-09,Central,Electronics,Smart Watch,1,143.24,0.05,136.08,86.06,50.02000000000001,0.3675778953556732,2025-03,10493,Consumer,South,Social Media,
973,2025-09-26,West,Clothing,Casual Shirt,1,52.31,0.0,52.31,32.73,19.580000000000005,0.37430701586694715,2025-09,10374,Small Business,East,Referral,
974,2025-01-15,South,Home & Kitchen,Storage Set,1,80.57,0.1,72.51,49.37,23.140000000000008,0.31912839608329896,2025-01,10349,Consumer,North,Organic Search,
975,2025-08-17,Central,Electronics,Power Bank,1,110.06,0.0,110.06,66.09,43.97,0.39950935853170993,2025-08,10067,Consumer,North,Referral,
976,2025-11-26,West,Electronics,Smart Watch,1,173.36,0.2,138.69,83.71,54.980000000000004,0.3964236787079098,2025-11,10330,Small Business,North,Organic Search,
977,2025-04-29,East,Home & Kitchen,Storage Set,1,90.89,0.05,86.35,61.07,25.279999999999994,0.29276201505500865,2025-04,10194,Consumer,North,Social Media,
978,2025-08-27,North,Home & Kitchen,Storage Set,1,72.71,0.1,65.44,39.32,26.119999999999997,0.39914425427872857,2025-08,10155,Consumer,North,Referral,
979,2025-01-16,North,Electronics,Wireless Headphones,1,154.9,0.05,147.16,94.97,52.19,0.35464800217450393,2025-01,10160,Corporate,East,Referral,
980,2025-11-22,South,Home & Kitchen,Mixer Grinder,2,82.09,0.0,164.18,105.05,59.13000000000001,0.36015349007187236,2025-11,10266,Consumer,Central,Social Media,
981,2025-11-16,West,Sports,Yoga Mat,1,50.24,0.15,42.7,23.68,19.020000000000003,0.44543325526932087,2025-11,10168,Consumer,North,Paid Ads,
982,2025-12-31,Central,Electronics,Wireless Headphones,1,132.32,0.1,119.09,68.71,50.38000000000001,0.4230413972625746,2025-12,10145,Consumer,South,Email,
983,2025-05-27,East,Clothing,Jacket,1,42.72,0.1,38.45,25.84,12.610000000000003,0.32795838751625495,2025-05,10186,Small Business,North,Organic Search,
984,2025-01-26,South,Home & Kitchen,Mixer Grinder,1,58.78,0.05,55.84,39.63,16.21,0.2902936962750716,2025-01,10423,Consumer,East,Organic Search,
985,2025-07-05,Central,Clothing,Sneakers,1,79.07,0.0,79.07,56.66,22.409999999999997,0.2834197546477804,2025-07,10457,Consumer,East,Paid Ads,
986,2025-10-07,South,Home & Kitchen,LED Lamp,1,111.3,,100.17,61.37,38.800000000000004,0.38734151941699113,2025-10,10345,Consumer,South,Paid Ads,
987,2025-03-02,East,Sports,Running Shoes,2,65.13,0.0,130.26,81.61,48.64999999999999,0.37348380162751416,2025-03,10516,Consumer,South,Email,
988,2025-03-30,North,Beauty,Hair Dryer,1,23.44,0.05,22.27,12.6,9.67,0.4342164346654692,2025-03,10104,Consumer,Central,Social Media,
989,2025-07-15,North,Electronics,Power Bank,1,163.14,0.0,163.14,119.31,43.829999999999984,0.2686649503493931,2025-07,10247,Consumer,West,Referral,
990,2025-12-25,South,Electronics,Bluetooth Speaker,2,10.0,0.15,17.0,10.47,6.529999999999999,0.3841176470588235,2025-12,10023,Corporate,North,Email,
991,2025-09-07,South,Electronics,Wireless Headphones,2,100.63,0.05,191.2,118.47,72.72999999999999,0.3803870292887029,2025-09,10144,Small Business,North,Organic Search,
992,2025-10-10,East,Electronics,Power Bank,1,95.2,0.15,80.92,58.52,22.4,0.27681660899653976,2025-10,10193,Small Business,North,Paid Ads,
993,2025-10-07,Central,Electronics,Wireless Headphones,2,101.74,0.0,203.48,153.16,50.31999999999999,0.2472970316493021,2025-10,10465,Small Business,South,Paid Ads,
994,2025-12-15,West,Beauty,Perfume,1,35.78,0.0,35.78,23.83,11.950000000000003,0.3339854667411963,2025-12,10375,Consumer,Central,Paid Ads,
995,2025-01-02,West,Home & Kitchen,Storage Set,1,132.68,0.15,112.78,78.05,34.730000000000004,0.30794467104096473,2025-01,10266,Consumer,Central,Social Media,
996,2025-07-26,South,Clothing,Sneakers,2,46.5,0.0,93.0,59.97,33.03,0.35516129032258065,2025-07,10378,Small Business,North,Email,
997,2025-03-03,North,Electronics,Power Bank,2,112.69,0.15,191.57,115.59,75.97999999999999,0.3966174244401524,2025-03,10074,Corporate,South,Social Media,
998,2025-03-11,North,Electronics,Bluetooth Speaker,4,132.91,0.15,451.89,327.29,124.59999999999997,0.27573081944721056,2025-03,10438,Corporate,South,Social Media,
999,2025-05-08,South,Clothing,Casual Shirt,1,50.59,0.0,50.59,32.2,18.39,0.3635105752124926,2025-05,10226,Consumer,North,Referral,
1000,2025-07-21,South,Home & Kitchen,LED Lamp,1,83.74,0.0,83.74,44.19,39.55,0.4722951994267972,2025-07,10308,Consumer,West,Referral,
1001,2025-02-28,West,Clothing,Casual Shirt,1,63.92,0.05,60.72,32.42,28.299999999999997,0.46607378129117255,2025-02,10348,Consumer,East,Referral,
1002,2025-02-25,North,Clothing,Sneakers,2,76.75,0.15,130.48,99.32,31.159999999999997,0.23881054567749846,2025-02,10476,Consumer,Central,Email,
1003,2025-02-18,East,Home & Kitchen,LED Lamp,1,79.6,0.0,79.6,61.64,17.959999999999994,0.22562814070351753,2025-02,10315,Consumer,West,Social Media,
1004,2025-03-02,North,Home & Kitchen,Air Fryer,3,58.13,0.1,156.95,107.34,49.609999999999985,0.31608792609111175,2025-03,10425,Consumer,West,Social Media,
1005,2025-02-15,South,Clothing,Jacket,2,47.01,0.1,84.62,44.69,39.93000000000001,0.47187426140392347,2025-02,10249,Consumer,East,Paid Ads,
1006,2025-07-11,South,Clothing,Jacket,1,68.14,0.0,68.14,47.28,20.86,0.3061344291165248,2025-07,10182,Consumer,South,Email,
1007,2025-11-03,East,Home & Kitchen,LED Lamp,2,92.42,0.05,175.6,100.8,74.8,0.42596810933940776,2025-11,10106,Consumer,North,Referral,
1008,2025-02-01,North,Beauty,Face Serum,1,24.58,0.0,24.58,16.45,8.129999999999999,0.3307567127746135,2025-02,10191,Corporate,Central,Paid Ads,
1009,2025-09-04,North,Electronics,Bluetooth Speaker,1,78.59,0.0,78.59,46.35,32.24,0.4102303091996437,2025-09,10137,Consumer,West,Social Media,
1010,2025-01-17,Central,Clothing,Jacket,1,44.46,0.1,40.01,24.44,15.569999999999997,0.3891527118220444,2025-01,10120,Consumer,South,Organic Search,
1011,2025-04-23,East,Electronics,Bluetooth Speaker,1,182.2,0.15,154.87,93.79,61.08,0.39439529928326983,2025-04,10072,Small Business,North,Organic Search,
1012,2025-03-22,Central,Home & Kitchen,LED Lamp,4,74.14,0.0,296.56,206.55,90.00999999999999,0.30351362287564065,2025-03,10131,Consumer,East,Organic Search,
1013,2025-06-17,Central,Clothing,Sneakers,2,48.68,0.05,92.49,68.53,23.959999999999994,0.2590550329765379,2025-06,10457,Consumer,East,Paid Ads,
1014,2025-04-16,West,Home & Kitchen,Air Fryer,1,120.74,0.0,120.74,84.57,36.17,0.29956932251118107,2025-04,10479,Small Business,East,Paid Ads,
1015,2025-02-23,South,Home & Kitchen,Mixer Grinder,1,25.45,0.05,24.18,13.13,11.049999999999999,0.45698924731182794,2025-02,10052,Consumer,South,Social Media,
1016,2025-03-21,East,Beauty,Hair Dryer,1,47.66,0.0,47.66,25.96,21.699999999999996,0.45530843474611826,2025-03,10119,Consumer,South,Referral,
1017,2025-12-03,East,Home & Kitchen,LED Lamp,1,110.97,0.1,99.87,73.03,26.840000000000003,0.2687493741864424,2025-12,10264,Consumer,North,Referral,
1018,2025-01-23,Central,Electronics,Bluetooth Speaker,1,189.14,0.0,189.14,132.31,56.829999999999984,0.30046526382573746,2025-01,10239,Small Business,West,Email,
1019,2025-01-21,East,Clothing,Sneakers,1,32.57,0.05,30.94,18.13,12.810000000000002,0.41402714932126705,2025-01,10351,Consumer,West,Paid Ads,
1020,2025-06-09,South,Home & Kitchen,Mixer Grinder,2,121.79,0.0,243.58,138.88,104.70000000000002,0.42983824616142546,2025-06,10255,Consumer,East,Organic Search,
1021,2025-09-30,West,Clothing,Sneakers,1,33.72,0.05,32.03,19.72,12.310000000000002,0.38432719325632225,2025-09,10309,Corporate,North,Email,
1022,2025-11-16,Central,Home & Kitchen,Storage Set,2,39.72,0.1,71.5,41.2,30.299999999999997,0.42377622377622376,2025-11,10495,Small Business,East,Email,
1023,2025-07-08,Central,Home & Kitchen,Storage Set,1,76.45,0.0,76.45,45.31,31.14,0.4073250490516678,2025-07,10057,Corporate,East,Paid Ads,
1024,2025-06-25,East,Clothing,Jacket,1,58.35,0.1,52.52,40.36,12.160000000000004,0.2315308453922316,2025-06,10403,Consumer,East,Referral,
1025,2025-08-15,East,Beauty,Face Serum,1,30.85,0.05,29.31,18.57,10.739999999999998,0.3664278403275332,2025-08,10067,Consumer,North,Referral,
1026,2025-05-27,North,Sports,Dumbbells,1,70.85,0.2,56.68,43.63,13.049999999999997,0.23023994354269578,2025-05,10046,Consumer,North,Social Media,
1027,2025-02-24,East,Beauty,Face Serum,2,24.43,0.05,46.42,34.24,12.18,0.26238690219732874,2025-02,10369,Consumer,West,Social Media,
1028,2025-01-31,North,Clothing,Casual Shirt,1,32.71,0.0,32.71,19.63,13.080000000000002,0.39987771323754207,2025-01,10232,Consumer,North,Social Media,
1029,2025-03-28,Central,Clothing,Casual Shirt,1,52.66,0.0,52.66,29.28,23.379999999999995,0.44398025066464103,2025-03,10402,Small Business,East,Email,
1030,2025-03-02,West,Home & Kitchen,Air Fryer,2,103.75,0.1,186.75,143.62,43.129999999999995,0.23095046854082996,2025-03,10023,Corporate,North,Email,
1031,2025-09-20,North,Sports,Dumbbells,1,79.52,0.15,67.59,36.52,31.07,0.45968338511614143,2025-09,10267,Corporate,East,Social Media,
1032,2025-05-01,Central,Beauty,Perfume,3,19.02,0.05,54.21,35.33,18.880000000000003,0.34827522597306776,2025-05,10118,Consumer,West,Social Media,
1033,2025-10-03,Central,Beauty,Hair Dryer,2,20.37,0.1,36.67,27.94,8.73,0.23806926643032453,2025-10,10055,Consumer,East,Email,
1034,2025-02-11,West,Home & Kitchen,LED Lamp,1,60.72,0.1,54.65,40.08,14.57,0.2666056724611162,2025-02,10153,Consumer,South,Referral,
1035,2025-11-30,Central,Beauty,Face Serum,1,41.15,0.05,39.09,27.73,11.360000000000003,0.2906114095676644,2025-11,10239,Small Business,West,Email,
1036,2025-04-22,Central,Clothing,Casual Shirt,1,19.36,0.1,17.42,10.99,6.4300000000000015,0.3691159586681975,2025-04,10265,Consumer,North,Paid Ads,
1037,2025-03-13,South,Electronics,Bluetooth Speaker,1,102.05,0.0,102.05,58.26,43.79,0.4291033806957374,2025-03,10268,Consumer,North,Email,
1038,2025-08-21,South,Beauty,Face Serum,1,10.0,0.0,10.0,6.74,3.26,0.32599999999999996,2025-08,10113,Consumer,South,Email,
1039,2025-06-03,West,Sports,Yoga Mat,2,77.8,0.1,140.04,107.25,32.78999999999999,0.2341473864610111,2025-06,10166,Consumer,Central,Social Media,
1040,2025-06-22,West,Beauty,Face Serum,1,34.09,0.05,32.39,18.43,13.96,0.4309972213646187,2025-06,10008,Consumer,East,Referral,
1041,2025-09-25,East,Clothing,Jeans,2,56.21,0.0,112.42,67.01,45.41,0.4039316847536025,2025-09,10217,Corporate,South,Social Media,
1042,2025-04-26,West,Sports,Fitness Band,1,59.83,0.1,53.85,29.32,24.53,0.45552460538532963,2025-04,10431,Corporate,North,Referral,
1043,2025-10-02,Central,Clothing,Casual Shirt,1,80.46,0.15,68.39,48.11,20.28,0.29653458107910513,2025-10,10292,Consumer,Central,Paid Ads,
1044,2025-01-08,South,Beauty,Face Serum,1,46.98,0.05,44.63,31.04,13.590000000000003,0.3045036970647547,2025-01,10050,Consumer,Central,Organic Search,
1045,2025-12-04,North,Beauty,Face Serum,1,44.87,0.1,40.38,30.39,9.990000000000002,0.24739970282317983,2025-12,10107,Consumer,Central,Referral,
1046,2025-07-02,East,Sports,Yoga Mat,1,57.83,0.0,57.83,41.12,16.71,0.2889503717793533,2025-07,10009,Consumer,West,Organic Search,
1047,2025-11-30,East,Electronics,Wireless Headphones,1,134.64,0.15,114.44,83.48,30.959999999999994,0.27053477804963294,2025-11,10456,Consumer,Central,Social Media,
1048,2025-11-04,Central,Home & Kitchen,LED Lamp,2,92.49,0.05,175.73,102.59,73.13999999999999,0.4162066807033517,2025-11,10323,Consumer,North,Referral,
1049,2025-08-02,South,Home & Kitchen,Air Fryer,2,65.86,0.1,118.55,72.35,46.2,0.3897089835512442,2025-08,10309,Corporate,North,Email,
1050,2025-04-10,Central,Home & Kitchen,Air Fryer,1,86.12,0.15,73.2,52.35,20.85,0.2848360655737705,2025-04,10145,Consumer,South,Email,
1051,2025-02-10,South,Clothing,Jeans,2,57.5,0.15,97.75,75.59,22.159999999999997,0.22670076726342708,2025-02,10412,Small Business,Central,Social Media,
1052,2025-04-10,North,Home & Kitchen,Air Fryer,1,56.32,0.1,50.69,33.14,17.549999999999997,0.34622213454330236,2025-04,10114,Consumer,East,Organic Search,
1053,2025-04-05,Central,Home & Kitchen,Mixer Grinder,2,109.27,0.1,196.69,111.99,84.7,0.4306268747775688,2025-04,10399,Small Business,West,Social Media,
1054,2025-03-22,North,Electronics,Smart Watch,1,129.75,0.1,116.78,84.34,32.44,0.27778729234457955,2025-03,10275,Consumer,West,Email,
1055,2025-02-16,East,Clothing,Sneakers,1,66.56,0.0,66.56,47.93,18.630000000000003,0.27989783653846156,2025-02,10124,Consumer,South,Organic Search,
1056,2025-03-18,North,Sports,Fitness Band,1,72.1,0.1,64.89,50.02,14.869999999999997,0.22915703498227766,2025-03,10086,Consumer,East,Email,
1057,2025-12-04,East,Electronics,Bluetooth Speaker,1,169.21,0.1,152.29,98.96,53.33,0.3501871429509489,2025-12,10047,Consumer,East,Referral,
1058,2025-05-27,East,Electronics,Power Bank,1,190.57,0.1,171.51,92.41,79.1,0.46119759780770797,2025-05,10201,Consumer,West,Organic Search,
1059,2025-03-18,North,Clothing,Sneakers,1,73.51,0.15,62.48,36.79,25.689999999999998,0.4111715749039693,2025-03,10276,Consumer,North,Organic Search,
1060,2025-12-05,West,Electronics,Smart Watch,1,115.54,0.05,109.76,58.48,51.28000000000001,0.4672011661807581,2025-12,10130,Corporate,North,Organic Search,
1061,2025-04-22,Central,Home & Kitchen,Storage Set,2,77.87,0.0,155.74,99.1,56.640000000000015,0.3636830615127778,2025-04,10448,Corporate,North,Social Media,
1062,2025-11-02,West,Electronics,Smart Watch,2,-10.0,0.05,206.74,160.48,46.26000000000002,0.22375931121215062,2025-11,10389,Small Business,West,Referral,
1063,2025-07-28,East,Sports,Fitness Band,1,78.58,0.0,78.58,49.47,29.11,0.3704504963094935,2025-07,10263,Consumer,North,Social Media,
1064,2025-12-02,Central,Clothing,Jacket,1,56.8,0.2,45.44,28.18,17.259999999999998,0.3798415492957746,2025-12,10278,Corporate,West,Paid Ads,
1065,2025-08-11,East,Sports,Dumbbells,1,43.57,0.1,39.21,21.75,17.46,0.4452945677123183,2025-08,10046,Consumer,North,Social Media,
1066,2025-10-25,North,Home & Kitchen,Air Fryer,1,86.24,0.0,86.24,45.15,41.089999999999996,0.476461038961039,2025-10,10168,Consumer,North,Paid Ads,
1067,2025-12-11,Central,Electronics,Power Bank,1,113.05,0.0,113.05,80.78,32.269999999999996,0.2854489164086687,2025-12,10445,Consumer,South,Referral,
1068,2025-04-29,East,Clothing,Jeans,1,39.12,0.1,35.21,19.11,16.1,0.4572564612326044,2025-04,10046,Consumer,North,Social Media,
1069,2025-03-28,Central,Clothing,Casual Shirt,4,77.68,0.1,279.65,192.54,87.10999999999999,0.3114965134990166,2025-03,10087,Consumer,South,Social Media,
1070,2025-04-11,East,Beauty,Face Serum,1,41.59,0.0,41.59,21.91,19.680000000000003,0.4731906708343352,2025-04,10385,Small Business,West,Email,
1071,2025-09-14,East,Home & Kitchen,Mixer Grinder,1,32.08,0.15,27.27,14.35,12.92,0.4737807114044738,2025-09,10265,Consumer,North,Paid Ads,
1072,2025-08-15,West,Clothing,Jacket,3,52.75,0.1,142.43,108.65,33.78,0.2371691357157902,2025-08,10022,Small Business,South,Paid Ads,
1073,2025-08-22,Central,Sports,Dumbbells,1,54.2,0.1,48.78,31.12,17.66,0.36203362033620334,2025-08,10450,Small Business,East,Social Media,
1074,2025-02-13,East,Home & Kitchen,Air Fryer,1,61.93,0.1,55.74,41.37,14.370000000000005,0.25780409041980634,2025-02,10232,Consumer,North,Social Media,
1075,2025-02-28,West,Electronics,Wireless Headphones,1,106.92,0.05,101.57,62.39,39.17999999999999,0.38574382199468343,2025-02,10186,Small Business,North,Organic Search,
1076,2025-08-14,South,Clothing,Sneakers,2,91.67,0.05,174.17,106.62,67.54999999999998,0.3878394671872308,2025-08,10326,Consumer,South,Organic Search,
1077,2025-06-09,West,Clothing,Sneakers,2,52.51,0.05,99.77,54.35,45.419999999999995,0.455247068256991,2025-06,10183,Consumer,East,Paid Ads,
1078,2025-08-17,North,Home & Kitchen,LED Lamp,1,89.82,0.05,85.33,59.06,26.269999999999996,0.3078635884214227,2025-08,10397,Corporate,East,Paid Ads,
1079,2025-09-13,East,Home & Kitchen,Air Fryer,1,63.71,0.05,60.52,44.38,16.14,0.26668869795109057,2025-09,10481,Consumer,North,Email,
1080,2025-08-21,West,Beauty,Hair Dryer,1,38.86,0.0,38.86,23.27,15.59,0.40118373648996397,2025-08,10403,Consumer,East,Referral,
1081,2025-08-11,South,Home & Kitchen,Storage Set,1,37.15,0.1,33.44,25.06,8.379999999999999,0.2505980861244019,2025-08,10463,Consumer,Central,Referral,
1082,2025-05-26,West,Electronics,Power Bank,1,169.54,0.05,161.06,91.41,69.65,0.4324475350800944,2025-05,10417,Corporate,South,Social Media,
1083,2025-04-20,Central,Home & Kitchen,Storage Set,1,96.29,0.0,96.29,65.36,30.930000000000007,0.321217156506387,2025-04,10202,Consumer,East,Organic Search,
1084,2025-01-26,East,Clothing,Jacket,1,67.43,0.05,64.06,40.24,23.82,0.3718389010302841,2025-01,10065,Consumer,North,Organic Search,
1085,2025-08-29,North,Electronics,Power Bank,2,103.99,0.0,207.98,129.79,78.19,0.37594961053947495,2025-08,10017,Small Business,Central,Organic Search,
1086,2025-12-24,North,Electronics,Bluetooth Speaker,1,76.17,0.05,72.36,53.6,18.759999999999998,0.25925925925925924,2025-12,10183,Consumer,East,Paid Ads,
1087,2025-07-12,East,Home & Kitchen,Air Fryer,2,48.06,0.0,96.12,70.05,26.070000000000007,0.27122347066167296,2025-07,10391,Corporate,North,Organic Search,
1088,2025-08-23,East,Home & Kitchen,LED Lamp,2,88.82,0.05,168.76,109.35,59.41,0.3520383977245793,2025-08,10044,Consumer,North,Organic Search,
1089,2025-12-15,West,Clothing,Casual Shirt,1,76.05,0.05,72.25,46.45,25.799999999999997,0.3570934256055363,2025-12,10482,Consumer,Central,Email,
1090,2025-02-20,North,Electronics,Bluetooth Speaker,1,138.62,0.0,138.62,74.95,63.67,0.4593132304140817,2025-02,10263,Consumer,North,Social Media,
1091,2025-04-19,West,Electronics,Wireless Headphones,1,94.15,0.0,94.15,66.78,27.370000000000005,0.29070631970260224,2025-04,10174,Consumer,West,Email,
1092,2025-07-26,South,Home & Kitchen,Mixer Grinder,1,85.47,0.0,85.47,52.25,33.22,0.3886743886743887,2025-07,10441,Corporate,Central,Referral,
1093,2025-11-07,East,Clothing,Casual Shirt,1,39.55,0.1,35.6,25.26,10.34,0.29044943820224717,2025-11,10220,Consumer,North,Email,
1094,2025-02-07,East,Electronics,Power Bank,1,108.87,0.0,108.87,76.24,32.63000000000001,0.29971525672820803,2025-02,10394,Consumer,South,Organic Search, 
1095,2025-08-09,West,Beauty,Perfume,1,36.88,0.0,36.88,27.61,9.270000000000003,0.25135574837310204,2025-08,10195,Consumer,Central,Referral,
1096,2025-06-07,Central,Sports,Fitness Band,1,69.81,0.0,69.81,41.29,28.520000000000003,0.40853745881678843,2025-06,10409,Small Business,East,Paid Ads,
1097,2025-09-20,Central,Home & Kitchen,Mixer Grinder,1,75.5,0.0,75.5,39.96,35.54,0.47072847682119207,2025-09,10471,Small Business,East,Paid Ads,
1098,2025-05-07,Central,Home & Kitchen,Air Fryer,2,72.23,0.1,130.01,91.58,38.42999999999999,0.2955926467194831,2025-05,10347,Small Business,Central,Email,
1099,2025-03-02,Central,Electronics,Bluetooth Speaker,1,114.07,0.0,114.07,84.2,29.86999999999999,0.26185675462435337,2025-03,10462,Consumer,North,Referral,
1100,2025-07-13,South,Electronics,Smart Watch,1,54.35,0.0,54.35,32.71,21.64,0.39816007359705613,2025-07,10061,Small Business,West,Email,
1101,2025-09-06,West,Clothing,Sneakers,1,69.77,0.0,69.77,53.02,16.749999999999993,0.24007453060054457,2025-09,10166,Consumer,Central,Social Media,
1102,2025-03-19,West,Beauty,Face Serum,1,52.63,0.1,47.37,25.33,22.04,0.4652733797762297,2025-03,10151,Consumer,South,Paid Ads,
1103,2025-05-18,West,Beauty,Perfume,1,52.33,0.05,49.71,33.83,15.880000000000003,0.3194528263930799,2025-05,10111,Consumer,West,Social Media,
1104,2025-12-27,West,Sports,Running Shoes,1,78.04,0.0,78.04,52.54,25.500000000000007,0.3267555099948745,2025-12,10488,Consumer,North,Email,
1105,2025-08-31,South,Beauty,Hair Dryer,2,41.55,0.1,74.79,45.76,29.03000000000001,0.38815349645674563,2025-08,10003,Consumer,West,Organic Search,
1106,2025-01-10,East,Beauty,Face Serum,2,22.67,0.0,45.34,26.78,18.560000000000002,0.4093515659461844,2025-01,10483,Consumer,North,Organic Search,
1107,2025-07-12,West,Sports,Yoga Mat,1,70.0,0.1,63.0,37.21,25.79,0.4093650793650794,2025-07,10013,Consumer,East,Social Media,
1108,2025-11-15,Central,Electronics,Wireless Headphones,1,104.96,0.1,94.46,71.51,22.94999999999999,0.2429599830616133,2025-11,10162,Consumer,Central,Organic Search,
1109,2025-06-29,West,Beauty,Skin Care Kit,1,38.71,0.05,36.77,25.16,11.610000000000003,0.31574653249932016,2025-06,10344,Consumer,East,Social Media,
1110,2025-09-20,North,Sports,Dumbbells,2,36.18,0.0,72.36,37.81,34.55,0.4774737423991155,2025-09,10449,Consumer,South,Social Media,
1111,2025-03-28,North,Beauty,Perfume,1,17.8,0.1,16.02,11.19,4.83,0.301498127340824,2025-03,10332,Corporate,West,Email,
1112,2025-07-04,East,Electronics,Smart Watch,1,69.63,0.05,66.15,50.41,15.740000000000009,0.2379440665154952,2025-07,10264,Consumer,North,Referral,
1113,2025-11-22,South,Electronics,Wireless Headphones,1,115.75,0.05,109.96,69.07,40.89,0.37186249545289196,2025-11,10083,Consumer,West,Paid Ads,
1114,2025-09-19,South,Electronics,Smart Watch,2,152.1,0.05,288.99,194.3,94.69,0.3276583964843074,2025-09,10334,Consumer,East,Social Media,
1115,2025-09-07,West,Clothing,Casual Shirt,2,78.1,0.0,156.2,91.28,64.91999999999999,0.41562099871959024,2025-09,10380,Consumer,South,Social Media,
1116,2025-11-09,South,Home & Kitchen,LED Lamp,3,67.72,0.15,172.69,133.01,39.68000000000001,0.22977589900978637,2025-11,10219,Small Business,East,Social Media,
1117,2025-10-05,West,Electronics,Smart Watch,2,54.75,0.2,87.6,60.66,26.939999999999998,0.30753424657534245,2025-10,10454,Consumer,North,Paid Ads,
1118,2025-04-22,South,Home & Kitchen,Storage Set,1,79.91,0.1,71.92,48.52,23.4,0.32536151279199105,2025-04,10089,Small Business,Central,Social Media,
1119,2025-08-06,North,Sports,Yoga Mat,1,41.5,0.0,41.5,22.95,18.55,0.44698795180722894,2025-08,10333,Corporate,West,Paid Ads,
1120,2025-07-16,West,Beauty,Skin Care Kit,1,50.34,0.05,47.82,31.84,15.98,0.3341698034295274,2025-07,10310,Consumer,West,Email,
1121,2025-05-05,South,Clothing,Casual Shirt,1,78.65,0.05,74.72,55.86,18.86,0.25240899357601715,2025-05,10420,Consumer,South,Email,
1122,2025-07-10,East,Home & Kitchen,Mixer Grinder,1,100.85,0.2,80.68,42.42,38.260000000000005,0.4742191373326723,2025-07,10354,Small Business,South,Email, 
1123,2025-10-15,East,Sports,Dumbbells,1,78.93,0.0,78.93,59.42,19.510000000000005,0.24718104649689604,2025-10,10100,Small Business,East,Organic Search,
1124,2025-02-28,Central,Electronics,Smart Watch,2,81.4,0.0,162.8,113.35,49.45000000000002,0.3037469287469288,2025-02,10145,Consumer,South,Email,
1125,2025-11-14,East,Home & Kitchen,Air Fryer,1,27.89,0.05,26.5,14.14,12.36,0.46641509433962264,2025-11,10010,Consumer,East,Social Media,
1126,2025-11-07,West,Sports,Yoga Mat,2,58.48,0.1,105.26,68.05,37.21000000000001,0.3535056051681551,2025-11,10044,Consumer,North,Organic Search,
1127,2025-01-10,West,Sports,Yoga Mat,1,57.0,0.15,48.45,31.75,16.700000000000003,0.3446852425180599,2025-01,10386,Consumer,West,Social Media,
1128,2025-07-19,Central,Electronics,Smart Watch,1,99.99,0.0,99.99,61.82,38.169999999999995,0.3817381738173817,2025-07,10495,Small Business,East,Email,
1129,2025-08-05,South,Home & Kitchen,LED Lamp,1,111.57,0.05,105.99,81.21,24.78,0.23379564109821682,2025-08,10493,Consumer,South,Social Media,
1130,2025-09-09,West,Sports,Fitness Band,1,56.13,0.1,50.52,26.48,24.040000000000003,0.4758511480601742,2025-09,10169,Consumer,East,Email,
1131,2025-12-31,East,Home & Kitchen,LED Lamp,1,86.93,0.1,78.24,44.0,34.239999999999995,0.4376278118609407,2025-12,10336,Corporate,South,Paid Ads,
1132,2025-03-27,East,Home & Kitchen,Mixer Grinder,1,83.66,0.05,79.48,43.93,35.550000000000004,0.44728233517866134,2025-03,10513,Consumer,South,Organic Search,
1133,2025-11-05,East,Clothing,Sneakers,1,24.04,0.0,24.04,15.27,8.77,0.36480865224625625,2025-11,10130,Corporate,North,Organic Search,
1134,2025-04-24,South,Sports,Running Shoes,1,70.57,0.0,70.57,49.73,20.839999999999996,0.29530962165226016,2025-04,10514,Consumer,East,Organic Search,
1135,2025-08-10,South,Home & Kitchen,Mixer Grinder,1,111.28,0.0,111.28,69.17,42.11,0.37841480948957584,2025-08,10250,Small Business,East,Paid Ads,
1136,2025-05-15,North,Electronics,Power Bank,1,80.83,0.15,68.71,40.23,28.479999999999997,0.4144957065929268,2025-05,10138,Consumer,Central,Referral,
1137,2025-03-15,West,Home & Kitchen,Air Fryer,1,92.73,0.0,92.73,67.91,24.820000000000007,0.2676587943491859,2025-03,10275,Consumer,West,Email,
1138,2025-07-22,Central,Home & Kitchen,LED Lamp,2,64.41,0.0,128.82,94.3,34.519999999999996,0.2679708119857165,2025-07,10464,Consumer,Central,Organic Search,
1139,2025-05-15,East,Clothing,Casual Shirt,1,59.79,0.0,59.79,34.6,25.189999999999998,0.42130791102191,2025-05,10141,Small Business,South,Email,
1140,2025-10-25,Central,Home & Kitchen,Mixer Grinder,2,57.01,,114.02,86.07,27.950000000000003,0.24513243290650766,2025-10,10256,Consumer,North,Organic Search,
1141,2025-05-20,South,Sports,Yoga Mat,3,56.83,0.0,170.49,122.85,47.640000000000015,0.27942987858525437,2025-05,10456,Consumer,Central,Social Media,
1142,2025-04-16,North,Clothing,Jacket,1,58.11,0.0,58.11,30.52,27.59,0.47478919290999827,2025-04,10434,Corporate,Central,Referral,
1143,2025-06-19,East,Clothing,Jeans,1,47.04,0.05,44.69,29.15,15.54,0.3477287983889013,2025-06,10173,Consumer,East,Social Media,
1144,2025-11-07,North,Electronics,Wireless Headphones,2,85.62,0.15,145.55,110.87,34.68000000000001,0.23826863620748887,2025-11,10473,Consumer,West,Organic Search,
1145,2025-12-02,West,Beauty,Perfume,1,46.24,0.1,41.62,23.92,17.699999999999996,0.4252763094666025,2025-12,10423,Consumer,East,Organic Search,
1146,2025-09-02,Central,Clothing,Jacket,1,23.7,0.1,21.33,14.53,6.799999999999999,0.3187998124706985,2025-09,10439,Small Business,Central,Referral,
1147,2025-04-17,West,Clothing,Casual Shirt,1,54.66,0.05,51.93,37.6,14.329999999999998,0.275948392066243,2025-04,10057,Corporate,East,Paid Ads,
1148,2025-02-16,West,Electronics,Power Bank,1,143.76,0.2,115.01,82.32,32.69000000000001,0.2842361533779672,2025-02,10498,Consumer,Central,Email,
1149,2025-08-23,North,Sports,Running Shoes,1,67.89,0.0,67.89,40.9,26.990000000000002,0.3975548681690971,2025-08,10169,Consumer,East,Email,
1150,2025-03-21,Central,Clothing,Jeans,1,72.8,0.2,58.24,43.05,15.190000000000005,0.26081730769230776,2025-03,10428,Consumer,North,Organic Search,
1151,2025-07-04,South,Clothing,Jeans,1,44.07,0.05,41.87,29.28,12.589999999999996,0.30069262001433,2025-07,10419,Consumer,East,Organic Search,
1152,2025-03-13,East,Clothing,Jeans,1,53.72,0.0,53.72,34.92,18.799999999999997,0.3499627699180938,2025-03,10347,Small Business,Central,Email,
1153,2025-12-30,East,Clothing,Casual Shirt,1,84.1,0.1,75.69,45.1,30.589999999999996,0.4041485004624124,2025-12,10517,Consumer,North,Paid Ads,
1154,2025-09-22,East,Sports,Yoga Mat,1,77.56,0.2,62.05,43.81,18.239999999999995,0.29395648670427066,2025-09,10455,Corporate,South,Referral,
1155,2025-08-19,Central,Clothing,Jacket,1,66.82,0.05,63.48,41.9,21.58,0.3399495904221802,2025-08,10202,Consumer,East,Organic Search,
1156,2025-07-06,North,Electronics,Bluetooth Speaker,1,119.94,0.0,119.94,62.42,57.519999999999996,0.47957311989327994,2025-07,10179,Consumer,East,Social Media,
1157,2025-09-13,East,Home & Kitchen,LED Lamp,1,55.58,0.0,55.58,40.11,15.469999999999999,0.2783375314861461,2025-09,10057,Corporate,East,Paid Ads,
1158,2025-01-26,East,Beauty,Skin Care Kit,1,38.41,0.05,36.49,24.96,11.530000000000001,0.31597697999451907,2025-01,10501,Consumer,East,Organic Search,
1159,2025-02-01,West,Beauty,Perfume,1,36.91,0.05,35.06,18.81,16.250000000000004,0.46349115801483176,2025-02,10112,Small Business,Central,Social Media,
1160,2025-07-26,East,Electronics,Bluetooth Speaker,1,108.61,0.1,97.75,67.84,29.909999999999997,0.30598465473145775,2025-07,10148,Consumer,Central,Organic Search,
1161,2025-06-25,North,Electronics,Wireless Headphones,1,138.9,0.0,138.9,107.8,31.10000000000001,0.2239020878329734,2025-06,10378,Small Business,North,Email,
1162,2025-05-21,North,Beauty,Skin Care Kit,2,22.76,0.1,40.97,29.09,11.879999999999999,0.2899682694654625,2025-05,10348,Consumer,East,Referral,
1163,2025-08-11,North,Sports,Dumbbells,1,73.49,0.0,73.49,56.6,16.889999999999993,0.22982718737243155,2025-08,10358,Consumer,East,Email,
1164,2025-06-04,East,Clothing,Jeans,4,53.14,0.0,212.56,134.67,77.89000000000001,0.36643771170493045,2025-06,10056,Consumer,Central,Organic Search,
1165,2025-10-30,Central,Electronics,Wireless Headphones,1,128.76,0.1,115.88,76.0,39.879999999999995,0.3441491197790818,2025-10,10316,Consumer,East,Referral,
1166,2025-12-13,West,Electronics,Wireless Headphones,1,136.15,0.05,129.34,77.9,51.44,0.3977114581722591,2025-12,10185,Consumer,South,Paid Ads,
1167,2025-09-02,Central,Electronics,Power Bank,1,98.06,0.1,88.25,48.99,39.26,0.4448725212464589,2025-09,10054,Consumer,North,Paid Ads,
1168,2025-09-16,West,Beauty,Face Serum,3,33.84,0.2,81.22,53.97,27.25,0.3355084954444718,2025-09,10037,Corporate,East,Referral,
1169,2025-06-27,East,Clothing,Sneakers,1,66.93,0.0,66.93,38.03,28.900000000000006,0.4317944120723144,2025-06,10270,Consumer,East,Paid Ads,
1170,2025-10-04,South,Clothing,Jeans,1,57.76,0.0,57.76,36.25,21.509999999999998,0.3724030470914127,2025-10,10508,Corporate,South,Paid Ads,
1171,2025-01-26,South,Electronics,Bluetooth Speaker,2,45.42,0.0,90.84,57.31,33.53,0.3691105239982387,2025-01,10228,Corporate,South,Referral,
1172,2025-01-25,Central,Electronics,Wireless Headphones,1,72.97,0.05,69.32,47.26,22.059999999999995,0.3182342758222735,2025-01,10428,Consumer,North,Organic Search,
1173,2025-03-25,South,Home & Kitchen,Storage Set,2,36.02,0.0,72.04,54.09,17.950000000000003,0.24916712937257082,2025-03,10001,Consumer,West,Referral,
1174,2025-08-20,West,Sports,Fitness Band,2,73.39,0.0,146.78,109.12,37.66,0.25657446518599264,2025-08,10023,Corporate,North,Email,
1175,2025-01-15,South,Clothing,Jacket,2,46.21,0.0,92.42,71.92,20.5,0.22181346028998053,2025-01,10503,Consumer,South,Organic Search,
1176,2025-06-30,North,Clothing,Sneakers,1,52.12,0.1,46.91,29.51,17.399999999999995,0.37092304412705174,2025-06,10448,Corporate,North,Social Media,
1177,2025-08-08,North,Sports,Dumbbells,1,64.56,0.0,64.56,36.96,27.6,0.4275092936802974,2025-08,10496,Consumer,East,Paid Ads,
1178,2025-07-17,East,Home & Kitchen,LED Lamp,1,61.43,0.0,61.43,47.9,13.530000000000001,0.22025069184437573,2025-07,10425,Consumer,West,Social Media,
1179,2025-09-13,North,Home & Kitchen,LED Lamp,1,77.94,0.1,70.15,52.62,17.53000000000001,0.24989308624376347,2025-09,10018,Consumer,South,Paid Ads,
1180,2025-06-24,East,Beauty,Skin Care Kit,2,38.04,0.1,68.47,44.74,23.729999999999997,0.34657514239813053,2025-06,10445,Consumer,South,Referral,
1181,2025-07-12,North,Beauty,Skin Care Kit,1,58.68,0.0,58.68,44.66,14.020000000000003,0.23892297205180646,2025-07,10039,Consumer,Central,Referral,
1182,2025-10-06,South,Home & Kitchen,Air Fryer,1,104.36,0.05,99.14,69.96,29.180000000000007,0.29433124873915684,2025-10,10210,Consumer,South,Referral,
1183,2025-02-16,Central,Sports,Yoga Mat,1,45.04,0.1,40.54,30.33,10.21,0.2518500246669956,2025-02,10211,Consumer,West,Organic Search,
1184,2025-05-20,South,Home & Kitchen,Mixer Grinder,1,98.41,0.0,98.41,75.49,22.92,0.2329031602479423,2025-05,10281,Consumer,West,Organic Search,
1185,2025-04-06,Central,Electronics,Bluetooth Speaker,1,127.87,0.1,115.08,84.8,30.28,0.26312130691692737,2025-04,10133,Consumer,South,Referral,
1186,2025-10-05,Central,Home & Kitchen,Mixer Grinder,1,80.89,0.1,72.8,50.62,22.18,0.3046703296703297,2025-10,10449,Consumer,South,Social Media,
1187,2025-04-21,South,Electronics,Power Bank,3,128.08,0.15,326.6,212.7,113.90000000000003,0.3487446417636253,2025-04,10264,Consumer,North,Referral,
1188,2025-04-08,Central,Beauty,Face Serum,1,54.99,0.05,52.24,34.68,17.560000000000002,0.33614088820826954,2025-04,10111,Consumer,West,Social Media,
1189,2025-03-19,South,Sports,Yoga Mat,1,53.72,0.05,51.03,29.56,21.470000000000002,0.42073290221438375,2025-03,10238,Consumer,Central,Email,
1190,2025-09-23,Central,Home & Kitchen,Air Fryer,1,66.88,0.15,56.85,35.4,21.450000000000003,0.3773087071240106,2025-09,10457,Consumer,East,Paid Ads,
1191,2025-06-15,Central,Home & Kitchen,Storage Set,1,79.95,0.05,75.95,50.53,25.42,0.3346938775510204,2025-06,10516,Consumer,South,Email,
1192,2025-06-24,West,Electronics,Bluetooth Speaker,1,101.73,0.0,101.73,58.75,42.980000000000004,0.4224909073036469,2025-06,10173,Consumer,East,Social Media,
1193,2025-03-28,West,Clothing,Sneakers,1,41.7,0.1,37.53,24.72,12.810000000000002,0.34132693844924067,2025-03,10193,Small Business,North,Paid Ads,
1194,2025-01-28,East,Sports,Dumbbells,1,57.3,0.1,51.57,31.33,20.240000000000002,0.3924762458793873,2025-01,10515,Consumer,Central,Social Media,
1195,2025-05-10,East,Home & Kitchen,Mixer Grinder,1,92.08,0.0,92.08,66.81,25.269999999999996,0.27443527367506515,2025-05,10409,Small Business,East,Paid Ads,
1196,2025-11-28,East,Home & Kitchen,Mixer Grinder,1,133.99,0.2,107.19,72.17,35.019999999999996,0.32670958111764153,2025-11,10084,Corporate,Central,Referral,
1197,2025-04-01,East,Home & Kitchen,Air Fryer,2,54.9,0.0,109.8,71.5,38.3,0.348816029143898,2025-04,10080,Consumer,East,Organic Search,
1198,2025-08-15,South,Beauty,Hair Dryer,1,31.55,0.1,28.4,20.92,7.479999999999997,0.26338028169014077,2025-08,10209,Consumer,North,Organic Search,
1199,2025-10-14,West,Beauty,Skin Care Kit,1,47.87,0.05,45.48,27.35,18.129999999999995,0.39863676341248894,2025-10,10199,Corporate,South,Paid Ads,
1200,2025-06-01,South,Home & Kitchen,LED Lamp,2,87.86,0.1,158.15,109.61,48.540000000000006,0.3069238065128043,2025-06,10234,Corporate,North,Paid Ads,
1201,2025-03-19,West,Home & Kitchen,Air Fryer,1,81.05,0.2,64.84,38.47,26.370000000000005,0.4066933991363356,2025-03,10244,Consumer,South,Social Media,
1202,2025-01-23,South,Home & Kitchen,Storage Set,1,111.32,0.05,105.75,71.47,34.28,0.32416075650118203,2025-01,10393,Consumer,West,Referral,
1203,2025-02-23,South,Beauty,Perfume,1,26.06,0.0,26.06,14.73,11.329999999999998,0.43476592478894854,2025-02,10446,Consumer,North,Organic Search,
1204,2025-02-16,Central,Electronics,Smart Watch,1,135.11,0.0,135.11,87.54,47.57000000000001,0.35208348752868035,2025-02,10393,Consumer,West,Referral,
1205,2025-02-15,North,Beauty,Skin Care Kit,2,44.73,0.1,80.51,44.53,35.980000000000004,0.4469010060862005,2025-02,10009,Consumer,West,Organic Search,
1206,2025-07-11,Central,Electronics,Wireless Headphones,2,104.34,0.05,198.25,105.0,93.25,0.4703656998738966,2025-07,10153,Consumer,South,Referral,
1207,2025-01-26,Central,Home & Kitchen,Air Fryer,1,64.62,0.0,64.62,48.02,16.6,0.2568864128752708,2025-01,10110,Consumer,Central,Social Media,
1208,2025-11-05,East,Clothing,Sneakers,1,72.92,0.0,72.92,40.14,32.78,0.44953373560065824,2025-11,10266,Consumer,Central,Social Media,
1209,2025-04-30,South,Clothing,Casual Shirt,3,90.87,0.05,258.98,156.45,102.53000000000003,0.3958992972430304,2025-04,10373,Corporate,North,Referral,
1210,2025-08-20,West,Clothing,Jeans,1,57.59,0.05,54.71,39.31,15.399999999999999,0.281484189362091,2025-08,10152,Consumer,Central,Email,
1211,2025-07-27,Central,Electronics,Smart Watch,1,110.36,0.1,99.32,52.69,46.629999999999995,0.46949254933548124,2025-07,10415,Consumer,South,Organic Search,
1212,2025-10-27,West,Clothing,Sneakers,2,72.72,0.0,145.44,100.38,45.06,0.30981848184818483,2025-10,10326,Consumer,South,Organic Search,
1213,2025-08-04,South,Clothing,Jacket,1,30.83,0.1,27.75,16.61,11.14,0.40144144144144145,2025-08,10176,Corporate,North,Social Media,
1214,2025-11-28,East,Home & Kitchen,LED Lamp,1,74.6,0.05,70.87,41.68,29.190000000000005,0.41188090870608157,2025-11,10315,Consumer,West,Social Media,
1215,2025-11-01,North,Electronics,Smart Watch,2,120.13,0.05,228.25,173.3,54.94999999999999,0.24074479737130333,2025-11,10067,Consumer,North,Referral,
1216,2025-04-10,South,Clothing,Jeans,1,45.89,0.0,45.89,24.85,21.04,0.4584876879494443,2025-04,10184,Consumer,South,Email,
1217,2025-07-02,North,Electronics,Smart Watch,1,100.56,0.15,85.48,54.9,30.580000000000005,0.3577445016378101,2025-07,10035,Consumer,West,Referral,
1218,2025-08-08,North,Clothing,Jacket,1,53.81,0.2,43.05,27.09,15.959999999999997,0.3707317073170731,2025-08,10505,Consumer,South,Referral,
1219,2025-11-15,East,Home & Kitchen,Storage Set,2,87.19,0.0,174.38,122.2,52.17999999999999,0.29923156325266653,2025-11,10076,Consumer,South,Paid Ads,
1220,2025-06-24,South,Home & Kitchen,Air Fryer,1,102.45,0.15,87.08,48.31,38.769999999999996,0.4452227836472209,2025-06,10472,Consumer,East,Social Media,
1221,2025-11-30,North,Electronics,Bluetooth Speaker,1,133.53,0.15,113.5,64.02,49.480000000000004,0.4359471365638767,2025-11,10283,Small Business,South,Email,
1222,2025-08-18,West,Sports,Yoga Mat,1,56.36,0.0,56.36,41.18,15.18,0.26933995741660754,2025-08,10274,Corporate,North,Referral,
1223,2025-08-19,West,Home & Kitchen,LED Lamp,1,97.23,0.2,77.78,50.43,27.35,0.3516328104911288,2025-08,10054,Consumer,North,Paid Ads,
1224,2025-03-17,North,Electronics,Wireless Headphones,1,102.28,0.15,86.94,57.13,29.809999999999995,0.3428801472279733,2025-03,10055,Consumer,East,Email,
1225,2025-05-16,West,Electronics,Smart Watch,2,139.92,0.1,251.86,172.75,79.11000000000001,0.31410307313586916,2025-05,10277,Consumer,South,Organic Search,
1226,2025-05-14,South,Clothing,Jeans,1,76.85,0.0,76.85,40.52,36.32999999999999,0.4727391021470396,2025-05,10443,Consumer,West,Referral,
1227,2025-08-28,North,Electronics,Smart Watch,1,163.36,0.05,155.19,103.73,51.459999999999994,0.3315935305109865,2025-08,10418,Corporate,North,Organic Search,
1228,2025-09-07,North,Electronics,Wireless Headphones,1,121.85,0.05,115.76,81.91,33.85000000000001,0.29241534208707676,2025-09,10225,Consumer,West,Paid Ads,
1229,2025-11-02,West,Electronics,Power Bank,1,174.29,0.0,174.29,99.97,74.32,0.4264157438751506,2025-11,10255,Consumer,East,Organic Search,
1230,2025-08-16,West,Electronics,Wireless Headphones,1,101.09,0.05,96.04,68.81,27.230000000000004,0.28352769679300294,2025-08,10176,Corporate,North,Social Media,
1231,2025-01-28,South,Electronics,Smart Watch,2,145.75,0.1,262.35,199.91,62.440000000000026,0.23800266819134752,2025-01,10146,Consumer,East,Organic Search,
1232,2025-06-15,Central,Clothing,Jacket,1,48.63,0.0,48.63,34.92,13.71,0.28192473781616284,2025-06,10385,Small Business,West,Email,
1233,2025-08-11,East,Sports,Running Shoes,1,70.98,0.15,60.33,35.52,24.809999999999995,0.4112381899552461,2025-08,10262,Small Business,South,Paid Ads,
1234,2025-05-17,East,Home & Kitchen,Mixer Grinder,3,103.68,0.1,279.94,204.06,75.88,0.2710580838751161,2025-05,10371,Small Business,Central,Organic Search,
1235,2025-04-10,West,Clothing,Jacket,1,49.08,0.05,46.63,30.97,15.660000000000004,0.33583529916362864,2025-04,10197,Corporate,East,Email,
1236,2025-07-27,South,Beauty,Skin Care Kit,1,37.7,0.0,37.7,27.05,10.650000000000002,0.2824933687002653,2025-07,10284,Consumer,South,Email,
1237,2025-06-28,Central,Clothing,Jacket,1,68.03,0.1,61.23,40.0,21.229999999999997,0.3467254613751429,2025-06,10302,Consumer,West,Organic Search,
1238,2025-09-30,Central,Clothing,Jacket,1,62.84,0.05,59.7,33.61,26.090000000000003,0.4370184254606366,2025-09,10132,Consumer,North,Organic Search,
1239,2025-01-17,North,Clothing,Jacket,2,82.25,0.05,156.28,106.87,49.41,0.31616329664704373,2025-01,10120,Consumer,South,Organic Search,
1240,2025-07-25,North,Home & Kitchen,Air Fryer,1,84.47,0.05,80.25,47.71,32.54,0.4054828660436137,2025-07,10136,Consumer,South,Paid Ads,
1241,2025-05-18,East,Electronics,Wireless Headphones,2,124.96,0.1,224.93,151.97,72.96000000000001,0.32436758102520785,2025-05,10034,Consumer,North,Referral,
1242,2025-02-26,South,Beauty,Perfume,1,37.49,0.0,37.49,24.54,12.950000000000003,0.3454254467858096,2025-02,10208,Consumer,Central,Referral,
1243,2025-04-16,Central,Clothing,Jeans,1,40.26,0.05,38.25,20.11,18.14,0.4742483660130719,2025-04,10299,Consumer,East,Paid Ads,
1244,2025-08-12,Central,Home & Kitchen,Mixer Grinder,2,61.68,0.1,111.02,63.84,47.17999999999999,0.42496847414880196,2025-08,10094,Small Business,West,Paid Ads,
1245,2025-01-26,South,Sports,Running Shoes,1,62.62,0.05,59.49,37.62,21.870000000000005,0.36762481089258703,2025-01,10414,Small Business,West,Referral,
1246,2025-04-29,North,Sports,Fitness Band,1,103.35,0.0,103.35,62.21,41.13999999999999,0.3980648282535075,2025-04,10371,Small Business,Central,Organic Search,
1247,2025-07-11,West,Home & Kitchen,LED Lamp,1,65.38,0.15,55.57,41.22,14.350000000000001,0.25823285945654134,2025-07,10409,Small Business,East,Paid Ads,
1248,2025-10-30,East,Beauty,Perfume,1,33.15,0.0,33.15,21.59,11.559999999999999,0.3487179487179487,2025-10,10383,Consumer,West,Organic Search,
1249,2025-10-17,West,Electronics,Smart Watch,1,87.11,0.1,78.4,57.81,20.590000000000003,0.2626275510204082,2025-10,10441,Corporate,Central,Referral,
1250,2025-08-15,North,Beauty,Skin Care Kit,2,40.41,0.1,72.74,51.93,20.809999999999995,0.28608743469892767,2025-08,10447,Consumer,South,Organic Search,
1251,2025-05-08,West,Home & Kitchen,Air Fryer,1,86.1,0.0,86.1,58.48,27.619999999999997,0.3207897793263647,2025-05,10071,Consumer,North,Paid Ads,
1252,2025-04-26,West,Electronics,Smart Watch,1,118.08,0.15,100.37,55.32,45.050000000000004,0.4488392946099432,2025-04,10084,Corporate,Central,Referral,
1253,2025-10-25,South,Sports,Fitness Band,2,86.59,0.1,155.86,94.19,61.670000000000016,0.3956756063133582,2025-10,10209,Consumer,North,Organic Search,
1254,2025-09-04,South,Sports,Yoga Mat,2,30.58,0.0,61.16,43.21,17.949999999999996,0.29349247874427725,2025-09,10259,Corporate,East,Organic Search,
1255,2025-05-16,West,Clothing,Sneakers,1,56.83,0.05,53.99,33.72,20.270000000000003,0.3754398962770884,2025-05,10239,Small Business,West,Email,
1256,2025-06-15,Central,Electronics,Wireless Headphones,1,105.2,0.1,94.68,71.27,23.41000000000001,0.24725390790029583,2025-06,10302,Consumer,West,Organic Search,
1257,2025-11-04,South,Clothing,Jacket,1,57.15,0.0,57.15,40.8,16.35,0.28608923884514437,2025-11,10232,Consumer,North,Social Media,
1258,2025-01-27,South,Beauty,Face Serum,2,40.73,0.05,77.39,56.21,21.18,0.27367876986690787,2025-01,10282,Consumer,West,Social Media,
1259,2025-04-05,North,Sports,Running Shoes,1,65.25,0.1,58.72,36.81,21.909999999999997,0.37312670299727513,2025-04,10394,Consumer,South,Organic Search,
1260,2025-02-11,West,Electronics,Smart Watch,1,138.94,0.05,131.99,85.7,46.290000000000006,0.3507083869990151,2025-02,10418,Corporate,North,Organic Search,
1261,2025-06-11,North,Home & Kitchen,Air Fryer,1,54.48,0.0,54.48,31.73,22.749999999999996,0.4175844346549192,2025-06,10206,Consumer,Central,Organic Search,
1262,2025-04-03,South,Electronics,Smart Watch,2,140.64,0.05,267.22,205.65,61.57000000000002,0.23040940049397507,2025-04,10264,Consumer,North,Referral,
1263,2025-03-03,East,Beauty,Skin Care Kit,1,35.55,0.05,33.77,17.83,15.940000000000005,0.4720165827657685,2025-03,10311,Small Business,Central,Organic Search,
1264,2025-05-16,Central,Clothing,Jacket,1,45.39,0.0,45.39,33.02,12.369999999999997,0.2725269883234192,2025-05,10079,Consumer,North,Social Media,
1265,2025-04-30,East,Electronics,Wireless Headphones,1,106.71,0.1,96.04,61.41,34.63000000000001,0.3605789254477302,2025-04,10342,Corporate,North,Email,
1266,2025-08-16,West,Electronics,Wireless Headphones,3,106.13,0.1,286.55,216.36,70.19,0.244948525562729,2025-08,10095,Consumer,South,Email,
1267,2025-03-15,West,Beauty,Face Serum,2,42.74,0.2,68.38,47.62,20.759999999999998,0.30359754314126935,2025-03,10351,Consumer,West,Paid Ads,
1268,2025-03-08,East,Clothing,Jacket,1,48.58,0.05,46.15,25.94,20.209999999999997,0.43791982665222096,2025-03,10062,Small Business,West,Social Media,
1269,2025-12-05,Central,Home & Kitchen,Mixer Grinder,2,72.72,0.0,145.44,95.93,49.50999999999999,0.34041529152915284,2025-12,10142,Small Business,South,Referral,
1270,2025-07-01,East,Clothing,Jeans,1,53.97,0.05,51.27,30.21,21.060000000000002,0.41076653013458164,2025-07,10111,Consumer,West,Social Media,
1271,2025-03-25,West,Sports,Fitness Band,1,35.29,0.0,35.29,19.25,16.04,0.4545196939642958,2025-03,10157,Small Business,North,Referral,
1272,2025-12-18,West,Electronics,Bluetooth Speaker,1,108.39,0.05,102.97,54.05,48.92,0.4750898319899,2025-12,10009,Consumer,West,Organic Search,
1273,2025-05-26,West,Electronics,Power Bank,1,156.62,0.1,140.96,91.35,49.610000000000014,0.3519438138479002,2025-05,10276,Consumer,North,Organic Search,
1274,2025-05-04,West,Electronics,Wireless Headphones,1,156.04,0.0,156.04,82.86,73.17999999999999,0.4689823122276339,2025-05,10227,Consumer,East,Organic Search,
1275,2025-08-03,Central,Electronics,Smart Watch,1,97.79,0.1,88.01,48.73,39.28000000000001,0.4463129189864789,2025-08,10186,Small Business,North,Organic Search,
1276,2025-07-30,East,Clothing,Sneakers,1,47.07,0.0,47.07,33.84,13.229999999999997,0.2810707456978967,2025-07,10216,Corporate,South,Social Media,
1277,2025-11-30,Central,Clothing,Casual Shirt,1,39.48,0.05,37.51,25.98,11.529999999999998,0.30738469741402286,2025-11,10433,Small Business,Central,Social Media,
1278,2025-11-22,Central,Beauty,Perfume,1,27.49,0.05,26.12,13.74,12.38,0.4739663093415008,2025-11,10356,Consumer,East,Email,
1279,2025-08-16,South,Clothing,Casual Shirt,1,65.82,0.1,59.24,37.03,22.21,0.37491559756921,2025-08,10392,Small Business,South,Email,
1280,2025-03-10,Central,Clothing,Jeans,1,77.64,0.05,73.76,46.89,26.870000000000005,0.3642895878524946,2025-03,10275,Consumer,West,Email,
1281,2025-03-13,Central,Electronics,Bluetooth Speaker,2,110.88,0.05,210.67,155.92,54.75,0.2598851283998671,2025-03,10494,Consumer,West,Organic Search,
1282,2025-04-17,West,Electronics,Power Bank,1,104.41,0.1,93.97,52.89,41.08,0.437160795998723,2025-04,10451,Consumer,East,Email,
1283,2025-11-15,North,Electronics,Smart Watch,1,150.04,0.1,135.04,87.53,47.50999999999999,0.35182168246445494,2025-11,10420,Consumer,South,Email,
1284,2025-11-18,Central,Sports,Yoga Mat,1,67.21,0.0,67.21,50.41,16.799999999999997,0.2499628031542925,2025-11,10164,Corporate,West,Organic Search,
1285,2025-05-08,North,Home & Kitchen,Storage Set,1,-10.0,0.15,45.82,30.14,15.68,0.3422086425141859,2025-05,10183,Consumer,East,Paid Ads,
1286,2025-04-20,East,Home & Kitchen,Air Fryer,1,46.16,0.2,36.93,22.19,14.739999999999998,0.3991334958028703,2025-04,10310,Consumer,West,Email,
1287,2025-05-09,North,Clothing,Casual Shirt,2,19.24,0.0,38.48,26.05,12.429999999999996,0.32302494802494797,2025-05,10017,Small Business,Central,Organic Search,
1288,2025-02-24,North,Clothing,Jacket,1,46.49,0.05,44.17,25.59,18.580000000000002,0.420647498302015,2025-02,10446,Consumer,North,Organic Search,
1289,2025-07-30,North,Home & Kitchen,Air Fryer,2,72.92,0.15,123.96,86.59,37.36999999999999,0.30146821555340425,2025-07,10170,Consumer,East,Email,
1290,2025-03-07,Central,Home & Kitchen,LED Lamp,1,87.04,0.0,87.04,63.43,23.610000000000007,0.27125459558823534,2025-03,10280,Consumer,South,Referral,
1291,2025-10-09,West,Beauty,Perfume,1,50.68,0.0,50.68,36.6,14.079999999999998,0.2778216258879242,2025-10,10340,Consumer,Central,Referral,
1292,2025-04-25,East,Clothing,Jeans,2,60.37,0.0,120.74,63.71,57.029999999999994,0.47233725360278284,2025-04,10519,Consumer,North,Organic Search,
1293,2025-05-18,South,Sports,Dumbbells,1,84.15,0.15,71.53,42.14,29.39,0.4108765552914861,2025-05,10011,Consumer,West,Paid Ads,
1294,2025-09-05,North,Clothing,Casual Shirt,1,56.5,0.1,50.85,27.69,23.16,0.45545722713864306,2025-09,10133,Consumer,South,Referral,
1295,2025-07-10,North,Beauty,Hair Dryer,1,35.2,0.1,31.68,18.9,12.780000000000001,0.40340909090909094,2025-07,10148,Consumer,Central,Organic Search,
1296,2025-11-05,West,Home & Kitchen,Air Fryer,1,79.77,0.0,79.77,52.57,27.199999999999996,0.34098031841544435,2025-11,10079,Consumer,North,Social Media,
1297,2025-09-15,Central,Electronics,Wireless Headphones,1,114.77,0.15,97.55,66.99,30.560000000000002,0.31327524346488983,2025-09,10346,Consumer,North,Email,
1298,2025-01-25,Central,Electronics,Power Bank,1,108.16,0.05,102.75,64.16,38.59,0.3755717761557178,2025-01,10249,Consumer,East,Paid Ads,
1299,2025-02-26,North,Sports,Yoga Mat,2,87.52,0.1,157.54,89.66,67.88,0.43087469848927257,2025-02,10024,Consumer,West,Email,
1300,2025-09-09,South,Home & Kitchen,Air Fryer,1,74.3,0.05,70.58,49.48,21.1,0.2989515443468405,2025-09,10471,Small Business,East,Paid Ads,
1301,2025-06-30,West,Clothing,Jacket,1,45.67,0.2,36.54,25.8,10.739999999999998,0.2939244663382594,2025-06,10201,Consumer,West,Organic Search,
1302,2025-09-10,West,Beauty,Perfume,1,39.64,0.0,39.64,22.56,17.080000000000002,0.43087790110998997,2025-09,10131,Consumer,East,Organic Search,
1303,2025-05-12,West,Clothing,Sneakers,2,35.96,0.1,64.73,33.99,30.740000000000002,0.47489572068592617,2025-05,10356,Consumer,East,Email,
1304,2025-08-25,Central,Home & Kitchen,Air Fryer,3,108.55,0.15,276.8,209.37,67.43,0.24360549132947978,2025-08,10150,Small Business,South,Organic Search,
1305,2025-03-06,North,Clothing,Jeans,1,68.14,0.1,61.33,38.21,23.119999999999997,0.376977009620088,2025-03,10304,Small Business,South,Social Media,
1306,2025-10-31,East,Home & Kitchen,Mixer Grinder,1,42.49,0.0,42.49,28.88,13.610000000000003,0.3203106613320782,2025-10,10050,Consumer,Central,Organic Search,
1307,2025-01-06,West,Electronics,Bluetooth Speaker,1,120.76,0.0,120.76,73.74,47.02000000000001,0.38936734017886726,2025-01,10464,Consumer,Central,Organic Search,
1308,2025-04-28,Central,Clothing,Casual Shirt,1,19.93,0.0,19.93,10.75,9.18,0.4606121424987456,2025-04,10240,Small Business,Central,Email,
1309,2025-01-07,South,Clothing,Sneakers,1,66.6,0.05,63.27,40.53,22.740000000000002,0.35941204362256995,2025-01,10482,Consumer,Central,Email,
1310,2025-09-12,South,Electronics,Bluetooth Speaker,1,123.35,0.05,117.18,77.15,40.03,0.3416111964499061,2025-09,10455,Corporate,South,Referral,
1311,2025-04-26,South,Clothing,Casual Shirt,1,65.88,0.0,65.88,37.98,27.9,0.42349726775956287,2025-04,10283,Small Business,South,Email,
1312,2025-12-14,Central,Home & Kitchen,Storage Set,2,51.42,0.1,92.56,49.93,42.63,0.46056611927398444,2025-12,10335,Consumer,North,Paid Ads,
1313,2025-06-06,East,Sports,Fitness Band,1,89.27,0.2,71.42,40.03,31.39,0.43951274152898345,2025-06,10352,Consumer,North,Organic Search,
1314,2025-10-31,East,Electronics,Wireless Headphones,1,92.17,0.1,82.95,59.84,23.11,0.2786015672091621,2025-10,10327,Consumer,East,Email,
1315,2025-08-03,South,Electronics,Power Bank,1,105.5,0.0,105.5,57.8,47.7,0.45213270142180095,2025-08,10336,Corporate,South,Paid Ads,
1316,2025-10-13,South,Home & Kitchen,LED Lamp,1,32.51,0.1,29.26,17.79,11.470000000000002,0.39200273410799735,2025-10,10081,Consumer,Central,Referral,
1317,2025-01-08,North,Electronics,Wireless Headphones,1,184.81,0.05,175.57,129.31,46.25999999999999,0.2634846499971521,2025-01,10087,Consumer,South,Social Media,
1318,2025-12-22,North,Clothing,Casual Shirt,1,55.72,0.1,50.15,26.22,23.93,0.47716849451645066,2025-12,10258,Consumer,East,Email,
1319,2025-12-28,South,Beauty,Hair Dryer,2,35.4,0.1,63.72,38.97,24.75,0.3884180790960452,2025-12,10185,Consumer,South,Paid Ads,
1320,2025-05-14,East,Electronics,Smart Watch,1,103.82,0.0,103.82,61.39,42.42999999999999,0.40868811404353683,2025-05,10123,Corporate,West,Social Media,
1321,2025-02-09,Central,Electronics,Wireless Headphones,1,96.08,0.05,91.28,58.26,33.02,0.3617440841367222,2025-02,10096,Consumer,West,Social Media,
1322,2025-08-03,South,Clothing,Jacket,1,53.0,0.1,47.7,33.58,14.120000000000005,0.29601677148846967,2025-08,10515,Consumer,Central,Social Media,
1323,2025-10-17,Central,Electronics,Smart Watch,1,111.35,0.1,100.22,56.57,43.65,0.4355418080223508,2025-10,10443,Consumer,West,Referral,
1324,2025-01-08,North,Home & Kitchen,Storage Set,2,78.78,0.05,149.68,85.83,63.85000000000001,0.42657669695350087,2025-01,10514,Consumer,East,Organic Search,
1325,2025-02-08,West,Home & Kitchen,Air Fryer,2,89.44,,152.05,107.62,44.43000000000001,0.29220651101611317,2025-02,10371,Small Business,Central,Organic Search,
1326,2025-06-12,East,Home & Kitchen,Storage Set,1,98.09,0.15,83.38,51.75,31.629999999999995,0.3793475653633965,2025-06,10305,Consumer,East,Organic Search,
1327,2025-03-08,Central,Clothing,Jeans,1,62.32,0.0,62.32,47.21,15.11,0.24245827984595633,2025-03,10357,Consumer,East,Referral,
1328,2025-12-10,North,Sports,Yoga Mat,1,80.77,0.1,72.69,52.76,19.93,0.27417801623331955,2025-12,10148,Consumer,Central,Organic Search,
1329,2025-09-20,Central,Clothing,Jeans,1,78.18,0.1,70.36,46.3,24.060000000000002,0.3419556566230813,2025-09,10285,Consumer,South,Email,
1330,2025-04-27,South,Electronics,Bluetooth Speaker,1,83.71,0.2,66.97,43.16,23.810000000000002,0.35553232790801853,2025-04,10262,Small Business,South,Paid Ads,
1331,2025-08-21,North,Home & Kitchen,Air Fryer,1,104.68,0.05,99.45,58.31,41.14,0.41367521367521365,2025-08,10491,Corporate,West,Paid Ads,
1332,2025-12-05,Central,Beauty,Face Serum,1,45.51,0.05,43.23,26.89,16.339999999999996,0.3779782558408512,2025-12,10031,Corporate,East,Email,
1333,2025-03-12,West,Clothing,Sneakers,1,77.11,0.15,65.54,35.25,30.290000000000006,0.462160512664022,2025-03,10268,Consumer,North,Email,
1334,2025-01-13,East,Home & Kitchen,Storage Set,1,39.04,0.0,39.04,29.58,9.46,0.24231557377049184,2025-01,10012,Small Business,East,Referral,
1335,2025-11-30,Central,Home & Kitchen,Mixer Grinder,1,67.52,0.1,60.77,36.64,24.130000000000003,0.3970709231528715,2025-11,10191,Corporate,Central,Paid Ads,
1336,2025-12-26,North,Electronics,Bluetooth Speaker,1,109.21,0.1,98.29,64.71,33.58000000000001,0.34164207956048437,2025-12,10400,Consumer,South,Email,
1337,2025-08-26,South,Electronics,Power Bank,1,100.75,0.0,100.75,52.46,48.29,0.4793052109181141,2025-08,10091,Consumer,Central,Social Media,
1338,2025-04-14,South,Home & Kitchen,Mixer Grinder,1,105.02,0.15,89.27,52.4,36.87,0.413016690937605,2025-04,10501,Consumer,East,Organic Search,
1339,2025-08-25,Central,Home & Kitchen,Air Fryer,1,73.47,0.1,66.12,48.02,18.1,0.2737447065940714,2025-08,10301,Consumer,South,Paid Ads,
1340,2025-03-29,North,Clothing,Jacket,1,57.46,0.0,57.46,44.31,13.149999999999999,0.2288548555516881,2025-03,10111,Consumer,West,Social Media,
1341,2025-10-02,South,Clothing,Jacket,1,61.31,0.05,58.24,42.14,16.1,0.2764423076923077,2025-10,10080,Consumer,East,Organic Search,
1342,2025-03-13,West,Beauty,Skin Care Kit,1,33.31,0.0,33.31,22.85,10.46,0.3140198138697088,2025-03,10433,Small Business,Central,Social Media,
1343,2025-07-24,North,Home & Kitchen,Storage Set,1,99.98,0.1,89.98,53.97,36.010000000000005,0.4002000444543232,2025-07,10417,Corporate,South,Social Media,
1344,2025-07-15,West,Sports,Yoga Mat,1,44.74,0.0,44.74,32.33,12.410000000000004,0.27738042020563264,2025-07,10214,Corporate,West,Paid Ads,
1345,2025-05-20,North,Electronics,Smart Watch,4,131.18,0.15,446.01,248.96,197.04999999999998,0.4418062375283065,2025-05,10447,Consumer,South,Organic Search,
1346,2025-12-21,South,Beauty,Skin Care Kit,1,25.07,0.1,22.56,16.19,6.369999999999997,0.2823581560283687,2025-12,10018,Consumer,South,Paid Ads,
1347,2025-04-13,West,Beauty,Hair Dryer,1,55.26,0.05,52.5,34.64,17.86,0.34019047619047615,2025-04,10054,Consumer,North,Paid Ads,
1348,2025-04-19,North,Home & Kitchen,Storage Set,1,71.84,0.15,61.06,32.41,28.650000000000006,0.4692106125122831,2025-04,10240,Small Business,Central,Email,
1349,2025-12-06,Central,Clothing,Jacket,1,50.74,0.0,50.74,27.42,23.32,0.45959795033504136,2025-12,10418,Corporate,North,Organic Search,
1350,2025-01-01,West,Clothing,Jacket,1,56.34,0.05,53.52,35.81,17.71,0.33090433482810166,2025-01,10486,Consumer,North,Email,
1351,2025-08-05,West,Clothing,Sneakers,1,66.6,0.2,53.28,34.17,19.11,0.35867117117117114,2025-08,10444,Small Business,West,Social Media,
1352,2025-02-12,North,Home & Kitchen,Storage Set,1,63.92,0.1,57.53,44.67,12.86,0.2235355466713019,2025-02,10123,Corporate,West,Social Media,
1353,2025-06-02,East,Electronics,Smart Watch,1,111.98,0.15,95.18,68.42,26.760000000000005,0.2811515024164741,2025-06,10420,Consumer,South,Email,
1354,2025-09-03,East,Clothing,Jeans,1,47.59,0.1,42.83,30.64,12.189999999999998,0.2846135886061172,2025-09,10216,Corporate,South,Social Media,
1355,2025-04-13,West,Sports,Dumbbells,1,93.01,0.1,83.71,52.44,31.269999999999996,0.37355154700752596,2025-04,10420,Consumer,South,Email,
1356,2025-03-27,East,Electronics,Smart Watch,2,126.98,0.0,253.96,142.31,111.65,0.4396361631753032,2025-03,10228,Corporate,South,Referral,
1357,2025-05-08,East,Beauty,Hair Dryer,1,32.87,0.05,31.23,23.12,8.11,0.25968619916746716,2025-05,10237,Consumer,Central,Referral,
1358,2025-03-12,Central,Electronics,Power Bank,1,131.7,0.2,105.36,56.31,49.05,0.46554669703872437,2025-03,10330,Small Business,North,Organic Search,
1359,2025-09-19,West,Electronics,Power Bank,1,109.31,0.05,103.84,69.1,34.74000000000001,0.3345531587057012,2025-09,10469,Consumer,North,Referral,
1360,2025-11-29,Central,Sports,Dumbbells,1,44.92,0.05,42.67,24.38,18.290000000000003,0.4286383876259668,2025-11,10487,Consumer,West,Organic Search,
1361,2025-08-03,North,Electronics,Power Bank,1,141.03,0.0,141.03,82.93,58.099999999999994,0.41196908459193077,2025-08,10415,Consumer,South,Organic Search,
1362,2025-02-03,Central,Home & Kitchen,Storage Set,1,117.3,0.05,111.43,70.2,41.230000000000004,0.37000807681952796,2025-02,10219,Small Business,East,Social Media,
1363,2025-03-02,West,Electronics,Bluetooth Speaker,1,123.95,0.0,123.95,73.99,49.96000000000001,0.4030657523194837,2025-03,10381,Corporate,East,Paid Ads,
1364,2025-03-18,South,Electronics,Smart Watch,2,125.09,0.1,225.16,163.57,61.59,0.2735388168413573,2025-03,10087,Consumer,South,Social Media,
1365,2025-09-07,North,Clothing,Jeans,2,39.35,0.05,74.76,56.71,18.050000000000004,0.24143927233814877,2025-09,10461,Corporate,East,Organic Search,
1366,2025-06-15,East,Electronics,Power Bank,1,107.66,0.05,102.28,53.67,48.61,0.47526398122800156,2025-06,10411,Consumer,Central,Referral,
1367,2025-06-09,Central,Home & Kitchen,Mixer Grinder,2,73.82,0.0,147.64,93.43,54.20999999999998,0.36717691682470865,2025-06,10447,Consumer,South,Organic Search,
1368,2025-01-16,West,Beauty,Perfume,1,35.95,0.1,32.36,18.8,13.559999999999999,0.419035846724351,2025-01,10300,Consumer,North,Email,
1369,2025-08-06,North,Clothing,Casual Shirt,2,51.62,0.0,103.24,61.83,41.41,0.4011042231693142,2025-08,10408,Consumer,Central,Referral,
1370,2025-10-15,West,Clothing,Sneakers,2,50.07,0.1,90.13,51.53,38.599999999999994,0.4282702762676134,2025-10,10375,Consumer,Central,Paid Ads,
1371,2025-04-21,South,Electronics,Power Bank,1,79.48,0.05,75.51,47.91,27.60000000000001,0.36551450139054437,2025-04,10233,Small Business,South,Paid Ads,
1372,2025-07-21,Central,Clothing,Jeans,1,41.36,0.0,41.36,25.27,16.09,0.3890232108317215,2025-07,10049,Small Business,Central,Organic Search,
1373,2025-01-28,West,Beauty,Face Serum,1,57.1,0.05,54.24,35.96,18.28,0.33702064896755163,2025-01,10186,Small Business,North,Organic Search,
1374,2025-03-16,South,Beauty,Hair Dryer,1,61.31,0.1,55.18,30.64,24.54,0.4447263501268575,2025-03,10205,Consumer,South,Email,
1375,2025-10-14,East,Sports,Running Shoes,2,76.9,0.05,146.11,90.78,55.33000000000001,0.37868729039764565,2025-10,10078,Consumer,West,Organic Search,
1376,2025-06-25,East,Home & Kitchen,LED Lamp,1,90.68,0.05,86.15,66.15,20.0,0.2321532211259431,2025-06,10481,Consumer,North,Email,
1377,2025-01-29,West,Home & Kitchen,Mixer Grinder,1,67.44,0.05,64.07,49.11,14.959999999999994,0.2334946152645543,2025-01,10386,Consumer,West,Social Media,
1378,2025-12-26,West,Beauty,Hair Dryer,2,37.37,0.15,63.53,39.6,23.93,0.37667243821816465,2025-12,10194,Consumer,North,Social Media,
1379,2025-02-13,West,Electronics,Power Bank,1,157.38,0.0,157.38,108.18,49.19999999999999,0.3126191383911551,2025-02,10103,Corporate,West,Referral,
1380,2025-09-24,East,Beauty,Skin Care Kit,1,39.2,0.05,37.24,24.11,13.130000000000003,0.352577873254565,2025-09,10376,Small Business,Central,Organic Search,
1381,2025-01-08,West,Home & Kitchen,LED Lamp,1,73.85,0.0,73.85,38.95,34.89999999999999,0.47257955314827343,2025-01,10287,Small Business,Central,Referral,
1382,2025-07-23,East,Electronics,Smart Watch,1,104.64,0.1,94.18,55.81,38.370000000000005,0.4074113399872585,2025-07,10482,Consumer,Central,Email,
1383,2025-04-07,West,Electronics,Power Bank,1,130.05,0.0,130.05,97.84,32.21000000000001,0.24767397154940413,2025-04,10250,Small Business,East,Paid Ads,
1384,2025-06-23,South,Clothing,Jacket,1,66.43,0.2,53.14,27.79,25.35,0.47704177643959356,2025-06,10201,Consumer,West,Organic Search,
1385,2025-06-01,West,Clothing,Sneakers,1,52.31,0.15,44.46,27.86,16.6,0.3733693207377418,2025-06,10461,Corporate,East,Organic Search,
1386,2025-12-11,South,Home & Kitchen,Air Fryer,1,110.47,0.1,99.42,75.34,24.08,0.24220478776906054,2025-12,10300,Consumer,North,Email,
1387,2025-01-20,South,Electronics,Wireless Headphones,1,105.73,0.0,105.73,79.1,26.63000000000001,0.2518679655726852,2025-01,10478,Consumer,North,Referral,
1388,2025-01-14,West,Sports,Dumbbells,2,98.18,0.1,176.72,121.1,55.620000000000005,0.3147351742870077,2025-01,10083,Consumer,West,Paid Ads,
1389,2025-12-02,North,Sports,Dumbbells,1,85.02,0.0,85.02,64.3,20.72,0.24370736297341802,2025-12,10458,Consumer,Central,Email,
1390,2025-03-22,South,Home & Kitchen,LED Lamp,1,121.86,0.0,121.86,82.77,39.09,0.32077794190054165,2025-03,10298,Consumer,South,Social Media,
1391,2025-06-29,North,Electronics,Smart Watch,1,101.21,0.05,96.15,71.17,24.980000000000004,0.25980239209568384,2025-06,10364,Consumer,Central,Organic Search,
1392,2025-04-26,South,Home & Kitchen,Storage Set,1,69.69,0.0,69.69,39.29,30.4,0.43621753479695796,2025-04,10040,Consumer,East,Referral,
1393,2025-03-08,South,Home & Kitchen,Storage Set,1,57.87,0.0,57.87,37.79,20.08,0.3469846207015725,2025-03,10340,Consumer,Central,Referral,
1394,2025-05-01,South,Electronics,Wireless Headphones,1,144.29,0.0,144.29,75.94,68.35,0.4736988010257121,2025-05,10516,Consumer,South,Email,
1395,2025-07-03,South,Electronics,Smart Watch,1,156.28,0.0,156.28,116.26,40.019999999999996,0.25607883286409006,2025-07,10108,Consumer,North,Email,
1396,2025-07-03,North,Beauty,Hair Dryer,1,55.42,0.05,52.65,30.13,22.52,0.4277302943969611,2025-07,10316,Consumer,East,Referral,
1397,2025-05-16,Central,Home & Kitchen,Air Fryer,1,99.45,0.05,94.48,49.91,44.57000000000001,0.4717400508044031,2025-05,10114,Consumer,East,Organic Search,
1398,2025-04-30,North,Home & Kitchen,Air Fryer,1,123.18,0.15,104.7,78.62,26.08,0.2490926456542502,2025-04,10167,Small Business,West,Paid Ads,
1399,2025-09-09,East,Beauty,Face Serum,2,31.02,0.0,62.04,45.09,16.949999999999996,0.2732108317214699,2025-09,10261,Small Business,South,Social Media,
1400,2025-03-24,East,Sports,Yoga Mat,1,47.76,0.1,42.98,31.6,11.379999999999995,0.2647743136342484,2025-03,10224,Consumer,South,Paid Ads,
1401,2025-08-31,North,Electronics,Wireless Headphones,1,119.14,0.05,113.18,74.12,39.06,0.3451139777345821,2025-08,10262,Small Business,South,Paid Ads,
1402,2025-03-16,South,Clothing,Jeans,1,21.71,0.15,18.45,12.19,6.26,0.3392953929539295,2025-03,10251,Corporate,South,Referral,
1403,2025-02-16,West,Clothing,Sneakers,1,62.11,0.0,62.11,34.68,27.43,0.44163580743841574,2025-02,10126,Consumer,North,Organic Search,
1404,2025-08-16,South,Electronics,Wireless Headphones,1,110.1,0.1,99.09,59.29,39.800000000000004,0.40165506105560606,2025-08,10206,Consumer,Central,Organic Search,
1405,2025-04-14,West,Sports,Fitness Band,1,43.6,0.1,39.24,26.51,12.73,0.3244138634046891,2025-04,10140,Consumer,East,Referral,
1406,2025-08-19,Central,Beauty,Perfume,1,48.63,0.0,48.63,35.26,13.370000000000005,0.27493316882582775,2025-08,10062,Small Business,West,Social Media,
1407,2025-06-06,Central,Clothing,Sneakers,2,65.33,0.15,111.06,85.95,25.11,0.22609400324149106,2025-06,10283,Small Business,South,Email,
1408,2025-12-23,Central,Home & Kitchen,Air Fryer,1,86.84,0.0,86.84,51.55,35.290000000000006,0.4063795485951175,2025-12,10054,Consumer,North,Paid Ads,
1409,2025-10-03,West,Electronics,Smart Watch,1,188.16,0.1,169.34,106.36,62.980000000000004,0.3719144915554506,2025-10,10346,Consumer,North,Email,
1410,2025-10-28,West,Home & Kitchen,LED Lamp,2,72.87,0.05,138.45,100.78,37.66999999999999,0.272083784759841,2025-10,10136,Consumer,South,Paid Ads,
1411,2025-06-08,North,Beauty,Hair Dryer,1,40.53,0.0,40.53,28.73,11.8,0.2911423636812238,2025-06,10330,Small Business,North,Organic Search,
1412,2025-03-26,North,Electronics,Wireless Headphones,1,60.2,0.1,54.18,41.29,12.89,0.23791066814322628,2025-03,10144,Small Business,North,Organic Search,
1413,2025-12-22,Central,Sports,Fitness Band,1,65.76,0.15,55.9,30.29,25.61,0.45813953488372094,2025-12,10436,Consumer,South,Organic Search,
1414,2025-08-24,Central,Clothing,Casual Shirt,1,95.6,0.15,81.26,44.12,37.14000000000001,0.4570514398227911,2025-08,10282,Consumer,West,Social Media,
1415,2025-12-27,East,Home & Kitchen,Mixer Grinder,1,89.61,0.1,80.65,57.02,23.630000000000003,0.2929944203347799,2025-12,10136,Consumer,South,Paid Ads,
1416,2025-12-14,South,Electronics,Bluetooth Speaker,1,160.44,0.1,144.4,88.62,55.78,0.3862880886426593,2025-12,10489,Consumer,South,Organic Search,
1417,2025-11-06,East,Sports,Dumbbells,2,61.86,0.0,123.72,84.25,39.47,0.31902683478823146,2025-11,10401,Consumer,North,Email,
1418,2025-04-09,West,Clothing,Sneakers,1,40.57,0.1,36.51,23.58,12.93,0.3541495480690222,2025-04,10449,Consumer,South,Social Media,
1419,2025-03-19,North,Clothing,Jacket,1,51.88,0.2,41.5,24.37,17.13,0.4127710843373494,2025-03,10270,Consumer,East,Paid Ads,
1420,2025-03-23,North,Sports,Fitness Band,1,68.18,0.1,61.36,38.57,22.79,0.37141460234680573,2025-03,10017,Small Business,Central,Organic Search,
1421,2025-09-12,North,Sports,Fitness Band,1,70.12,0.05,66.61,38.51,28.1,0.42185857979282393,2025-09,10269,Consumer,Central,Social Media,
1422,2025-12-24,South,Electronics,Smart Watch,2,181.57,0.0,363.14,228.72,134.42,0.37016026876686675,2025-12,10482,Consumer,Central,Email,
1423,2025-05-21,South,Sports,Running Shoes,1,64.07,0.15,54.46,38.4,16.060000000000002,0.29489533602644147,2025-05,10219,Small Business,East,Social Media,
1424,2025-03-25,South,Electronics,Power Bank,2,66.87,0.0,133.74,84.05,49.69000000000001,0.3715417975175715,2025-03,10319,Corporate,West,Referral,
1425,2025-03-09,North,Clothing,Jeans,1,49.93,0.0,49.93,32.35,17.58,0.352092930102143,2025-03,10238,Consumer,Central,Email,
1426,2025-11-21,South,Clothing,Sneakers,2,61.94,0.05,117.69,70.91,46.78,0.39748491800492824,2025-11,10285,Consumer,South,Email,
1427,2025-04-02,North,Beauty,Hair Dryer,1,34.73,0.1,31.26,21.18,10.080000000000002,0.3224568138195778,2025-04,10037,Corporate,East,Referral,
1428,2025-01-14,South,Clothing,Sneakers,1,72.27,0.2,57.82,37.49,20.33,0.3516084399861639,2025-01,10103,Corporate,West,Referral,
1429,2025-05-06,Central,Clothing,Jeans,2,42.79,0.0,85.58,44.93,40.65,0.4749941575134377,2025-05,10430,Consumer,West,Referral,
1430,2025-05-29,West,Sports,Fitness Band,1,99.81,0.0,99.81,64.8,35.010000000000005,0.35076645626690717,2025-05,10239,Small Business,West,Email,
1431,2025-02-07,West,Electronics,Smart Watch,1,72.01,0.1,64.81,38.53,26.28,0.40549297947847557,2025-02,10125,Consumer,South,Paid Ads,
1432,2025-01-23,West,Clothing,Sneakers,1,26.3,0.2,21.04,11.78,9.26,0.44011406844106465,2025-01,10188,Corporate,Central,Referral,
1433,2025-11-20,West,Clothing,Jeans,1,57.87,0.2,46.3,24.95,21.349999999999998,0.4611231101511879,2025-11,10256,Consumer,North,Organic Search,
1434,2025-12-25,East,Beauty,Hair Dryer,1,52.09,0.0,52.09,35.79,16.300000000000004,0.31291994624688046,2025-12,10392,Small Business,South,Email,
1435,2025-09-17,Central,Clothing,Jeans,1,40.06,0.1,36.05,26.68,9.369999999999997,0.2599167822468793,2025-09,10468,Consumer,West,Referral,
1436,2025-06-11,East,Home & Kitchen,Storage Set,1,50.75,0.1,45.68,29.36,16.32,0.35726795096322245,2025-06,10253,Consumer,North,Paid Ads, 
1437,2025-04-30,North,Clothing,Sneakers,1,31.81,0.0,31.81,18.73,13.079999999999998,0.4111914492298019,2025-04,10176,Corporate,North,Social Media,
1438,2025-12-11,South,Electronics,Smart Watch,1,159.95,0.2,127.96,94.32,33.64,0.26289465457955613,2025-12,10466,Corporate,Central,Referral,
1439,2025-05-22,Central,Beauty,Hair Dryer,1,42.82,0.0,42.82,26.99,15.830000000000002,0.36968706212050445,2025-05,10289,Corporate,West,Email,
1440,2025-08-20,North,Sports,Dumbbells,1,45.04,0.1,40.54,31.01,9.529999999999998,0.23507646768623577,2025-08,10050,Consumer,Central,Organic Search,
1441,2025-11-03,East,Electronics,Bluetooth Speaker,1,157.69,0.1,141.92,78.68,63.23999999999998,0.44560315670800443,2025-11,10004,Small Business,South,Social Media,
1442,2025-05-27,North,Sports,Running Shoes,1,69.17,0.05,65.71,40.24,25.46999999999999,0.3876122355805813,2025-05,10500,Consumer,West,Organic Search,
1443,2025-07-23,South,Clothing,Casual Shirt,1,57.93,0.0,57.93,42.71,15.219999999999999,0.2627308820990851,2025-07,10223,Small Business,South,Organic Search,
1444,2025-12-23,East,Clothing,Jeans,1,43.5,0.0,43.5,25.28,18.22,0.41885057471264364,2025-12,10262,Small Business,South,Paid Ads,
1445,2025-11-20,East,Clothing,Sneakers,1,51.16,0.1,46.04,33.39,12.649999999999999,0.274761077324066,2025-11,10376,Small Business,Central,Organic Search,
1446,2025-08-21,Central,Electronics,Wireless Headphones,1,175.32,0.1,157.79,99.76,58.02999999999999,0.36776728563280303,2025-08,10061,Small Business,West,Email,
1447,2025-08-13,North,Clothing,Jacket,1,47.93,0.1,43.14,31.18,11.96,0.277236903106166,2025-08,10356,Consumer,East,Email,
1448,2025-10-23,East,Home & Kitchen,Air Fryer,1,89.51,0.1,80.56,56.68,23.880000000000003,0.2964250248262165,2025-10,10024,Consumer,West,Email,
1449,2025-01-30,Central,Sports,Dumbbells,1,68.92,0.05,65.47,46.2,19.269999999999996,0.2943332824194287,2025-01,10293,Consumer,Central,Organic Search,
1450,2025-04-22,West,Electronics,Power Bank,2,126.49,0.2,202.38,108.09,94.28999999999999,0.46590572190927954,2025-04,10356,Consumer,East,Email,
1451,2025-09-01,North,Home & Kitchen,Air Fryer,1,59.78,0.0,59.78,40.61,19.17,0.32067581130812983,2025-09,10029,Corporate,East,Paid Ads,
1452,2025-09-03,East,Beauty,Face Serum,1,70.22,0.1,63.2,43.1,20.1,0.31803797468354433,2025-09,10357,Consumer,East,Referral,
1453,2025-01-27,South,Electronics,Bluetooth Speaker,1,83.94,0.1,75.55,40.72,34.83,0.46101919258769025,2025-01,10365,Consumer,Central,Organic Search,
1454,2025-07-05,Central,Electronics,Bluetooth Speaker,3,116.9,0.0,350.7,269.74,80.95999999999998,0.2308525805531793,2025-07,10409,Small Business,East,Paid Ads,
1455,2025-05-22,East,Sports,Fitness Band,2,78.58,0.05,149.3,102.09,47.21000000000001,0.31620897521768254,2025-05,10266,Consumer,Central,Social Media,
1456,2025-08-08,West,Home & Kitchen,LED Lamp,1,77.43,0.0,77.43,49.31,28.120000000000005,0.36316673124112103,2025-08,10291,Consumer,South,Organic Search,
1457,2025-10-20,South,Electronics,Power Bank,1,148.16,0.0,148.16,103.16,45.0,0.3037257019438445,2025-10,10153,Consumer,South,Referral,
1458,2025-09-19,West,Electronics,Wireless Headphones,2,111.35,0.1,200.43,111.49,88.94000000000001,0.4437459462156364,2025-09,10219,Small Business,East,Social Media,
1459,2025-12-22,South,Clothing,Sneakers,1,49.13,0.0,49.13,27.9,21.230000000000004,0.43211886830856916,2025-12,10173,Consumer,East,Social Media,
1460,2025-11-29,South,Electronics,Power Bank,1,119.88,0.0,119.88,82.95,36.92999999999999,0.308058058058058,2025-11,10012,Small Business,East,Referral,
1461,2025-04-11,Central,Home & Kitchen,Mixer Grinder,1,103.93,0.15,88.34,51.83,36.510000000000005,0.41328956305184517,2025-04,10516,Consumer,South,Email,
1462,2025-01-18,North,Home & Kitchen,LED Lamp,1,52.12,0.0,52.12,39.45,12.669999999999995,0.2430928626247121,2025-01,10362,Consumer,East,Email,
1463,2025-12-08,West,Home & Kitchen,Mixer Grinder,1,98.14,0.2,78.51,54.17,24.340000000000003,0.3100242007387594,2025-12,10477,Small Business,North,Paid Ads,
1464,2025-09-15,West,Clothing,Jeans,1,58.55,0.05,55.62,33.32,22.299999999999997,0.40093491549802224,2025-09,10082,Corporate,West,Social Media,
1465,2025-01-01,North,Sports,Yoga Mat,2,82.31,0.0,164.62,103.56,61.06,0.3709148341635281,2025-01,10340,Consumer,Central,Referral,
1466,2025-12-11,South,Sports,Fitness Band,1,79.21,0.1,71.29,45.79,25.500000000000007,0.3576939262168608,2025-12,10441,Corporate,Central,Referral,
1467,2025-06-29,West,Sports,Dumbbells,2,70.99,0.05,134.88,83.55,51.33,0.3805604982206406,2025-06,10226,Consumer,North,Referral,
1468,2025-01-10,North,Home & Kitchen,Mixer Grinder,1,87.0,0.1,78.3,57.66,20.64,0.2636015325670498,2025-01,10371,Small Business,Central,Organic Search,
1469,2025-03-27,North,Sports,Running Shoes,1,98.67,0.0,98.67,53.1,45.57,0.4618425053207662,2025-03,10028,Small Business,East,Referral,
1470,2025-04-02,East,Electronics,Wireless Headphones,1,88.28,0.0,88.28,63.09,25.189999999999998,0.2853420933393747,2025-04,10016,Consumer,West,Organic Search,
1471,2025-12-08,North,Clothing,Jacket,1,51.86,0.2,41.49,24.24,17.250000000000004,0.4157628344179321,2025-12,10277,Consumer,South,Organic Search,
1472,2025-08-04,West,Home & Kitchen,Mixer Grinder,1,39.22,0.0,39.22,29.03,10.189999999999998,0.25981642019377865,2025-08,10333,Corporate,West,Paid Ads,
1473,2025-08-12,West,Beauty,Hair Dryer,1,47.22,0.15,40.14,21.62,18.52,0.4613851519681116,2025-08,10483,Consumer,North,Organic Search,
1474,2025-09-14,North,Beauty,Hair Dryer,1,33.61,0.0,33.61,21.35,12.259999999999998,0.36477238916988985,2025-09,10288,Consumer,North,Referral,
1475,2025-12-13,North,Sports,Fitness Band,1,55.98,0.1,50.38,27.43,22.950000000000003,0.45553791186978965,2025-12,10114,Consumer,East,Organic Search,
1476,2025-10-08,West,Sports,Running Shoes,2,82.28,0.0,164.56,100.68,63.879999999999995,0.3881866796305299,2025-10,10038,Consumer,West,Organic Search,
1477,2025-05-03,South,Clothing,Sneakers,1,38.04,0.05,36.14,27.14,9.0,0.24903154399557276,2025-05,10454,Consumer,North,Paid Ads,
1478,2025-05-17,Central,Electronics,Bluetooth Speaker,1,144.6,0.0,144.6,99.03,45.56999999999999,0.3151452282157676,2025-05,10166,Consumer,Central,Social Media,
1479,2025-01-17,Central,Clothing,Sneakers,1,36.38,0.1,32.74,21.17,11.57,0.35339034819792303,2025-01,10205,Consumer,South,Email,
1480,2025-08-09,East,Home & Kitchen,Storage Set,2,67.32,0.0,134.64,88.45,46.18999999999998,0.34306298276886504,2025-08,10245,Consumer,South,Social Media,
1481,2025-09-01,Central,Electronics,Power Bank,2,109.19,0.05,207.46,140.58,66.88,0.3223753976670201,2025-09,10333,Corporate,West,Paid Ads,
1482,2025-02-22,Central,Home & Kitchen,Air Fryer,1,79.27,0.0,79.27,56.69,22.58,0.28484924940078216,2025-02,10396,Small Business,North,Referral,
1483,2025-11-22,South,Clothing,Jacket,2,41.94,0.1,75.49,41.56,33.92999999999999,0.4494635051000132,2025-11,10507,Consumer,East,Email,
1484,2025-07-23,East,Electronics,Power Bank,1,90.52,0.1,81.47,51.55,29.92,0.3672517491101019,2025-07,10121,Consumer,South,Social Media,
1485,2025-03-05,Central,Electronics,Smart Watch,1,104.68,0.05,99.45,64.48,34.97,0.35163398692810455,2025-03,10259,Corporate,East,Organic Search,
1486,2025-03-14,West,Sports,Dumbbells,1,72.57,0.1,65.31,44.7,20.61,0.3155718879191548,2025-03,10410,Consumer,South,Organic Search,
1487,2025-09-02,South,Sports,Running Shoes,1,53.46,0.1,48.11,26.65,21.46,0.44606110995635007,2025-09,10310,Consumer,West,Email,
1488,2025-03-11,East,Home & Kitchen,Mixer Grinder,1,105.29,0.0,105.29,73.89,31.400000000000006,0.2982239528920126,2025-03,10068,Consumer,Central,Referral,
1489,2025-10-08,East,Sports,Dumbbells,1,71.71,0.1,64.54,38.95,25.590000000000003,0.39649829563061667,2025-10,10114,Consumer,East,Organic Search,
1490,2025-08-25,Central,Electronics,Wireless Headphones,1,57.4,0.05,54.53,40.97,13.560000000000002,0.24867045662937837,2025-08,10220,Consumer,North,Email,
1491,2025-06-03,North,Electronics,Power Bank,1,111.27,0.0,111.27,81.49,29.78,0.2676372786914712,2025-06,10220,Consumer,North,Email,
1492,2025-05-07,Central,Electronics,Bluetooth Speaker,1,85.32,0.0,85.32,65.87,19.44999999999999,0.22796530707923102,2025-05,10473,Consumer,West,Organic Search,
1493,2025-08-01,West,Electronics,Wireless Headphones,1,137.71,0.05,130.82,98.3,32.519999999999996,0.24858584314325025,2025-08,10386,Consumer,West,Social Media,
1494,2025-08-10,West,Electronics,Power Bank,1,120.25,0.15,102.21,60.9,41.309999999999995,0.40416788963897854,2025-08,10298,Consumer,South,Social Media,
1495,2025-07-11,Central,Electronics,Bluetooth Speaker,2,40.89,0.1,73.6,53.46,20.139999999999993,0.273641304347826,2025-07,10253,Consumer,North,Paid Ads,
1496,2025-10-05,South,Clothing,Casual Shirt,2,55.28,0.05,105.03,69.82,35.21000000000001,0.3352375511758546,2025-10,10405,Consumer,South,Email,
1497,2025-03-19,South,Home & Kitchen,LED Lamp,1,60.57,0.2,48.46,25.69,22.77,0.46987205943045807,2025-03,10492,Small Business,North,Referral,
1498,2025-03-10,Central,Electronics,Power Bank,4,120.46,0.2,385.47,275.04,110.43,0.28648143824422134,2025-03,10357,Consumer,East,Referral,
1499,2025-06-21,East,Electronics,Wireless Headphones,1,96.49,0.05,91.67,61.97,29.700000000000003,0.32398821861023236,2025-06,10428,Consumer,North,Organic Search,
1500,2025-06-07,South,Electronics,Power Bank,1,112.96,0.1,101.66,59.65,42.01,0.41324021247294906,2025-06,10215,Consumer,East,Organic Search,
1501,2025-03-12,North,Beauty,Hair Dryer,1,18.81,0.05,17.87,9.91,7.960000000000001,0.4454392837157247,2025-03,10380,Consumer,South,Social Media,
1502,2025-09-17,Central,Beauty,Skin Care Kit,1,43.37,0.1,39.03,26.95,12.080000000000002,0.3095055085831412,2025-09,10214,Corporate,West,Paid Ads,
1503,2025-10-08,South,Electronics,Bluetooth Speaker,1,104.58,0.0,104.58,72.09,32.489999999999995,0.3106712564543889,2025-10,10098,Consumer,South,Referral,
1504,2025-05-22,South,Clothing,Jacket,1,63.96,0.05,60.76,41.22,19.54,0.3215931533903884,2025-05,10328,Consumer,North,Paid Ads,
1505,2025-04-07,East,Clothing,Jeans,1,15.32,0.0,15.32,11.64,3.6799999999999997,0.24020887728459528,2025-04,10165,Consumer,East,Email,
1506,2025-05-08,Central,Sports,Yoga Mat,1,54.6,0.0,54.6,36.69,17.910000000000004,0.3280219780219781,2025-05,10116,Consumer,North,Email,
1507,2025-01-09,East,Electronics,Wireless Headphones,1,117.92,0.0,117.92,68.76,49.16,0.4168928086838534,2025-01,10150,Small Business,South,Organic Search,
1508,2025-05-02,East,Sports,Dumbbells,1,85.94,0.1,77.35,41.39,35.959999999999994,0.4648998060762766,2025-05,10518,Consumer,East,Paid Ads,
1509,2025-05-09,East,Sports,Fitness Band,1,40.64,0.0,40.64,31.13,9.510000000000002,0.23400590551181105,2025-05,10032,Small Business,West,Referral,
1510,2025-08-31,Central,Electronics,Smart Watch,1,126.74,0.15,107.73,64.84,42.89,0.3981249419845911,2025-08,10293,Consumer,Central,Organic Search,
1511,2025-01-28,South,Home & Kitchen,Storage Set,2,54.74,0.15,93.06,50.63,42.43,0.45594240275091336,2025-01,10177,Small Business,North,Paid Ads,
1512,2025-04-06,South,Electronics,Wireless Headphones,2,105.94,0.0,211.88,147.0,64.88,0.30621106286577304,2025-04,10061,Small Business,West,Email,
1513,2025-10-04,West,Home & Kitchen,Mixer Grinder,2,105.85,0.0,211.7,151.85,59.849999999999994,0.28271138403401036,2025-10,10416,Consumer,East,Social Media,
1514,2025-07-05,North,Home & Kitchen,Mixer Grinder,1,56.83,0.15,48.31,26.76,21.55,0.4460774166839164,2025-07,10383,Consumer,West,Organic Search,
1515,2025-08-12,East,Electronics,Smart Watch,1,155.42,0.05,147.65,110.19,37.46000000000001,0.25370809346427364,2025-08,10007,Consumer,East,Organic Search,
1516,2025-12-03,South,Clothing,Sneakers,2,60.33,0.05,114.63,86.95,27.679999999999993,0.24147256390124744,2025-12,10085,Consumer,South,Organic Search,
1517,2025-06-02,East,Clothing,Sneakers,1,57.29,0.15,48.7,33.88,14.82,0.30431211498973304,2025-06,10398,Consumer,North,Paid Ads,
1518,2025-05-29,West,Clothing,Casual Shirt,2,62.25,0.05,118.28,75.85,42.43000000000001,0.358725059181603,2025-05,10393,Consumer,West,Referral,
1519,2025-09-09,East,Electronics,Power Bank,1,122.36,0.0,122.36,92.48,29.879999999999995,0.24419745014710686,2025-09,10047,Consumer,East,Referral,
1520,2025-05-15,East,Home & Kitchen,Mixer Grinder,2,83.51,0.05,158.67,86.36,72.30999999999999,0.45572572004789813,2025-05,10341,Consumer,East,Referral,
1521,2025-12-08,West,Home & Kitchen,Air Fryer,1,115.66,0.1,104.09,79.71,24.38000000000001,0.2342203862042464,2025-12,10498,Consumer,Central,Email,
1522,2025-07-08,North,Sports,Dumbbells,3,54.3,0.15,138.46,81.33,57.13000000000001,0.41261014011266794,2025-07,10478,Consumer,North,Referral,
1523,2025-06-22,Central,Home & Kitchen,Air Fryer,1,114.84,0.0,114.84,82.63,32.21000000000001,0.2804771856495995,2025-06,10426,Consumer,North,Organic Search,
1524,2025-06-13,North,Clothing,Casual Shirt,2,54.15,0.2,86.64,52.86,33.78,0.3898891966759003,2025-06,10426,Consumer,North,Organic Search,
1525,2025-09-28,Central,Sports,Yoga Mat,1,59.67,0.0,59.67,42.21,17.46,0.29260935143288086,2025-09,10515,Consumer,Central,Social Media,
1526,2025-08-07,North,Clothing,Jeans,1,47.88,0.0,47.88,31.24,16.640000000000004,0.34753550543024236,2025-08,10129,Corporate,Central,Referral,
1527,2025-12-05,North,Electronics,Power Bank,3,117.88,0.1,318.28,166.6,151.67999999999998,0.47656151816011055,2025-12,10249,Consumer,East,Paid Ads,
1528,2025-06-23,North,Beauty,Face Serum,2,45.81,0.2,73.3,44.4,28.9,0.3942701227830832,2025-06,10131,Consumer,East,Organic Search,
1529,2025-12-27,West,Home & Kitchen,Mixer Grinder,1,82.94,0.05,78.79,54.22,24.570000000000007,0.31184160426450064,2025-12,10323,Consumer,North,Referral,
1530,2025-04-20,Central,Electronics,Smart Watch,1,149.73,0.05,142.24,109.39,32.85000000000001,0.23094769403824528,2025-04,10066,Consumer,West,Organic Search,
1531,2025-11-26,South,Beauty,Skin Care Kit,4,42.75,0.0,171.0,107.14,63.86,0.3734502923976608,2025-11,10101,Consumer,South,Organic Search,
1532,2025-05-20,North,Clothing,Jacket,1,53.82,0.15,45.75,35.13,10.619999999999997,0.23213114754098355,2025-05,10031,Corporate,East,Email,
1533,2025-07-23,East,Electronics,Power Bank,2,174.72,0.05,331.97,237.02,94.95000000000002,0.2860198210681688,2025-07,10191,Corporate,Central,Paid Ads,
1534,2025-03-17,South,Clothing,Sneakers,1,57.85,0.1,52.07,38.39,13.68,0.2627232571538314,2025-03,10415,Consumer,South,Organic Search,
1535,2025-05-28,Central,Clothing,Casual Shirt,2,39.8,,71.64,47.74,23.9,0.33361250697934114,2025-05,10500,Consumer,West,Organic Search,
1536,2025-11-22,West,Home & Kitchen,Storage Set,1,53.39,0.05,50.72,36.74,13.979999999999997,0.2756309148264984,2025-11,10046,Consumer,North,Social Media,
1537,2025-10-14,North,Electronics,Power Bank,1,85.49,0.0,85.49,44.77,40.71999999999999,0.47631301906655743,2025-10,10089,Small Business,Central,Social Media,
1538,2025-07-26,Central,Electronics,Power Bank,1,131.75,0.05,125.16,72.88,52.28,0.41770533716842445,2025-07,10375,Consumer,Central,Paid Ads,
1539,2025-04-12,North,Sports,Yoga Mat,1,80.91,0.0,80.91,52.56,28.349999999999994,0.35038932146829804,2025-04,10246,Consumer,East,Email,
1540,2025-07-02,West,Electronics,Power Bank,1,125.8,0.05,119.51,81.49,38.02000000000001,0.3181323738599281,2025-07,10257,Small Business,South,Social Media,
1541,2025-11-30,East,Clothing,Jeans,1,33.1,0.0,33.1,18.72,14.380000000000003,0.4344410876132931,2025-11,10352,Consumer,North,Organic Search,
1542,2025-07-30,South,Electronics,Power Bank,2,92.26,0.05,175.29,121.75,53.53999999999999,0.305436704889041,2025-07,10105,Consumer,South,Organic Search,
1543,2025-07-17,West,Home & Kitchen,Air Fryer,1,69.84,0.0,69.84,47.62,22.220000000000006,0.3181557846506301,2025-07,10337,Consumer,East,Organic Search,
1544,2025-09-18,North,Beauty,Face Serum,1,51.45,0.15,43.73,25.32,18.409999999999997,0.42099245369311683,2025-09,10301,Consumer,South,Paid Ads,
1545,2025-11-06,Central,Beauty,Hair Dryer,1,22.03,0.0,22.03,16.68,5.350000000000001,0.24285065819337273,2025-11,10077,Consumer,South,Social Media,
1546,2025-04-23,North,Electronics,Smart Watch,1,106.19,0.0,106.19,78.32,27.870000000000005,0.26245409172238443,2025-04,10511,Corporate,Central,Email,
1547,2025-09-19,West,Electronics,Smart Watch,1,95.84,0.05,91.05,65.45,25.599999999999994,0.28116419549697963,2025-09,10230,Consumer,North,Paid Ads,
1548,2025-05-31,South,Home & Kitchen,Mixer Grinder,1,77.82,0.1,70.04,36.61,33.43000000000001,0.4772986864648773,2025-05,10032,Small Business,West,Referral,
1549,2025-09-24,South,Home & Kitchen,Air Fryer,1,54.07,0.05,51.37,33.78,17.589999999999996,0.34241775355265713,2025-09,10058,Corporate,East,Organic Search,
1550,2025-07-30,West,Clothing,Jeans,1,62.27,0.15,52.93,29.88,23.05,0.435480823729454,2025-07,10104,Consumer,Central,Social Media,
1551,2025-07-22,North,Electronics,Wireless Headphones,1,116.61,0.0,116.61,78.7,37.91,0.32510076322785353,2025-07,10312,Small Business,West,Social Media,
1552,2025-08-05,East,Sports,Fitness Band,1,70.6,0.15,60.01,40.1,19.909999999999997,0.3317780369938343,2025-08,10067,Consumer,North,Referral,
1553,2025-02-05,West,Sports,Yoga Mat,1,68.39,0.0,68.39,40.02,28.369999999999997,0.41482672905395523,2025-02,10374,Small Business,East,Referral,
1554,2025-01-13,South,Clothing,Jeans,1,75.06,0.15,63.8,42.02,21.779999999999994,0.3413793103448275,2025-01,10235,Consumer,North,Referral,
1555,2025-01-07,South,Beauty,Skin Care Kit,1,35.25,0.0,35.25,23.87,11.379999999999999,0.32283687943262407,2025-01,10112,Small Business,Central,Social Media,
1556,2025-10-15,South,Electronics,Bluetooth Speaker,1,94.28,0.15,80.14,54.88,25.259999999999998,0.3151984027951085,2025-10,10389,Small Business,West,Referral,
1557,2025-08-20,Central,Electronics,Power Bank,1,179.24,0.05,170.28,102.62,67.66,0.3973455485083392,2025-08,10408,Consumer,Central,Referral,
1558,2025-05-15,North,Beauty,Skin Care Kit,1,34.31,0.0,34.31,25.28,9.030000000000001,0.2631885747595453,2025-05,10054,Consumer,North,Paid Ads,
1559,2025-05-28,North,Home & Kitchen,Mixer Grinder,1,84.97,0.0,84.97,44.69,40.28,0.4740496645875015,2025-05,10239,Small Business,West,Email,
1560,2025-01-08,Central,Sports,Fitness Band,4,39.83,0.05,151.35,110.28,41.06999999999999,0.27135777998017835,2025-01,10295,Consumer,South,Referral,
1561,2025-12-13,North,Home & Kitchen,Mixer Grinder,1,91.28,0.1,82.15,45.51,36.64000000000001,0.44601339013998786,2025-12,10112,Small Business,Central,Social Media,
1562,2025-08-21,South,Beauty,Face Serum,1,48.25,0.0,48.25,25.68,22.57,0.4677720207253886,2025-08,10088,Corporate,Central,Social Media,
1563,2025-12-19,North,Home & Kitchen,Storage Set,1,67.81,0.1,61.03,46.39,14.64,0.23988202523349172,2025-12,10476,Consumer,Central,Email,
1564,2025-06-04,South,Clothing,Jeans,1,66.49,0.0,66.49,49.43,17.059999999999995,0.2565799368326064,2025-06,10304,Small Business,South,Social Media,
1565,2025-01-30,North,Beauty,Perfume,1,36.26,0.2,29.01,22.22,6.790000000000003,0.23405722164770776,2025-01,10305,Consumer,East,Organic Search,
1566,2025-03-20,East,Electronics,Smart Watch,1,150.45,0.0,150.45,115.96,34.489999999999995,0.22924559654370222,2025-03,10290,Small Business,North,Organic Search,
1567,2025-08-23,East,Clothing,Jacket,1,63.22,0.1,56.9,35.93,20.97,0.36854130052724077,2025-08,10208,Consumer,Central,Referral,
1568,2025-08-29,South,Electronics,Bluetooth Speaker,1,170.16,0.05,161.65,94.73,66.92,0.4139808227652335,2025-08,10370,Consumer,East,Organic Search,
1569,2025-02-15,East,Electronics,Power Bank,1,109.68,0.15,93.23,59.39,33.84,0.36297329185884375,2025-02,10220,Consumer,North,Email,
1570,2025-10-01,East,Home & Kitchen,LED Lamp,2,110.67,0.05,210.27,126.47,83.80000000000001,0.39853521662624247,2025-10,10231,Corporate,Central,Referral,
1571,2025-04-05,Central,Beauty,Face Serum,1,39.78,0.0,39.78,22.44,17.34,0.4358974358974359,2025-04,10349,Consumer,North,Organic Search,
1572,2025-12-09,West,Clothing,Jeans,1,56.57,0.0,56.57,40.2,16.369999999999997,0.2893759943432915,2025-12,10255,Consumer,East,Organic Search,
1573,2025-02-06,South,Home & Kitchen,LED Lamp,1,102.83,0.05,97.69,72.12,25.569999999999993,0.2617463404647353,2025-02,10452,Consumer,North,Paid Ads,
1574,2025-11-20,North,Electronics,Smart Watch,2,115.74,0.1,208.33,124.42,83.91000000000001,0.40277444439111026,2025-11,10142,Small Business,South,Referral,
1575,2025-12-01,Central,Clothing,Casual Shirt,1,52.0,0.1,46.8,30.79,16.009999999999998,0.3420940170940171,2025-12,10069,Consumer,West,Email,
1576,2025-06-17,North,Electronics,Smart Watch,1,142.37,0.1,128.13,69.28,58.849999999999994,0.45929914930149063,2025-06,10089,Small Business,Central,Social Media,
1577,2025-04-23,North,Clothing,Sneakers,1,33.64,0.1,30.28,23.46,6.82,0.22523117569352707,2025-04,10136,Consumer,South,Paid Ads,
1578,2025-02-06,East,Clothing,Jacket,1,53.28,0.15,45.29,34.03,11.259999999999998,0.24862000441598583,2025-02,10442,Consumer,Central,Social Media,
1579,2025-03-30,East,Electronics,Wireless Headphones,1,93.3,0.1,83.97,63.23,20.740000000000002,0.2469929736810766,2025-03,10038,Consumer,West,Organic Search,
1580,2025-04-11,West,Home & Kitchen,Mixer Grinder,1,16.77,0.1,15.09,7.94,7.1499999999999995,0.47382372432074216,2025-04,10208,Consumer,Central,Referral,
1581,2025-06-16,West,Sports,Fitness Band,1,61.83,0.05,58.74,32.72,26.020000000000003,0.4429690160027239,2025-06,10210,Consumer,South,Referral,
1582,2025-11-29,South,Home & Kitchen,LED Lamp,1,45.17,0.1,40.65,21.48,19.169999999999998,0.47158671586715867,2025-11,10513,Consumer,South,Organic Search,
1583,2025-10-25,West,Electronics,Power Bank,1,109.64,0.1,98.68,65.18,33.5,0.3394811511957843,2025-10,10360,Corporate,Central,Paid Ads,
1584,2025-09-28,West,Home & Kitchen,Air Fryer,1,86.59,0.0,86.59,63.69,22.900000000000006,0.2644647187896986,2025-09,10001,Consumer,West,Referral,
1585,2025-08-10,Central,Home & Kitchen,Mixer Grinder,1,102.03,0.1,91.83,53.71,38.12,0.415114886202766,2025-08,10381,Corporate,East,Paid Ads,
1586,2025-04-22,East,Sports,Running Shoes,2,66.94,0.0,133.88,84.09,49.78999999999999,0.37190020914251565,2025-04,10394,Consumer,South,Organic Search,
1587,2025-12-29,West,Clothing,Jacket,3,39.53,0.05,112.66,79.0,33.66,0.2987750754482514,2025-12,10050,Consumer,Central,Organic Search,
1588,2025-02-23,North,Clothing,Jacket,2,54.59,0.05,103.72,56.88,46.839999999999996,0.45160046278441957,2025-02,10396,Small Business,North,Referral,
1589,2025-09-01,West,Home & Kitchen,Storage Set,1,82.4,0.15,70.04,43.37,26.67000000000001,0.3807824100513993,2025-09,10032,Small Business,West,Referral,
1590,2025-08-16,Central,Home & Kitchen,Storage Set,1,68.8,0.1,61.92,45.96,15.96,0.25775193798449614,2025-08,10234,Corporate,North,Paid Ads,
1591,2025-01-15,North,Clothing,Sneakers,1,78.6,0.0,78.6,58.0,20.599999999999994,0.2620865139949109,2025-01,10026,Consumer,North,Organic Search,
1592,2025-08-12,East,Electronics,Smart Watch,1,134.13,0.15,114.01,63.02,50.99,0.4472414700464871,2025-08,10434,Corporate,Central,Referral,
1593,2025-11-23,South,Beauty,Perfume,1,58.42,0.0,58.42,37.24,21.18,0.3625470729202328,2025-11,10061,Small Business,West,Email,
1594,2025-12-05,West,Electronics,Power Bank,1,130.61,0.05,124.08,80.95,43.129999999999995,0.34759832366215343,2025-12,10441,Corporate,Central,Referral,
1595,2025-01-15,Central,Clothing,Casual Shirt,1,67.2,0.05,63.84,45.83,18.010000000000005,0.2821115288220552,2025-01,10130,Corporate,North,Organic Search,
1596,2025-04-15,East,Beauty,Face Serum,1,45.5,0.0,45.5,27.63,17.87,0.39274725274725275,2025-04,10354,Small Business,South,Email,
1597,2025-09-28,Central,Electronics,Bluetooth Speaker,1,99.47,0.0,99.47,64.54,34.92999999999999,0.3511611541168191,2025-09,10198,Corporate,North,Organic Search,
1598,2025-05-11,East,Beauty,Skin Care Kit,1,48.92,0.0,48.92,29.08,19.840000000000003,0.40556009811937865,2025-05,10371,Small Business,Central,Organic Search,
1599,2025-06-16,Central,Electronics,Wireless Headphones,2,153.45,0.0,306.9,179.59,127.30999999999997,0.41482567611599863,2025-06,10147,Consumer,South,Social Media,
1600,2025-04-01,Central,Clothing,Sneakers,1,63.86,0.0,63.86,47.54,16.32,0.2555590353899154,2025-04,10498,Consumer,Central,Email,
1601,2025-08-29,Central,Sports,Running Shoes,1,77.78,0.1,70.0,45.77,24.229999999999997,0.3461428571428571,2025-08,10048,Small Business,North,Paid Ads,
1602,2025-06-04,North,Home & Kitchen,LED Lamp,1,71.32,0.0,71.32,50.13,21.18999999999999,0.29711160964666283,2025-06,10172,Small Business,North,Email,
1603,2025-03-27,South,Home & Kitchen,Mixer Grinder,1,85.19,0.1,76.67,47.09,29.58,0.3858093126385809,2025-03,10315,Consumer,West,Social Media,
1604,2025-04-05,South,Clothing,Sneakers,1,58.83,0.0,58.83,31.59,27.24,0.4630290668026517,2025-04,10376,Small Business,Central,Organic Search,
1605,2025-05-16,South,Electronics,Wireless Headphones,1,110.47,0.05,104.95,70.5,34.45,0.32825154835636017,2025-05,10420,Consumer,South,Email,
1606,2025-10-21,West,Electronics,Power Bank,2,60.85,0.0,121.7,75.34,46.36,0.380936729663106,2025-10,10396,Small Business,North,Referral,
1607,2025-03-15,South,Home & Kitchen,Air Fryer,1,80.43,0.15,68.37,51.31,17.060000000000002,0.24952464531227148,2025-03,10187,Consumer,Central,Organic Search,
1608,2025-06-22,South,Home & Kitchen,LED Lamp,1,109.66,0.0,109.66,67.89,41.769999999999996,0.3809046142622652,2025-06,10033,Small Business,North,Organic Search,
1609,2025-09-08,South,Beauty,Face Serum,1,23.75,0.15,20.19,15.74,4.450000000000001,0.22040614165428435,2025-09,10069,Consumer,West,Email,
1610,2025-07-28,East,Beauty,Face Serum,1,29.65,0.0,29.65,20.78,8.869999999999997,0.2991568296795952,2025-07,10191,Corporate,Central,Paid Ads,
1611,2025-01-14,East,Electronics,Smart Watch,1,106.17,0.15,90.24,47.79,42.449999999999996,0.47041223404255317,2025-01,10101,Consumer,South,Organic Search,
1612,2025-12-17,North,Clothing,Jeans,1,46.56,0.0,46.56,34.95,11.61,0.24935567010309276,2025-12,10485,Consumer,East,Referral,
1613,2025-08-24,South,Beauty,Face Serum,2,32.21,0.1,57.98,35.11,22.869999999999997,0.3944463608140738,2025-08,10285,Consumer,South,Email,
1614,2025-12-25,Central,Electronics,Power Bank,1,118.09,0.15,100.38,75.3,25.08,0.24985056784219964,2025-12,10390,Consumer,North,Referral,
1615,2025-11-26,South,Home & Kitchen,LED Lamp,1,81.15,0.05,77.09,59.82,17.270000000000003,0.22402386820599302,2025-11,10160,Corporate,East,Referral,
1616,2025-12-22,East,Home & Kitchen,LED Lamp,4,90.49,0.05,343.86,232.36,111.5,0.324259873204211,2025-12,10047,Consumer,East,Referral,
1617,2025-04-27,Central,Electronics,Smart Watch,1,71.25,0.1,64.12,35.59,28.53,0.44494697442295694,2025-04,10159,Small Business,South,Paid Ads,
1618,2025-06-29,South,Beauty,Perfume,1,31.85,0.15,27.07,17.55,9.52,0.35168082748429996,2025-06,10446,Consumer,North,Organic Search,
1619,2025-06-30,Central,Sports,Yoga Mat,1,54.75,0.0,54.75,38.58,16.17,0.2953424657534247,2025-06,10155,Consumer,North,Referral,
1620,2025-01-25,Central,Home & Kitchen,Air Fryer,2,88.29,0.0,176.58,132.17,44.410000000000025,0.25150073621021646,2025-01,10339,Consumer,South,Social Media,
1621,2025-01-21,South,Home & Kitchen,Storage Set,2,42.49,0.2,67.98,36.03,31.950000000000003,0.46999117387466904,2025-01,10365,Consumer,Central,Organic Search,
1622,2025-09-02,North,Electronics,Bluetooth Speaker,1,147.22,0.05,139.86,103.93,35.93000000000001,0.2568997568997569,2025-09,10148,Consumer,Central,Organic Search,
1623,2025-12-31,East,Clothing,Casual Shirt,1,61.6,0.15,52.36,34.16,18.200000000000003,0.3475935828877006,2025-12,10144,Small Business,North,Organic Search,
1624,2025-10-01,West,Clothing,Sneakers,1,61.03,0.05,57.98,40.13,17.849999999999994,0.30786478095895126,2025-10,10103,Corporate,West,Referral,
1625,2025-01-05,West,Sports,Fitness Band,1,51.17,0.2,40.94,24.55,16.389999999999997,0.40034196384953585,2025-01,10093,Consumer,East,Organic Search,
1626,2025-08-29,West,Clothing,Jeans,1,44.07,0.0,44.07,26.41,17.66,0.4007261175402768,2025-08,10286,Consumer,East,Email,
1627,2025-05-25,West,Clothing,Jacket,1,29.49,0.1,26.54,19.45,7.09,0.2671439336850038,2025-05,10424,Consumer,Central,Referral,
1628,2025-01-11,South,Sports,Dumbbells,1,98.93,0.05,93.98,67.42,26.560000000000002,0.2826133219834007,2025-01,10119,Consumer,South,Referral,
1629,2025-09-17,Central,Clothing,Casual Shirt,1,47.86,0.05,45.47,35.39,10.079999999999998,0.22168462722674287,2025-09,10029,Corporate,East,Paid Ads,
1630,2025-10-06,West,Beauty,Face Serum,1,27.7,0.1,24.93,19.23,5.699999999999999,0.22864019253910947,2025-10,10511,Corporate,Central,Email,
1631,2025-11-13,West,Electronics,Power Bank,2,97.86,0.1,176.15,117.72,58.43000000000001,0.33170593244393987,2025-11,10030,Corporate,West,Social Media,
1632,2025-10-30,South,Clothing,Jacket,2,37.05,0.0,74.1,54.06,20.039999999999992,0.27044534412955457,2025-10,10366,Consumer,South,Email, 
1633,2025-11-26,South,Electronics,Smart Watch,1,118.07,0.1,106.26,76.57,29.690000000000012,0.27940899680030123,2025-11,10138,Consumer,Central,Referral,
1634,2025-09-21,South,Sports,Yoga Mat,2,54.56,0.0,109.12,61.64,47.480000000000004,0.4351173020527859,2025-09,10475,Consumer,Central,Paid Ads,
1635,2025-05-14,North,Clothing,Jeans,1,20.99,0.1,18.89,9.97,8.92,0.4722075172048703,2025-05,10392,Small Business,South,Email,
1636,2025-06-29,South,Sports,Dumbbells,1,72.76,0.05,69.12,53.09,16.03,0.23191550925925927,2025-06,10435,Consumer,East,Referral,
1637,2025-02-01,Central,Electronics,Power Bank,1,97.47,0.1,87.72,64.5,23.22,0.2647058823529412,2025-02,10234,Corporate,North,Paid Ads,
1638,2025-04-08,Central,Clothing,Jacket,1,68.33,0.0,68.33,35.9,32.43,0.474608517488658,2025-04,10055,Consumer,East,Email,
1639,2025-12-19,North,Clothing,Jacket,1,17.08,0.0,17.08,9.95,7.129999999999999,0.41744730679156905,2025-12,10292,Consumer,Central,Paid Ads,
1640,2025-05-15,East,Electronics,Power Bank,1,53.48,0.0,53.48,30.17,23.309999999999995,0.4358638743455497,2025-05,10312,Small Business,West,Social Media,
1641,2025-07-11,North,Beauty,Face Serum,1,45.96,0.05,43.66,30.36,13.299999999999997,0.3046266605588639,2025-07,10089,Small Business,Central,Social Media,
1642,2025-09-20,South,Home & Kitchen,Air Fryer,1,40.12,0.05,38.11,24.58,13.530000000000001,0.35502492784046186,2025-09,10212,Consumer,West,Organic Search,
1643,2025-03-17,West,Clothing,Sneakers,3,42.75,0.1,115.42,82.72,32.7,0.2833131173106914,2025-03,10318,Consumer,West,Email,
1644,2025-03-16,West,Home & Kitchen,Air Fryer,1,119.12,0.05,113.16,84.04,29.11999999999999,0.25733474726051603,2025-03,10465,Small Business,South,Paid Ads,
1645,2025-08-10,Central,Sports,Running Shoes,2,71.15,0.0,142.3,77.64,64.66000000000001,0.45439212930428674,2025-08,10087,Consumer,South,Social Media,
1646,2025-10-01,East,Sports,Yoga Mat,1,71.51,0.15,60.78,40.99,19.79,0.32560052648897664,2025-10,10409,Small Business,East,Paid Ads,
1647,2025-02-11,Central,Beauty,Perfume,1,35.88,0.0,35.88,26.05,9.830000000000002,0.2739687848383501,2025-02,10240,Small Business,Central,Email,
1648,2025-05-05,Central,Electronics,Smart Watch,2,82.74,0.0,165.48,94.13,71.35,0.43116992990089437,2025-05,10057,Corporate,East,Paid Ads,
1649,2025-10-31,Central,Beauty,Perfume,2,26.29,0.05,49.95,35.35,14.600000000000001,0.2922922922922923,2025-10,10113,Consumer,South,Email,
1650,2025-05-18,West,Electronics,Smart Watch,1,90.0,0.1,81.0,59.94,21.060000000000002,0.26,2025-05,10070,Consumer,West,Organic Search,
1651,2025-12-17,West,Clothing,Sneakers,2,39.94,0.05,75.89,48.4,27.490000000000002,0.36223481354592174,2025-12,10184,Consumer,South,Email,
1652,2025-04-05,North,Electronics,Wireless Headphones,1,99.42,0.0,99.42,69.26,30.159999999999997,0.3033594850130758,2025-04,10276,Consumer,North,Organic Search,
1653,2025-09-10,West,Clothing,Sneakers,1,49.21,0.1,44.29,32.33,11.96,0.27003838338225333,2025-09,10233,Small Business,South,Paid Ads,
1654,2025-01-07,West,Clothing,Jeans,1,53.79,0.05,51.1,30.23,20.87,0.40841487279843447,2025-01,10054,Consumer,North,Paid Ads,
1655,2025-01-06,South,Sports,Yoga Mat,1,74.18,0.05,70.47,37.21,33.26,0.47197388959841063,2025-01,10257,Small Business,South,Social Media,
1656,2025-07-12,South,Sports,Yoga Mat,1,79.93,0.15,67.94,47.34,20.599999999999994,0.3032087135707977,2025-07,10090,Small Business,East,Referral,
1657,2025-01-01,South,Clothing,Casual Shirt,1,55.9,0.1,50.31,27.67,22.64,0.4500099383820314,2025-01,10435,Consumer,East,Referral,
1658,2025-06-22,South,Beauty,Face Serum,1,50.25,0.0,50.25,29.58,20.67,0.4113432835820896,2025-06,10408,Consumer,Central,Referral,
1659,2025-09-16,West,Sports,Running Shoes,1,85.12,0.2,68.1,43.19,24.909999999999997,0.3657856093979442,2025-09,10269,Consumer,Central,Social Media,
1660,2025-09-11,North,Electronics,Bluetooth Speaker,1,128.05,0.0,128.05,83.31,44.74000000000001,0.3493947676688794,2025-09,10366,Consumer,South,Email,
1661,2025-07-13,South,Sports,Yoga Mat,2,36.42,0.15,61.91,41.16,20.75,0.33516394766596674,2025-07,10351,Consumer,West,Paid Ads,
1662,2025-02-12,West,Clothing,Sneakers,2,59.02,0.05,112.14,79.49,32.650000000000006,0.29115391474942043,2025-02,10299,Consumer,East,Paid Ads,
1663,2025-05-18,West,Sports,Dumbbells,2,55.93,0.0,111.86,77.08,34.78,0.31092436974789917,2025-05,10159,Small Business,South,Paid Ads,
1664,2025-06-15,South,Beauty,Skin Care Kit,1,31.46,0.05,29.89,17.3,12.59,0.42121110739377715,2025-06,10487,Consumer,West,Organic Search,
1665,2025-07-29,North,Electronics,Bluetooth Speaker,1,139.56,0.05,132.58,80.37,52.21000000000001,0.3937999698295369,2025-07,10355,Corporate,West,Email,
1666,2025-08-15,West,Sports,Yoga Mat,1,68.61,0.0,68.61,52.76,15.850000000000001,0.23101588689695382,2025-08,10401,Consumer,North,Email,
1667,2025-09-15,East,Beauty,Hair Dryer,1,60.7,0.0,60.7,34.89,25.810000000000002,0.4252059308072488,2025-09,10405,Consumer,South,Email,
1668,2025-02-14,North,Home & Kitchen,Storage Set,1,106.67,0.05,101.34,59.35,41.99,0.41434774028024474,2025-02,10096,Consumer,West,Social Media,
1669,2025-07-21,North,Clothing,Sneakers,1,60.4,0.0,60.4,34.19,26.21,0.4339403973509934,2025-07,10392,Small Business,South,Email,
1670,2025-05-22,South,Beauty,Skin Care Kit,1,-10.0,0.0,51.76,27.31,24.45,0.4723724884080371,2025-05,10352,Consumer,North,Organic Search,
1671,2025-02-23,West,Home & Kitchen,LED Lamp,1,75.4,0.2,60.32,46.33,13.990000000000002,0.2319297082228117,2025-02,10288,Consumer,North,Referral,
1672,2025-03-13,East,Electronics,Bluetooth Speaker,2,158.68,0.0,317.36,193.53,123.83000000000001,0.3901877993445929,2025-03,10162,Consumer,Central,Organic Search,
1673,2025-12-10,South,Home & Kitchen,Mixer Grinder,2,65.94,0.05,125.29,96.88,28.41000000000001,0.22675393088035764,2025-12,10182,Consumer,South,Email,
1674,2025-07-09,South,Sports,Running Shoes,1,27.63,0.05,26.25,15.06,11.19,0.42628571428571427,2025-07,10082,Corporate,West,Social Media,
1675,2025-03-08,North,Clothing,Casual Shirt,1,73.81,0.1,66.43,36.32,30.110000000000007,0.4532590696974259,2025-03,10004,Small Business,South,Social Media,
1676,2025-05-11,Central,Clothing,Jeans,1,44.1,0.1,39.69,22.8,16.889999999999997,0.42554799697656837,2025-05,10495,Small Business,East,Email,
1677,2025-09-20,East,Electronics,Power Bank,1,107.37,0.05,102.0,65.97,36.03,0.3532352941176471,2025-09,10051,Consumer,East,Social Media,
1678,2025-08-30,South,Electronics,Power Bank,1,101.15,0.0,101.15,62.9,38.25000000000001,0.3781512605042017,2025-08,10261,Small Business,South,Social Media,
1679,2025-09-03,Central,Home & Kitchen,Air Fryer,2,96.67,0.1,174.01,107.54,66.46999999999998,0.38198954083098663,2025-09,10134,Consumer,West,Referral,
1680,2025-02-17,North,Home & Kitchen,Mixer Grinder,1,66.05,0.05,62.75,46.98,15.770000000000003,0.2513147410358566,2025-02,10362,Consumer,East,Email,
1681,2025-03-26,East,Clothing,Casual Shirt,1,59.68,0.1,53.71,35.66,18.050000000000004,0.3360640476633775,2025-03,10217,Corporate,South,Social Media,
1682,2025-02-02,West,Clothing,Casual Shirt,1,17.26,0.1,15.53,10.91,4.619999999999999,0.2974887314874436,2025-02,10068,Consumer,Central,Referral,
1683,2025-05-08,Central,Electronics,Wireless Headphones,1,63.15,0.05,59.99,43.76,16.230000000000004,0.2705450908484748,2025-05,10143,Small Business,East,Social Media,
1684,2025-09-02,North,Clothing,Jacket,1,67.25,0.0,67.25,46.49,20.759999999999998,0.30869888475836427,2025-09,10346,Consumer,North,Email,
1685,2025-01-03,East,Electronics,Wireless Headphones,2,127.56,0.1,229.61,135.2,94.41000000000003,0.4111754714515919,2025-01,10194,Consumer,North,Social Media,
1686,2025-01-01,North,Sports,Yoga Mat,1,70.84,0.0,70.84,36.93,33.910000000000004,0.47868435911914176,2025-01,10246,Consumer,East,Email,
1687,2025-11-12,North,Home & Kitchen,Storage Set,1,78.47,0.1,70.62,45.64,24.980000000000004,0.35372415746247526,2025-11,10314,Consumer,South,Social Media,
1688,2025-04-10,Central,Electronics,Wireless Headphones,1,72.73,0.1,65.46,50.67,14.789999999999992,0.22593950504124646,2025-04,10384,Consumer,East,Organic Search,
1689,2025-10-19,South,Electronics,Wireless Headphones,1,173.95,0.05,165.25,118.68,46.56999999999999,0.2818154311649016,2025-10,10277,Consumer,South,Organic Search,
1690,2025-05-07,North,Sports,Fitness Band,2,90.79,0.15,154.34,83.89,70.45,0.45645976415705586,2025-05,10072,Small Business,North,Organic Search,
1691,2025-06-07,North,Electronics,Wireless Headphones,1,141.92,0.0,141.92,87.63,54.28999999999999,0.38253945885005636,2025-06,10129,Corporate,Central,Referral,
1692,2025-08-05,West,Clothing,Jeans,1,73.41,0.2,58.73,35.11,23.619999999999997,0.40217946534990634,2025-08,10358,Consumer,East,Email,
1693,2025-10-30,South,Clothing,Sneakers,2,57.88,0.05,109.97,58.31,51.66,0.4697644812221515,2025-10,10220,Consumer,North,Email,
1694,2025-09-01,East,Clothing,Jeans,2,50.83,0.0,101.66,77.44,24.22,0.23824513082825102,2025-09,10006,Small Business,East,Social Media,
1695,2025-05-23,East,Electronics,Smart Watch,1,175.47,0.05,166.7,107.83,58.86999999999999,0.35314937012597475,2025-05,10228,Corporate,South,Referral,
1696,2025-09-19,North,Electronics,Smart Watch,4,152.79,0.0,611.16,412.81,198.34999999999997,0.3245467635316447,2025-09,10017,Small Business,Central,Organic Search,
1697,2025-03-08,South,Home & Kitchen,Mixer Grinder,1,37.82,0.2,30.26,19.43,10.830000000000002,0.35789821546596173,2025-03,10012,Small Business,East,Referral,
1698,2025-06-01,East,Clothing,Sneakers,1,31.54,0.0,31.54,19.54,12.0,0.3804692454026633,2025-06,10499,Corporate,South,Organic Search,
1699,2025-12-18,West,Clothing,Sneakers,1,59.33,0.15,50.43,30.52,19.91,0.3948046797541146,2025-12,10502,Small Business,East,Social Media,
1700,2025-01-30,Central,Clothing,Jeans,1,54.72,0.1,49.25,30.11,19.14,0.38862944162436547,2025-01,10070,Consumer,West,Organic Search,
1701,2025-11-24,West,Home & Kitchen,Air Fryer,1,78.54,0.2,62.83,34.96,27.869999999999997,0.4435779086423683,2025-11,10108,Consumer,North,Email,
1702,2025-12-09,North,Electronics,Bluetooth Speaker,1,135.06,0.15,114.8,65.51,49.28999999999999,0.42935540069686406,2025-12,10201,Consumer,West,Organic Search,
1703,2025-08-14,East,Sports,Running Shoes,1,74.96,0.1,67.46,42.25,25.209999999999994,0.3737029350726356,2025-08,10052,Consumer,South,Social Media,
1704,2025-09-12,East,Electronics,Wireless Headphones,1,88.6,0.1,79.74,61.06,18.679999999999993,0.2342613493855028,2025-09,10259,Corporate,East,Organic Search,
1705,2025-02-11,South,Electronics,Wireless Headphones,1,138.72,0.15,117.91,69.06,48.849999999999994,0.41429904164193027,2025-02,10482,Consumer,Central,Email,
1706,2025-08-06,East,Clothing,Jacket,1,38.19,0.05,36.28,26.32,9.96,0.27453142227122385,2025-08,10264,Consumer,North,Referral,
1707,2025-08-21,Central,Home & Kitchen,LED Lamp,1,79.89,0.0,79.89,58.4,21.490000000000002,0.26899486794342226,2025-08,10303,Consumer,West,Organic Search,
1708,2025-12-02,North,Beauty,Skin Care Kit,1,30.79,0.05,29.25,18.02,11.23,0.38393162393162394,2025-12,10125,Consumer,South,Paid Ads,
1709,2025-05-01,West,Beauty,Hair Dryer,2,50.71,0.0,101.42,72.46,28.960000000000008,0.28554525734569125,2025-05,10270,Consumer,East,Paid Ads,
1710,2025-01-28,West,Electronics,Smart Watch,1,169.72,0.0,169.72,121.6,48.120000000000005,0.2835258072118784,2025-01,10480,Small Business,Central,Organic Search,
1711,2025-12-26,North,Sports,Fitness Band,1,54.16,0.05,51.45,34.59,16.86,0.32769679300291543,2025-12,10132,Consumer,North,Organic Search,
1712,2025-03-06,East,Electronics,Smart Watch,1,132.81,0.1,119.53,78.57,40.96000000000001,0.34267547895925715,2025-03,10002,Small Business,East,Organic Search,
1713,2025-06-29,West,Electronics,Power Bank,1,130.57,0.1,117.51,64.78,52.730000000000004,0.4487277678495447,2025-06,10115,Consumer,East,Social Media,
1714,2025-11-03,East,Clothing,Jacket,1,35.18,0.2,28.14,15.68,12.46,0.44278606965174133,2025-11,10481,Consumer,North,Email,
1715,2025-08-09,East,Beauty,Face Serum,2,41.9,0.05,79.61,44.51,35.1,0.4408993844994348,2025-08,10001,Consumer,West,Referral,
1716,2025-09-24,South,Clothing,Jeans,1,54.27,0.05,51.56,30.4,21.160000000000004,0.4103956555469357,2025-09,10331,Small Business,East,Social Media,
1717,2025-03-07,West,Electronics,Wireless Headphones,1,50.38,0.0,50.38,29.4,20.980000000000004,0.41643509329098854,2025-03,10391,Corporate,North,Organic Search,
1718,2025-08-08,North,Clothing,Sneakers,1,51.84,0.1,46.66,26.15,20.509999999999998,0.43956279468495496,2025-08,10143,Small Business,East,Social Media,
1719,2025-07-08,South,Beauty,Face Serum,1,48.18,0.1,43.36,22.72,20.64,0.47601476014760147,2025-07,10328,Consumer,North,Paid Ads,
1720,2025-08-26,East,Home & Kitchen,LED Lamp,1,71.68,0.0,71.68,50.88,20.800000000000004,0.29017857142857145,2025-08,10377,Corporate,West,Social Media,
1721,2025-11-28,West,Sports,Dumbbells,2,46.46,0.0,92.92,51.62,41.300000000000004,0.44446835987946626,2025-11,10090,Small Business,East,Referral,
1722,2025-05-27,West,Home & Kitchen,Mixer Grinder,1,61.75,0.0,61.75,37.41,24.340000000000003,0.39417004048583004,2025-05,10042,Corporate,East,Referral,
1723,2025-03-21,South,Home & Kitchen,Storage Set,1,70.35,0.1,63.32,46.97,16.35,0.2582122552116235,2025-03,10035,Consumer,West,Referral,
1724,2025-01-26,North,Electronics,Power Bank,1,111.98,0.05,106.38,69.33,37.05,0.3482797518330513,2025-01,10494,Consumer,West,Organic Search,
1725,2025-11-02,North,Clothing,Jeans,2,45.5,0.0,91.0,49.07,41.93,0.46076923076923076,2025-11,10124,Consumer,South,Organic Search,
1726,2025-07-23,Central,Clothing,Casual Shirt,2,38.04,0.05,72.28,51.08,21.200000000000003,0.29330381848367465,2025-07,10057,Corporate,East,Paid Ads,
1727,2025-10-07,East,Clothing,Jeans,2,52.28,0.0,104.56,56.55,48.010000000000005,0.45916220351951037,2025-10,10456,Consumer,Central,Social Media,
1728,2025-12-02,South,Sports,Yoga Mat,1,37.21,0.05,35.35,27.47,7.880000000000003,0.222913719943423,2025-12,10235,Consumer,North,Referral,
1729,2025-10-14,Central,Sports,Dumbbells,1,44.81,0.0,44.81,30.19,14.620000000000001,0.32626645837982593,2025-10,10392,Small Business,South,Email,
1730,2025-08-07,Central,Clothing,Sneakers,1,81.38,0.2,65.1,39.49,25.609999999999992,0.3933947772657449,2025-08,10492,Small Business,North,Referral,
1731,2025-05-13,West,Home & Kitchen,Air Fryer,1,58.56,0.0,58.56,31.65,26.910000000000004,0.4595286885245902,2025-05,10343,Consumer,Central,Email,
1732,2025-05-21,West,Electronics,Smart Watch,1,149.05,0.1,134.15,80.44,53.71000000000001,0.40037271710771527,2025-05,10176,Corporate,North,Social Media,
1733,2025-01-11,East,Beauty,Perfume,1,50.87,0.1,45.78,30.13,15.650000000000002,0.3418523372651813,2025-01,10052,Consumer,South,Social Media,
1734,2025-06-05,West,Clothing,Jeans,1,35.62,0.05,33.84,23.52,10.320000000000004,0.3049645390070923,2025-06,10478,Consumer,North,Referral,
1735,2025-03-13,East,Sports,Running Shoes,1,46.26,0.2,37.01,27.05,9.959999999999997,0.2691164550121588,2025-03,10489,Consumer,South,Organic Search,
1736,2025-10-02,South,Clothing,Casual Shirt,1,58.49,0.0,58.49,38.65,19.840000000000003,0.33920328261241245,2025-10,10005,Consumer,East,Organic Search,
1737,2025-07-16,East,Electronics,Wireless Headphones,1,156.08,0.15,132.67,71.47,61.19999999999999,0.4612949423381322,2025-07,10209,Consumer,North,Organic Search,
1738,2025-06-03,South,Sports,Dumbbells,1,58.22,0.05,55.31,34.38,20.93,0.3784125836195986,2025-06,10217,Corporate,South,Social Media,
1739,2025-04-25,East,Electronics,Wireless Headphones,1,171.48,0.1,154.33,106.31,48.02000000000001,0.31115142875656066,2025-04,10342,Corporate,North,Email,
1740,2025-04-07,West,Home & Kitchen,LED Lamp,1,76.72,0.05,72.88,47.95,24.929999999999993,0.34206915477497246,2025-04,10401,Consumer,North,Email,
1741,2025-01-21,North,Beauty,Perfume,1,49.96,0.2,39.97,26.21,13.759999999999998,0.3442581936452339,2025-01,10462,Consumer,North,Referral,
1742,2025-02-05,North,Beauty,Hair Dryer,2,51.51,0.15,87.57,50.13,37.43999999999999,0.4275436793422404,2025-02,10211,Consumer,West,Organic Search,
1743,2025-08-16,East,Home & Kitchen,Air Fryer,1,78.4,0.0,78.4,42.08,36.32000000000001,0.46326530612244904,2025-08,10026,Consumer,North,Organic Search,
1744,2025-06-18,North,Clothing,Jeans,1,81.48,0.1,73.33,43.55,29.78,0.406109368607664,2025-06,10252,Consumer,Central,Organic Search,
1745,2025-11-16,South,Home & Kitchen,Mixer Grinder,1,97.47,0.0,97.47,56.89,40.58,0.4163332307376629,2025-11,10003,Consumer,West,Organic Search,
1746,2025-05-26,East,Home & Kitchen,Air Fryer,1,55.41,0.0,55.41,42.38,13.029999999999994,0.23515610900559455,2025-05,10002,Small Business,East,Organic Search,
1747,2025-05-05,East,Beauty,Face Serum,1,56.06,0.0,56.06,37.94,18.120000000000005,0.3232251159471995,2025-05,10002,Small Business,East,Organic Search,
1748,2025-04-30,North,Home & Kitchen,LED Lamp,1,84.29,0.15,71.65,40.23,31.42000000000001,0.4385205861828333,2025-04,10150,Small Business,South,Organic Search,
1749,2025-07-17,Central,Electronics,Smart Watch,1,99.93,0.0,99.93,71.53,28.400000000000006,0.2841989392574803,2025-07,10004,Small Business,South,Social Media,
1750,2025-05-14,North,Electronics,Smart Watch,1,123.71,0.1,111.34,69.4,41.94,0.3766840308963535,2025-05,10497,Small Business,Central,Paid Ads,
1751,2025-08-18,West,Sports,Fitness Band,1,50.75,0.1,45.68,26.46,19.22,0.4207530647985989,2025-08,10468,Consumer,West,Referral,
1752,2025-03-13,South,Beauty,Hair Dryer,1,47.72,0.0,47.72,26.55,21.169999999999998,0.44362950544844926,2025-03,10070,Consumer,West,Organic Search,
1753,2025-02-12,South,Home & Kitchen,Storage Set,1,99.38,0.1,89.44,49.78,39.66,0.4434257602862254,2025-02,10201,Consumer,West,Organic Search,
1754,2025-05-22,South,Home & Kitchen,Storage Set,1,61.64,0.0,61.64,34.59,27.049999999999997,0.43883841661258916,2025-05,10308,Consumer,West,Referral,
1755,2025-02-10,Central,Home & Kitchen,Air Fryer,1,99.43,0.0,99.43,66.19,33.24000000000001,0.33430554158704623,2025-02,10252,Consumer,Central,Organic Search,
1756,2025-03-31,South,Sports,Fitness Band,1,83.16,0.05,79.0,56.16,22.840000000000003,0.28911392405063296,2025-03,10287,Small Business,Central,Referral,
1757,2025-10-02,South,Electronics,Smart Watch,1,97.45,0.1,87.7,49.54,38.160000000000004,0.4351197263397948,2025-10,10292,Consumer,Central,Paid Ads,
1758,2025-12-10,Central,Home & Kitchen,Mixer Grinder,1,55.45,0.2,44.36,24.03,20.33,0.4582957619477006,2025-12,10154,Consumer,North,Organic Search,
1759,2025-12-01,North,Beauty,Face Serum,2,36.13,0.1,65.03,36.78,28.25,0.4344148854374904,2025-12,10133,Consumer,South,Referral,
1760,2025-11-04,South,Electronics,Power Bank,2,112.86,0.1,203.15,147.54,55.610000000000014,0.27373861678562644,2025-11,10274,Corporate,North,Referral,
1761,2025-05-04,West,Clothing,Jeans,1,60.53,0.05,57.5,39.07,18.43,0.3205217391304348,2025-05,10509,Consumer,South,Referral,
1762,2025-03-12,North,Clothing,Jacket,1,38.99,0.0,38.99,21.91,17.080000000000002,0.4380610412926392,2025-03,10353,Consumer,East,Paid Ads,
1763,2025-06-07,Central,Clothing,Casual Shirt,2,38.26,0.0,76.52,54.37,22.15,0.2894668060637742,2025-06,10005,Consumer,East,Organic Search,
1764,2025-01-21,North,Electronics,Smart Watch,2,101.27,0.0,202.54,118.51,84.02999999999999,0.4148810111582897,2025-01,10293,Consumer,Central,Organic Search,
1765,2025-01-06,Central,Beauty,Skin Care Kit,1,59.95,0.05,56.95,44.08,12.870000000000005,0.2259877085162424,2025-01,10360,Corporate,Central,Paid Ads,
1766,2025-06-20,East,Clothing,Sneakers,1,44.97,0.2,35.98,26.42,9.559999999999995,0.2657031684269037,2025-06,10214,Corporate,West,Paid Ads,
1767,2025-08-03,East,Clothing,Sneakers,1,39.73,0.1,35.76,25.71,10.049999999999997,0.28104026845637575,2025-08,10406,Small Business,North,Organic Search,
1768,2025-02-14,South,Electronics,Smart Watch,1,33.38,0.05,31.71,22.68,9.030000000000001,0.2847682119205298,2025-02,10436,Consumer,South,Organic Search,
1769,2025-05-25,West,Electronics,Power Bank,1,135.89,0.0,135.89,90.13,45.75999999999999,0.33674295385973946,2025-05,10015,Consumer,West,Organic Search,
1770,2025-03-11,West,Beauty,Skin Care Kit,1,10.0,0.1,9.0,4.73,4.27,0.4744444444444444,2025-03,10273,Consumer,West,Paid Ads,
1771,2025-06-05,East,Electronics,Bluetooth Speaker,2,126.83,0.05,240.98,160.18,80.79999999999998,0.3352975350651506,2025-06,10045,Consumer,North,Social Media,
1772,2025-09-28,East,Clothing,Sneakers,1,44.46,0.0,44.46,32.99,11.469999999999999,0.2579847053531264,2025-09,10412,Small Business,Central,Social Media,
1773,2025-09-25,North,Home & Kitchen,Storage Set,2,93.08,0.0,186.16,119.96,66.2,0.3556080790717662,2025-09,10187,Consumer,Central,Organic Search,
1774,2025-12-24,East,Beauty,Skin Care Kit,2,40.61,0.05,77.16,46.83,30.33,0.3930793157076205,2025-12,10170,Consumer,East,Email,
1775,2025-02-09,West,Electronics,Wireless Headphones,1,129.51,0.05,123.03,76.79,46.239999999999995,0.37584329025440943,2025-02,10401,Consumer,North,Email,
1776,2025-01-27,North,Home & Kitchen,Air Fryer,1,77.71,0.05,73.82,51.15,22.669999999999995,0.3070983473313465,2025-01,10246,Consumer,East,Email,
1777,2025-05-23,South,Clothing,Casual Shirt,1,53.8,0.1,48.42,33.57,14.850000000000001,0.30669144981412644,2025-05,10043,Consumer,Central,Organic Search,
1778,2025-07-20,South,Electronics,Power Bank,1,138.47,0.15,117.7,85.52,32.18000000000001,0.27340696686491084,2025-07,10179,Consumer,East,Social Media,
1779,2025-11-07,West,Electronics,Bluetooth Speaker,1,128.12,0.1,115.31,79.75,35.56,0.3083860896713208,2025-11,10457,Consumer,East,Paid Ads,
1780,2025-01-03,West,Sports,Fitness Band,1,63.17,0.05,60.01,44.81,15.199999999999996,0.25329111814697547,2025-01,10244,Consumer,South,Social Media,
1781,2025-03-31,West,Electronics,Wireless Headphones,1,111.21,0.15,94.53,68.59,25.939999999999998,0.2744102401354067,2025-03,10017,Small Business,Central,Organic Search,
1782,2025-12-12,East,Clothing,Jacket,1,62.61,0.05,59.48,42.75,16.729999999999997,0.281271015467384,2025-12,10112,Small Business,Central,Social Media,
1783,2025-11-30,Central,Beauty,Skin Care Kit,1,40.11,0.15,34.09,19.62,14.470000000000002,0.42446465239073045,2025-11,10030,Corporate,West,Social Media,
1784,2025-02-16,East,Sports,Dumbbells,1,52.47,0.05,49.85,26.08,23.770000000000003,0.4768304914744233,2025-02,10192,Small Business,Central,Referral,
1785,2025-12-08,East,Home & Kitchen,Air Fryer,1,83.17,0.0,83.17,57.48,25.690000000000005,0.3088854154142119,2025-12,10437,Consumer,North,Organic Search,
1786,2025-02-16,West,Clothing,Jacket,1,75.51,0.0,75.51,44.81,30.700000000000003,0.4065686664018011,2025-02,10179,Consumer,East,Social Media,
1787,2025-03-11,Central,Electronics,Smart Watch,1,142.47,0.0,142.47,96.43,46.03999999999999,0.32315575208815883,2025-03,10474,Consumer,North,Paid Ads,
1788,2025-10-25,West,Home & Kitchen,Air Fryer,1,119.02,0.1,107.12,82.81,24.310000000000002,0.22694174757281554,2025-10,10134,Consumer,West,Referral,
1789,2025-04-21,North,Clothing,Sneakers,1,48.52,0.1,43.67,29.8,13.870000000000001,0.3176093427982597,2025-04,10312,Small Business,West,Social Media,
1790,2025-08-12,North,Clothing,Jeans,2,31.94,0.0,63.88,43.73,20.150000000000006,0.31543519098309336,2025-08,10025,Small Business,South,Social Media,
1791,2025-09-28,West,Clothing,Jacket,1,42.53,0.05,40.4,21.99,18.41,0.4556930693069307,2025-09,10371,Small Business,Central,Organic Search,
1792,2025-12-13,East,Sports,Yoga Mat,1,75.62,0.0,75.62,57.19,18.430000000000007,0.2437185929648242,2025-12,10319,Corporate,West,Referral,
1793,2025-12-25,South,Sports,Yoga Mat,2,78.9,0.05,149.91,79.64,70.27,0.4687479154159162,2025-12,10230,Consumer,North,Paid Ads,
1794,2025-04-22,East,Beauty,Perfume,1,44.49,0.0,44.49,31.11,13.380000000000003,0.30074173971679036,2025-04,10102,Corporate,North,Email,
1795,2025-08-24,Central,Sports,Running Shoes,4,49.53,0.1,178.31,111.95,66.36,0.3721608434748472,2025-08,10450,Small Business,East,Social Media,
1796,2025-07-11,Central,Home & Kitchen,Mixer Grinder,2,95.75,0.05,181.92,114.19,67.72999999999999,0.372306508355321,2025-07,10378,Small Business,North,Email,
1797,2025-03-23,South,Clothing,Jeans,1,86.23,0.0,86.23,54.54,31.690000000000005,0.36750550852371566,2025-03,10203,Consumer,South,Referral,
1798,2025-08-19,North,Electronics,Wireless Headphones,1,151.09,0.0,151.09,97.25,53.84,0.3563439009861672,2025-08,10267,Corporate,East,Social Media,
1799,2025-03-28,East,Home & Kitchen,Storage Set,1,27.23,0.1,24.51,18.02,6.490000000000002,0.26478988168094664,2025-03,10462,Consumer,North,Referral,
1800,2025-05-09,North,Clothing,Jacket,1,79.25,0.0,79.25,60.0,19.25,0.24290220820189273,2025-05,10365,Consumer,Central,Organic Search,
