order_id,order_date,region_x,category,product,quantity,unit_price,discount,revenue,cost,profit,profit_margin,month,customer_id,segment,region_y,acquisition_channel,region
1,2025-03-29,Central,Home & Kitchen,Air Fryer,1,90.61,0.05,86.0795,47.0,39.079499999999996,0.45399311101946455,2025-03,10367,Consumer,South,Social Media,Unknown
2,2025-10-21,South,Clothing,Jacket,1,76.07,0.0,76.07,53.84,22.22999999999999,0.2922308400157748,2025-10,10489,Consumer,South,Organic Search,Unknown
3,2025-07-07,East,Electronics,Wireless Headphones,1,120.75,0.05,114.71249999999999,61.04,53.67249999999999,0.4678871090770404,2025-07,10011,Consumer,West,Paid Ads,Unknown
4,2025-01-21,North,Home & Kitchen,LED Lamp,1,70.42,0.0,70.42,47.74,22.68,0.3220675944333996,2025-01,10446,Consumer,North,Organic Search,Unknown
5,2025-04-02,West,Electronics,Power Bank,2,51.9,0.0,103.8,60.21,43.589999999999996,0.4199421965317919,2025-04,10114,Consumer,East,Organic Search,Unknown
6,2025-02-19,West,Electronics,Wireless Headphones,2,157.61,0.0,315.22,195.96,119.26000000000002,0.378338937884652,2025-02,10196,Consumer,East,Email,Unknown
7,2025-07-21,West,Home & Kitchen,Mixer Grinder,1,69.66,0.1,62.693999999999996,39.93,22.763999999999996,0.3630969470762752,2025-07,10323,Consumer,North,Referral,Unknown
8,2025-07-09,Central,Clothing,Jacket,1,56.03,0.05,53.2285,34.89,18.338499999999996,0.34452408014503505,2025-07,10512,Consumer,East,Social Media,Unknown
9,2025-06-06,Central,Home & Kitchen,Mixer Grinder,1,90.32,0.1,81.288,48.1,33.187999999999995,0.40827674441491973,2025-06,10165,Consumer,East,Email,Unknown
10,2025-03-04,East,Electronics,Bluetooth Speaker,1,122.89,0.05,116.74549999999999,69.62,47.12549999999999,0.4036600982478981,2025-03,10252,Consumer,Central,Organic Search,Unknown
11,2025-02-02,Central,Electronics,Power Bank,1,91.8,0.15,78.03,53.22,24.810000000000002,0.3179546328335256,2025-02,10044,Consumer,North,Organic Search,Unknown
12,2025-05-11,North,Beauty,Perfume,1,36.54,0.05,34.713,21.5,13.213000000000001,0.3806354967879469,2025-05,10470,Consumer,East,Organic Search,Unknown
13,2025-06-28,North,Beauty,Skin Care Kit,2,77.77,0.05,147.76299999999998,77.81,69.95299999999997,0.4734135067642102,2025-06,10489,Consumer,South,Organic Search,Unknown
14,2025-05-23,East,Home & Kitchen,LED Lamp,1,59.38,0.0,59.38,40.21,19.17,0.32283597170764566,2025-05,10181,Corporate,West,Organic Search,Unknown
15,2025-05-14,West,Electronics,Wireless Headphones,1,92.83,0.15,78.9055,57.61,21.295500000000004,0.26988612961073694,2025-05,10077,Consumer,South,Social Media,Unknown
16,2025-12-14,North,Beauty,Perfume,1,34.38,0.15,29.223000000000003,17.66,11.563000000000002,0.3956814837627896,2025-12,10374,Small Business,East,Referral,Unknown
17,2025-11-14,Central,Home & Kitchen,Air Fryer,1,49.77,0.0,49.77,32.79,16.980000000000004,0.34116937914406276,2025-11,10067,Consumer,North,Referral,Unknown
18,2025-04-06,North,Clothing,Jeans,1,39.31,0.15,33.4135,20.18,13.2335,0.39605249375252516,2025-04,10092,Small Business,Central,Referral,Unknown
19,2025-04-23,South,Home & Kitchen,Mixer Grinder,3,37.02,0.0,111.06,58.82,52.24,0.47037637313164055,2025-04,10244,Consumer,South,Social Media,Unknown
20,2025-05-06,South,Clothing,Jeans,1,54.59,0.0,54.59,37.39,17.200000000000003,0.3150760212493131,2025-05,10341,Consumer,East,Referral,Unknown
21,2025-09-12,Central,Clothing,Jeans,4,66.82,0.1,240.552,139.95,100.602,0.4182131098473511,2025-09,10304,Small Business,South,Social Media,Unknown
22,2025-07-20,West,Clothing,Jeans,1,37.29,0.1,33.561,24.42,9.140999999999998,0.2723697148475909,2025-07,10398,Consumer,North,Paid Ads,Unknown
23,2025-05-27,West,Clothing,Jacket,1,81.28,0.0,81.28,53.09,28.189999999999998,0.34682578740157477,2025-05,10448,Corporate,North,Social Media,Unknown
24,2025-12-26,North,Clothing,Jacket,2,68.45,0.05,130.055,85.14,44.915000000000006,0.3453538887393795,2025-12,10097,Consumer,West,Email,Unknown
25,2025-03-01,North,Clothing,Casual Shirt,1,67.53,0.1,60.777,40.38,20.397,0.33560392911792286,2025-03,10331,Small Business,East,Social Media,Unknown
26,2025-01-09,North,Electronics,Power Bank,3,78.64,0.05,224.124,167.97,56.153999999999996,0.25054880334100765,2025-01,10205,Consumer,South,Email,Unknown
27,2025-04-23,West,Home & Kitchen,LED Lamp,2,73.61,0.15,125.137,92.76,32.376999999999995,0.2587324292575337,2025-04,10449,Consumer,South,Social Media,Unknown
28,2025-06-02,Central,Sports,Fitness Band,1,84.39,0.05,80.17049999999999,61.28,18.89049999999999,0.23562906555403784,2025-06,10418,Corporate,North,Organic Search,Unknown
29,2025-10-16,Central,Home & Kitchen,Mixer Grinder,1,103.51,0.0,103.51,72.99,30.52000000000001,0.2948507390590282,2025-10,10077,Consumer,South,Social Media,Unknown
30,2025-02-02,West,Electronics,Power Bank,1,164.52,0.1,148.068,102.31,45.75800000000001,0.30903368722478863,2025-02,10425,Consumer,West,Social Media,Unknown
31,2025-10-13,North,Clothing,Jeans,1,68.53,0.1,61.677,44.82,16.857,0.2733109587042171,2025-10,10429,Consumer,Central,Email,Unknown
32,2025-01-04,East,Clothing,Jacket,2,51.31,0.0,102.62,66.68,35.94,0.35022412785032153,2025-01,10485,Consumer,East,Referral,Unknown
33,2025-10-29,Central,Beauty,Perfume,1,37.5,0.0,37.5,28.55,8.95,0.23866666666666664,2025-10,10135,Consumer,South,Organic Search,Unknown
34,2025-06-10,East,Clothing,Jacket,2,66.0,0.0,132.0,81.86,50.14,0.3798484848484849,2025-06,10254,Consumer,West,Paid Ads,Unknown
35,2025-09-30,North,Electronics,Wireless Headphones,1,81.44,0.0,81.44,48.6,32.839999999999996,0.40324165029469544,2025-09,10255,Consumer,East,Organic Search,Unknown
36,2025-12-21,South,Electronics,Smart Watch,1,166.69,0.0,166.69,121.76,44.92999999999999,0.26954226408302834,2025-12,10499,Corporate,South,Organic Search,Unknown
37,2025-12-20,South,Beauty,Face Serum,1,33.77,0.15,28.704500000000003,15.13,13.574500000000002,0.4729049452176488,2025-12,10484,Small Business,South,Referral,Unknown
38,2025-05-05,South,Home & Kitchen,Storage Set,1,77.14,0.05,73.283,48.44,24.843000000000004,0.3390008596809629,2025-05,10046,Consumer,North,Social Media,Unknown
39,2025-02-22,West,Beauty,Face Serum,1,34.71,0.0,34.71,22.76,11.95,0.3442811869778162,2025-02,10443,Consumer,West,Referral,Unknown
40,2025-12-16,East,Electronics,Wireless Headphones,1,156.59,0.1,140.931,80.41,60.521000000000015,0.42943710042503075,2025-12,10004,Small Business,South,Social Media,Unknown
41,2025-12-12,Central,Clothing,Jacket,1,53.35,0.05,50.6825,36.16,14.5225,0.28653874611552316,2025-12,10001,Consumer,West,Referral,Unknown
42,2025-02-27,South,Electronics,Smart Watch,2,103.66,0.1,186.588,116.87,69.71799999999999,0.3736467511308337,2025-02,10290,Small Business,North,Organic Search,Unknown
43,2025-03-10,Central,Electronics,Smart Watch,1,126.18,0.05,119.871,82.81,37.06099999999999,0.3091740287475703,2025-03,10109,Consumer,West,Paid Ads,Unknown
44,2025-10-12,West,Home & Kitchen,LED Lamp,1,92.94,0.0,92.94,51.23,41.71,0.44878416182483327,2025-10,10460,Consumer,South,Organic Search,Unknown
45,2025-09-07,South,Electronics,Wireless Headphones,1,101.55,0.05,96.4725,66.46,30.012500000000003,0.31109901785482913,2025-09,10266,Consumer,Central,Social Media,Unknown
46,2025-04-06,North,Sports,Fitness Band,1,84.96,0.05,80.71199999999999,55.1,25.611999999999988,0.3173258003766477,2025-04,10138,Consumer,Central,Referral,Unknown
47,2025-12-06,West,Clothing,Casual Shirt,1,58.07,0.0,58.07,39.04,19.03,0.32770793869467885,2025-12,10434,Corporate,Central,Referral,Unknown
48,2025-09-25,East,Home & Kitchen,LED Lamp,1,66.56,0.1,59.904,43.93,15.974000000000004,0.26665998931623935,2025-09,10044,Consumer,North,Organic Search,Unknown
49,2025-03-31,South,Beauty,Perfume,2,43.15,0.0,86.3,52.03,34.269999999999996,0.3971031286210892,2025-03,10510,Consumer,North,Email,Unknown
50,2025-08-05,Central,Electronics,Bluetooth Speaker,1,99.08,0.1,89.172,60.95,28.221999999999994,0.3164894810030054,2025-08,10262,Small Business,South,Paid Ads,Unknown
51,2025-04-06,Central,Sports,Fitness Band,1,78.6,0.2,62.879999999999995,39.44,23.439999999999998,0.3727735368956743,2025-04,10152,Consumer,Central,Email,Unknown
52,2025-09-30,North,Electronics,Bluetooth Speaker,2,140.51,0.1,252.91799999999998,138.3,114.61799999999997,0.4531824543923326,2025-09,10213,Consumer,Central,Referral,Unknown
53,2025-03-17,North,Clothing,Jacket,1,45.92,0.0,45.92,35.32,10.600000000000001,0.23083623693379793,2025-03,10234,Corporate,North,Paid Ads,Unknown
54,2025-05-24,Central,Home & Kitchen,Mixer Grinder,1,73.32,0.05,69.654,45.15,24.503999999999998,0.35179602032905505,2025-05,10361,Small Business,South,Email,Unknown
55,2025-04-19,Central,Electronics,Power Bank,1,158.91,0.1,143.019,103.73,39.289,0.2747117515854537,2025-04,10320,Consumer,North,Paid Ads,Unknown
56,2025-08-09,East,Home & Kitchen,Storage Set,4,97.73,0.0,390.92,278.19,112.73000000000002,0.28837102220403155,2025-08,10222,Small Business,South,Paid Ads,Unknown
57,2025-05-21,South,Clothing,Sneakers,1,64.45,0.0,64.45,34.92,29.53,0.4581846392552366,2025-05,10210,Consumer,South,Referral,Unknown
58,2025-12-05,Central,Home & Kitchen,Storage Set,1,110.42,0.0,110.42,59.85,50.57,0.45797862706031517,2025-12,10396,Small Business,North,Referral,Unknown
59,2025-10-02,Central,Home & Kitchen,LED Lamp,1,84.17,0.05,79.9615,56.3,23.661500000000004,0.2959111572444239,2025-10,10489,Consumer,South,Organic Search,Unknown
60,2025-06-22,Central,Home & Kitchen,Storage Set,1,98.51,0.15,83.7335,45.96,37.773500000000006,0.45111574220592715,2025-06,10464,Consumer,Central,Organic Search,Unknown
61,2025-07-10,West,Home & Kitchen,Mixer Grinder,1,108.47,0.05,103.0465,79.37,23.67649999999999,0.22976520308792625,2025-07,10452,Consumer,North,Paid Ads,Unknown
62,2025-06-22,Central,Home & Kitchen,LED Lamp,1,97.27,0.05,92.4065,67.33,25.076499999999996,0.2713716026469999,2025-06,10413,Consumer,Central,Paid Ads,Unknown
63,2025-11-01,North,Electronics,Wireless Headphones,1,148.34,0.0,148.34,83.55,64.79,0.4367668868814885,2025-11,10476,Consumer,Central,Email,Unknown
64,2025-11-26,West,Clothing,Jeans,1,38.58,0.1,34.722,26.32,8.402000000000001,0.24197914866655149,2025-11,10256,Consumer,North,Organic Search,Unknown
65,2025-08-08,Central,Electronics,Wireless Headphones,1,114.7,0.05,108.965,73.19,35.775000000000006,0.32831643188179693,2025-08,10150,Small Business,South,Organic Search,Unknown
66,2025-07-31,Central,Sports,Fitness Band,1,40.34,0.0,40.34,23.91,16.430000000000003,0.4072880515617254,2025-07,10127,Small Business,Central,Email,Unknown
67,2025-10-13,South,Clothing,Casual Shirt,1,80.94,0.15,68.79899999999999,37.26,31.538999999999994,0.4584223607901277,2025-10,10392,Small Business,South,Email,Unknown
68,2025-08-12,North,Clothing,Casual Shirt,1,28.35,0.05,26.9325,19.68,7.252500000000001,0.2692843219159009,2025-08,10480,Small Business,Central,Organic Search,Unknown
69,2025-11-07,West,Home & Kitchen,Mixer Grinder,1,77.43,0.05,73.55850000000001,43.48,30.078500000000012,0.4089058368509419,2025-11,10397,Corporate,East,Paid Ads,Unknown
70,2025-02-22,Central,Beauty,Skin Care Kit,1,53.86,0.15,45.781,30.77,15.011,0.3278871147419235,2025-02,10402,Small Business,East,Email,Unknown
71,2025-10-15,South,Beauty,Skin Care Kit,1,28.04,0.2,22.432000000000002,15.2,7.232000000000003,0.3223965763195436,2025-10,10274,Corporate,North,Referral,Unknown
72,2025-09-16,East,Home & Kitchen,LED Lamp,1,76.81,0.05,72.9695,46.98,25.9895,0.3561693584305772,2025-09,10139,Small Business,North,Organic Search,Unknown
73,2025-10-30,Central,Home & Kitchen,Air Fryer,1,103.0,0.05,97.85,54.29,43.559999999999995,0.44517118037812975,2025-10,10103,Corporate,West,Referral,Unknown
74,2025-08-14,South,Clothing,Jeans,2,57.56,0.15,97.852,66.59,31.262,0.3194824837509708,2025-08,10242,Consumer,North,Referral,Unknown
75,2025-12-01,West,Clothing,Jeans,1,58.87,0.05,55.9265,35.64,20.286499999999997,0.36273501828292487,2025-12,10117,Consumer,Central,Organic Search,Unknown
76,2025-07-03,North,Home & Kitchen,Mixer Grinder,2,69.83,0.15,118.711,66.27,52.441,0.4417535022028287,2025-07,10214,Corporate,West,Paid Ads,Unknown
77,2025-02-12,East,Home & Kitchen,LED Lamp,1,82.87,0.0,82.87,47.6,35.27,0.4256063714251237,2025-02,10484,Small Business,South,Referral,Unknown
78,2025-01-08,West,Electronics,Wireless Headphones,1,103.83,0.05,98.6385,61.56,37.07849999999999,0.3759029182317249,2025-01,10224,Consumer,South,Paid Ads,Unknown
79,2025-02-20,East,Electronics,Power Bank,1,121.47,0.2,97.176,65.74,31.436000000000007,0.32349551329546394,2025-02,10270,Consumer,East,Paid Ads,Unknown
80,2025-01-01,Central,Beauty,Hair Dryer,1,52.03,0.0,52.03,28.26,23.77,0.45685181625985005,2025-01,10134,Consumer,West,Referral,Unknown
81,2025-02-16,North,Home & Kitchen,Mixer Grinder,2,71.61,0.0,143.22,77.91,65.31,0.45601173020527863,2025-02,10114,Consumer,East,Organic Search,Unknown
82,2025-01-26,West,Clothing,Jacket,2,42.39,0.15,72.063,38.62,33.443000000000005,0.46408004107517037,2025-01,10441,Corporate,Central,Referral,Unknown
83,2025-01-28,South,Beauty,Face Serum,1,40.27,0.15,34.2295,19.9,14.329500000000003,0.41863012898231067,2025-01,10365,Consumer,Central,Organic Search,Unknown
84,2025-08-26,East,Beauty,Hair Dryer,1,43.54,0.0,43.54,30.42,13.119999999999997,0.30133210840606334,2025-08,10232,Consumer,North,Social Media,Unknown
85,2025-01-28,South,Clothing,Casual Shirt,2,36.99,0.0,73.98,52.65,21.330000000000005,0.2883211678832117,2025-01,10458,Consumer,Central,Email,Unknown
86,2025-05-25,Central,Clothing,Casual Shirt,1,29.45,0.0,29.45,16.23,13.219999999999999,0.44889643463497453,2025-05,10375,Consumer,Central,Paid Ads,Unknown
87,2025-04-21,North,Clothing,Jacket,1,50.41,0.05,47.88949999999999,34.08,13.809499999999993,0.28836174944403253,2025-04,10207,Consumer,Central,Referral,Unknown
88,2025-08-14,East,Clothing,Jeans,1,88.46,0.05,84.03699999999999,57.81,26.22699999999999,0.3120887228244701,2025-08,10520,Consumer,Central,Paid Ads,Unknown
89,2025-11-14,North,Home & Kitchen,Air Fryer,1,66.18,0.05,62.871,46.6,16.271,0.25879976459735016,2025-11,10468,Consumer,West,Referral,Unknown
90,2025-01-06,South,Electronics,Bluetooth Speaker,1,77.7,0.1,69.93,54.5,15.430000000000007,0.2206492206492207,2025-01,10443,Consumer,West,Referral,Unknown
91,2025-07-13,East,Clothing,Sneakers,2,46.12,0.0,92.24,64.0,28.239999999999995,0.30615784908933213,2025-07,10321,Small Business,West,Email,Unknown
92,2025-11-20,East,Clothing,Sneakers,2,66.63,0.0,133.26,102.83,30.429999999999993,0.2283505928260543,2025-11,10093,Consumer,East,Organic Search,Unknown
93,2025-05-19,West,Electronics,Power Bank,1,128.73,0.0,128.73,86.39,42.33999999999999,0.32890546104249196,2025-05,10408,Consumer,Central,Referral,Unknown
94,2025-05-18,West,Home & Kitchen,Storage Set,1,59.74,0.0,59.74,33.15,26.590000000000003,0.44509541345831943,2025-05,10158,Consumer,South,Organic Search,Unknown
95,2025-02-07,East,Electronics,Power Bank,2,148.08,0.1,266.54400000000004,179.88,86.66400000000004,0.3251395641995319,2025-02,10099,Corporate,West,Organic Search,Unknown
96,2025-05-17,South,Home & Kitchen,Air Fryer,2,54.69,0.1,98.442,61.64,36.80199999999999,0.37384449726742647,2025-05,10225,Consumer,West,Paid Ads,Unknown
97,2025-10-18,Central,Electronics,Bluetooth Speaker,2,139.46,0.1,251.02800000000002,182.72,68.30800000000002,0.2721130710518349,2025-10,10441,Corporate,Central,Referral,Unknown
98,2025-08-25,South,Electronics,Bluetooth Speaker,1,136.71,0.05,129.8745,79.65,50.224500000000006,0.38671563701881434,2025-08,10401,Consumer,North,Email,Unknown
99,2025-03-04,North,Home & Kitchen,LED Lamp,1,92.38,0.1,83.142,54.9,28.241999999999997,0.3396839142671574,2025-03,10064,Consumer,West,Referral,Unknown
100,2025-04-14,East,Electronics,Wireless Headphones,1,129.93,0.05,123.4335,66.32,57.1135,0.462706639607562,2025-04,10279,Consumer,Central,Social Media,Unknown
101,2025-06-06,North,Clothing,Jeans,2,32.23,0.0,64.46,46.83,17.629999999999995,0.273502947564381,2025-06,10519,Consumer,North,Organic Search,Unknown
102,2025-10-16,West,Clothing,Sneakers,1,72.61,0.2,58.088,41.57,16.518,0.28436165817380527,2025-10,10248,Consumer,North,Organic Search,Unknown
103,2025-12-31,West,Clothing,Jeans,1,48.74,0.05,46.303,28.64,17.662999999999997,0.3814655637863637,2025-12,10368,Small Business,East,Referral,Unknown
104,2025-06-22,South,Home & Kitchen,Air Fryer,1,85.84,0.05,81.548,51.08,30.468000000000004,0.3736204444008437,2025-06,10098,Consumer,South,Referral,Unknown
105,2025-11-26,South,Electronics,Bluetooth Speaker,1,65.16,0.0,65.16,36.96,28.199999999999996,0.432780847145488,2025-11,10268,Consumer,North,Email,Unknown
106,2025-04-21,West,Sports,Fitness Band,2,70.11,0.0,140.22,76.59,63.629999999999995,0.4537869062901155,2025-04,10060,Consumer,Central,Email,Unknown
107,2025-04-02,South,Clothing,Jacket,1,62.41,0.1,56.169,31.44,24.728999999999996,0.44026064199113385,2025-04,10500,Consumer,West,Organic Search,Unknown
108,2025-09-14,Central,Electronics,Bluetooth Speaker,1,127.52,0.15,108.392,82.45,25.941999999999993,0.23933500627352566,2025-09,10308,Consumer,West,Referral,Unknown
109,2025-05-29,North,Sports,Running Shoes,1,56.38,0.0,56.38,32.65,23.730000000000004,0.42089393401915576,2025-05,10493,Consumer,South,Social Media,Unknown
110,2025-03-04,West,Beauty,Hair Dryer,2,50.66,0.0,101.32,61.47,39.849999999999994,0.39330833004342675,2025-03,10411,Consumer,Central,Referral,Unknown
111,2025-12-30,East,Clothing,Sneakers,2,31.04,0.15,52.768,35.5,17.268,0.3272437841115828,2025-12,10140,Consumer,East,Referral,Unknown
112,2025-06-10,North,Electronics,Power Bank,1,26.44,0.0,26.44,13.98,12.46,0.4712556732223903,2025-06,10328,Consumer,North,Paid Ads,Unknown
113,2025-02-18,North,Beauty,Skin Care Kit,1,36.99,0.0,36.99,28.82,8.170000000000002,0.22087050554203844,2025-02,10464,Consumer,Central,Organic Search,Unknown
114,2025-02-01,Central,Home & Kitchen,Mixer Grinder,1,55.21,0.0,55.21,41.6,13.61,0.24651331280565114,2025-02,10163,Small Business,Central,Organic Search,Unknown
115,2025-07-13,West,Clothing,Casual Shirt,1,44.02,0.1,39.618,25.27,14.348000000000003,0.3621586147710637,2025-07,10060,Consumer,Central,Email,Unknown
116,2025-02-24,East,Home & Kitchen,Mixer Grinder,1,82.38,0.0,82.38,46.73,35.65,0.43275066763777614,2025-02,10031,Corporate,East,Email,Unknown
117,2025-12-15,North,Home & Kitchen,Mixer Grinder,2,111.7,0.2,178.72000000000003,131.96,46.76000000000002,0.26163831692032236,2025-12,10333,Corporate,West,Paid Ads,Unknown
118,2025-02-23,North,Clothing,Sneakers,1,56.93,0.1,51.237,26.91,24.327,0.4747936061830318,2025-02,10076,Consumer,South,Paid Ads,Unknown
119,2025-10-15,East,Beauty,Skin Care Kit,2,59.23,0.1,106.61399999999999,82.84,23.773999999999987,0.22299135198004005,2025-10,10317,Consumer,East,Paid Ads,Unknown
120,2025-01-07,South,Sports,Fitness Band,1,73.03,0.0,73.03,43.54,29.490000000000002,0.40380665479939754,2025-01,10417,Corporate,South,Social Media,Unknown
121,2025-01-11,South,Electronics,Bluetooth Speaker,2,165.94,0.15,282.098,192.52,89.578,0.3175421307488887,2025-01,10190,Consumer,West,Organic Search,Unknown
122,2025-09-13,North,Beauty,Skin Care Kit,1,50.73,0.0,50.73,34.61,16.119999999999997,0.3177606938695052,2025-09,10489,Consumer,South,Organic Search,Unknown
123,2025-08-12,North,Home & Kitchen,LED Lamp,1,83.73,0.2,66.98400000000001,43.03,23.954000000000008,0.3576077869341933,2025-08,10315,Consumer,West,Social Media,Unknown
124,2025-12-25,North,Home & Kitchen,Air Fryer,1,58.14,0.05,55.233,37.82,17.412999999999997,0.315264425253019,2025-12,10296,Consumer,West,Email,Unknown
125,2025-02-11,West,Electronics,Bluetooth Speaker,1,157.06,0.1,141.354,92.97,48.384000000000015,0.3422895708646378,2025-02,10501,Consumer,East,Organic Search,Unknown
126,2025-03-28,Central,Home & Kitchen,Mixer Grinder,1,105.79,0.1,95.21100000000001,70.05,25.161000000000016,0.2642656835869806,2025-03,10177,Small Business,North,Paid Ads,Unknown
127,2025-11-05,South,Electronics,Wireless Headphones,1,150.62,0.0,150.62,103.12,47.5,0.31536316558225996,2025-11,10215,Consumer,East,Organic Search,Unknown
128,2025-05-10,West,Sports,Running Shoes,1,48.32,0.1,43.488,27.39,16.098,0.3701710816777042,2025-05,10332,Corporate,West,Email,Unknown
129,2025-06-13,North,Sports,Yoga Mat,1,38.89,0.05,36.945499999999996,21.99,14.955499999999997,0.40479896063119997,2025-06,10128,Consumer,Central,Organic Search,Unknown
130,2025-09-03,Central,Beauty,Perfume,1,46.51,0.05,44.18449999999999,30.6,13.584499999999991,0.3074494449410991,2025-09,10269,Consumer,Central,Social Media,Unknown
131,2025-12-31,East,Home & Kitchen,Mixer Grinder,1,93.61,0.0,93.61,60.76,32.85,0.3509240465762205,2025-12,10366,Consumer,South,Email,Unknown
132,2025-05-09,North,Home & Kitchen,Mixer Grinder,1,45.97,0.0,45.97,28.11,17.86,0.3885142484228845,2025-05,10348,Consumer,East,Referral,Unknown
133,2025-04-12,South,Clothing,Jacket,1,65.9,0.1,59.31000000000001,41.55,17.760000000000012,0.29944360141628745,2025-04,10142,Small Business,South,Referral,Unknown
134,2025-11-26,North,Electronics,Wireless Headphones,1,101.1,0.15,85.93499999999999,47.74,38.194999999999986,0.44446383894804203,2025-11,10145,Consumer,South,Email,Unknown
135,2025-07-19,North,Home & Kitchen,Storage Set,1,108.77,0.1,97.893,67.12,30.772999999999996,0.3143534267005812,2025-07,10245,Consumer,South,Social Media,Unknown
136,2025-02-16,South,Sports,Fitness Band,1,77.54,0.2,62.03200000000001,47.48,14.552000000000014,0.23458859943255111,2025-02,10442,Consumer,Central,Social Media,Unknown
137,2025-05-17,East,Clothing,Casual Shirt,1,67.6,0.0,67.6,47.41,20.189999999999998,0.2986686390532544,2025-05,10290,Small Business,North,Organic Search,Unknown
138,2025-04-13,North,Sports,Running Shoes,1,67.44,0.1,60.696,43.32,17.375999999999998,0.28627916172400153,2025-04,10112,Small Business,Central,Social Media,Unknown
139,2025-01-15,North,Clothing,Jacket,1,38.95,0.1,35.05500000000001,18.83,16.22500000000001,0.4628441021252319,2025-01,10214,Corporate,West,Paid Ads,Unknown
140,2025-04-18,South,Clothing,Jeans,1,74.68,0.1,67.212,50.43,16.782000000000004,0.24968755579360832,2025-04,10200,Consumer,Central,Paid Ads,Unknown
141,2025-01-29,North,Electronics,Smart Watch,4,141.53,0.0,566.12,295.78,270.34000000000003,0.4775312654560871,2025-01,10405,Consumer,South,Email,Unknown
142,2025-09-23,North,Home & Kitchen,Air Fryer,1,76.15,0.05,72.3425,42.73,29.612500000000004,0.40933752635034737,2025-09,10421,Small Business,East,Social Media,Unknown
143,2025-11-20,South,Home & Kitchen,LED Lamp,1,70.59,0.05,67.0605,39.88,27.180500000000002,0.40531311278621546,2025-11,10007,Consumer,East,Organic Search,Unknown
144,2025-11-01,North,Electronics,Wireless Headphones,1,110.53,0.15,93.9505,49.96,43.990500000000004,0.4682306108003683,2025-11,10286,Consumer,East,Email,Unknown
145,2025-11-15,East,Clothing,Jacket,3,45.01,0.05,128.2785,99.47,28.80850000000001,0.22457777413985983,2025-11,10389,Small Business,West,Referral,Unknown
146,2025-05-28,Central,Sports,Running Shoes,1,79.59,0.2,63.672000000000004,36.94,26.732000000000006,0.41983917577585134,2025-05,10416,Consumer,East,Social Media,Unknown
147,2025-01-05,Central,Clothing,Casual Shirt,2,48.6,0.2,77.76,57.14,20.620000000000005,0.2651748971193416,2025-01,10150,Small Business,South,Organic Search,Unknown
148,2025-03-02,East,Clothing,Sneakers,2,53.4,0.15,90.78,70.69,20.090000000000003,0.22130425203789383,2025-03,10428,Consumer,North,Organic Search,Unknown
149,2025-03-09,Central,Home & Kitchen,Mixer Grinder,1,130.08,0.1,117.07200000000002,61.94,55.13200000000002,0.47092387590542584,2025-03,10293,Consumer,Central,Organic Search,Unknown
150,2025-07-14,North,Electronics,Wireless Headphones,1,97.62,0.0,97.62,62.86,34.760000000000005,0.3560745748821963,2025-07,10334,Consumer,East,Social Media,Unknown
151,2025-02-07,East,Beauty,Hair Dryer,2,47.38,0.0,94.76,59.34,35.42,0.3737864077669903,2025-02,10272,Small Business,South,Organic Search,Unknown
152,2025-10-11,Central,Beauty,Hair Dryer,1,62.51,0.2,50.008,27.43,22.578000000000003,0.45148776195808676,2025-10,10043,Consumer,Central,Organic Search,Unknown
153,2025-12-20,East,Sports,Running Shoes,1,110.99,0.1,99.89099999999999,60.98,38.910999999999994,0.38953459270604956,2025-12,10468,Consumer,West,Referral,Unknown
154,2025-12-19,East,Beauty,Face Serum,2,34.05,0.1,61.29,42.36,18.93,0.3088595203132648,2025-12,10319,Corporate,West,Referral,Unknown
155,2025-02-14,South,Beauty,Face Serum,1,43.56,0.0,43.56,32.64,10.920000000000002,0.2506887052341598,2025-02,10492,Small Business,North,Referral,Unknown
156,2025-06-07,South,Home & Kitchen,Storage Set,2,65.9,0.0,131.8,80.02,51.780000000000015,0.3928679817905919,2025-06,10172,Small Business,North,Email,Unknown
157,2025-08-21,North,Beauty,Hair Dryer,2,31.24,0.0,62.48,37.79,24.689999999999998,0.3951664532650448,2025-08,10321,Small Business,West,Email,Unknown
158,2025-11-22,East,Electronics,Smart Watch,1,99.34,0.05,94.373,68.21,26.16300000000001,0.27722971612643454,2025-11,10044,Consumer,North,Organic Search,Unknown
159,2025-10-05,West,Beauty,Hair Dryer,1,36.07,0.0,36.07,25.82,10.25,0.284169670085944,2025-10,10454,Consumer,North,Paid Ads,Unknown
160,2025-07-12,South,Electronics,Power Bank,1,157.21,0.0,157.21,110.7,46.510000000000005,0.29584632020863816,2025-07,10083,Consumer,West,Paid Ads,Unknown
161,2025-02-02,East,Electronics,Smart Watch,2,101.22,0.1,182.196,95.91,86.286,0.4735888823025753,2025-02,10322,Corporate,North,Email,Unknown
162,2025-04-09,Central,Electronics,Bluetooth Speaker,1,132.67,0.0,132.67,103.38,29.289999999999992,0.22077334740333154,2025-04,10234,Corporate,North,Paid Ads,Unknown
163,2025-01-22,East,Beauty,Skin Care Kit,2,28.56,0.0,57.12,39.81,17.309999999999995,0.3030462184873949,2025-01,10252,Consumer,Central,Organic Search,Unknown
164,2025-10-30,Central,Electronics,Wireless Headphones,3,143.8,0.0,431.40000000000003,306.35,125.05000000000001,0.28987019007881315,2025-10,10449,Consumer,South,Social Media,Unknown
165,2025-06-11,Central,Clothing,Jeans,2,26.56,0.0,53.12,37.63,15.489999999999995,0.29160391566265054,2025-06,10239,Small Business,West,Email,Unknown
166,2025-07-27,East,Electronics,Wireless Headphones,1,100.96,0.05,95.91199999999999,71.43,24.481999999999985,0.2552548169155057,2025-07,10490,Consumer,West,Social Media,Unknown
167,2025-06-30,West,Sports,Running Shoes,1,94.6,0.0,94.6,68.79,25.809999999999988,0.27283298097251574,2025-06,10464,Consumer,Central,Organic Search,Unknown
168,2025-09-30,West,Sports,Fitness Band,2,19.84,0.05,37.696,20.75,16.945999999999998,0.44954371816638367,2025-09,10314,Consumer,South,Social Media,Unknown
169,2025-12-10,East,Electronics,Wireless Headphones,1,95.11,0.05,90.3545,53.3,37.054500000000004,0.410101323121704,2025-12,10175,Small Business,Central,Paid Ads,Unknown
170,2025-04-05,East,Sports,Yoga Mat,1,64.74,0.0,64.74,40.27,24.46999999999999,0.37797343219029955,2025-04,10180,Consumer,East,Organic Search,Unknown
171,2025-03-17,North,Clothing,Casual Shirt,3,58.97,0.1,159.219,88.84,70.37899999999999,0.4420263913226436,2025-03,10385,Small Business,West,Email,Unknown
172,2025-07-21,South,Clothing,Sneakers,1,62.22,0.05,59.108999999999995,39.35,19.758999999999993,0.3342807355901808,2025-07,10295,Consumer,South,Referral,Unknown
173,2025-03-31,South,Home & Kitchen,Mixer Grinder,1,69.45,0.0,69.45,53.76,15.690000000000005,0.22591792656587478,2025-03,10215,Consumer,East,Organic Search,Unknown
174,2025-11-13,East,Beauty,Hair Dryer,1,52.04,0.1,46.836,35.95,10.885999999999996,0.23242804680160553,2025-11,10075,Consumer,West,Referral,Unknown
175,2025-06-27,West,Sports,Yoga Mat,2,66.09,0.1,118.962,88.8,30.162000000000006,0.25354314823220864,2025-06,10344,Consumer,East,Social Media,Unknown
176,2025-07-27,West,Beauty,Hair Dryer,1,32.75,0.05,31.112499999999997,21.52,9.592499999999998,0.30831659300924064,2025-07,10142,Small Business,South,Referral,Unknown
177,2025-01-12,West,Clothing,Jeans,1,61.18,0.1,55.062,29.8,25.261999999999997,0.4587919073044931,2025-01,10199,Corporate,South,Paid Ads,Unknown
178,2025-06-22,Central,Electronics,Wireless Headphones,1,193.33,0.0,193.33,124.17,69.16000000000001,0.3577303056949258,2025-06,10171,Corporate,South,Email,Unknown
179,2025-07-21,East,Beauty,Skin Care Kit,1,25.31,0.05,24.0445,15.58,8.4645,0.35203476886606083,2025-07,10406,Small Business,North,Organic Search,Unknown
180,2025-11-01,Central,Clothing,Casual Shirt,1,73.46,0.0,73.46,54.25,19.209999999999994,0.26150285869861145,2025-11,10228,Corporate,South,Referral,Unknown
181,2025-02-19,North,Beauty,Face Serum,2,55.51,0.1,99.91799999999999,65.07,34.848,0.34876598811025045,2025-02,10411,Consumer,Central,Referral,Unknown
182,2025-03-07,South,Clothing,Casual Shirt,1,66.66,0.1,59.994,38.79,21.204,0.35343534353435346,2025-03,10062,Small Business,West,Social Media,Unknown
183,2025-02-09,Central,Beauty,Skin Care Kit,1,48.97,0.0,48.97,33.4,15.57,0.3179497651623443,2025-02,10327,Consumer,East,Email,Unknown
184,2025-10-25,West,Beauty,Skin Care Kit,2,42.01,0.05,79.81899999999999,54.0,25.81899999999999,0.32346934940302424,2025-10,10133,Consumer,South,Referral,Unknown
185,2025-04-21,North,Home & Kitchen,Mixer Grinder,1,79.43,0.0,79.43,59.29,20.140000000000008,0.25355659070880027,2025-04,10189,Small Business,West,Email,Unknown
186,2025-03-07,East,Clothing,Sneakers,1,73.06,0.05,69.407,53.59,15.816999999999993,0.22788767703545743,2025-03,10356,Consumer,East,Email,Unknown
187,2025-01-10,East,Clothing,Sneakers,1,30.08,0.0,30.08,17.48,12.599999999999998,0.4188829787234042,2025-01,10071,Consumer,North,Paid Ads,Unknown
188,2025-09-14,Central,Home & Kitchen,LED Lamp,1,114.63,0.0,114.63,84.31,30.319999999999993,0.2645031841577248,2025-09,10263,Consumer,North,Social Media,Unknown
189,2025-06-24,Central,Electronics,Bluetooth Speaker,2,95.07,0.05,180.63299999999998,122.37,58.26299999999998,0.3225490358904518,2025-06,10306,Small Business,Central,Organic Search,Unknown
190,2025-07-26,West,Clothing,Casual Shirt,2,34.91,0.1,62.837999999999994,42.24,20.597999999999992,0.32779528310894673,2025-07,10224,Consumer,South,Paid Ads,Unknown
191,2025-04-29,East,Clothing,Jacket,1,55.75,0.15,47.387499999999996,25.13,22.257499999999997,0.4696913743075705,2025-04,10328,Consumer,North,Paid Ads,Unknown
192,2025-01-12,South,Home & Kitchen,Air Fryer,1,64.6,0.0,64.6,43.41,21.189999999999998,0.32801857585139316,2025-01,10074,Corporate,South,Social Media,Unknown
193,2025-06-27,West,Home & Kitchen,Mixer Grinder,3,100.53,0.05,286.51050000000004,187.39,99.12050000000005,0.3459576525118627,2025-06,10511,Corporate,Central,Email,Unknown
194,2025-08-22,West,Clothing,Sneakers,1,60.34,0.0,60.34,42.43,17.910000000000004,0.2968180311567783,2025-08,10142,Small Business,South,Referral,Unknown
195,2025-06-24,South,Clothing,Jeans,1,43.9,0.0,43.9,33.82,10.079999999999998,0.22961275626423688,2025-06,10102,Corporate,North,Email,Unknown
196,2025-05-25,South,Clothing,Sneakers,2,62.45,0.1,112.41000000000001,72.98,39.43000000000001,0.3507695044924829,2025-05,10065,Consumer,North,Organic Search,Unknown
197,2025-10-14,Central,Beauty,Perfume,2,42.22,0.15,71.774,48.53,23.244,0.32384986206704375,2025-10,10193,Small Business,North,Paid Ads,Unknown
198,2025-03-04,North,Clothing,Casual Shirt,1,51.0,0.1,45.9,35.8,10.100000000000001,0.2200435729847495,2025-03,10062,Small Business,West,Social Media,Unknown
199,2025-04-12,West,Beauty,Face Serum,2,43.81,0.1,78.858,59.02,19.838,0.25156610616551267,2025-04,10241,Consumer,Central,Social Media,Unknown
200,2025-12-31,East,Clothing,Jeans,2,77.1,0.05,146.48999999999998,78.97,67.51999999999998,0.46091883405010575,2025-12,10410,Consumer,South,Organic Search,Unknown
201,2025-11-01,North,Home & Kitchen,Mixer Grinder,1,51.37,0.1,46.233,28.71,17.522999999999996,0.3790149892933618,2025-11,10300,Consumer,North,Email,Unknown
202,2025-11-26,South,Home & Kitchen,Mixer Grinder,1,43.18,0.1,38.862,26.96,11.902000000000001,0.30626318768977406,2025-11,10195,Consumer,Central,Referral,Unknown
203,2025-12-09,South,Home & Kitchen,Storage Set,1,43.47,0.05,41.296499999999995,25.71,15.586499999999994,0.3774290799462423,2025-12,10454,Consumer,North,Paid Ads,Unknown
204,2025-10-30,Central,Clothing,Sneakers,1,57.63,0.0,57.63,30.08,27.550000000000004,0.47804962693041825,2025-10,10301,Consumer,South,Paid Ads,Unknown
205,2025-11-30,Central,Sports,Yoga Mat,1,42.85,0.05,40.707499999999996,23.23,17.477499999999996,0.4293434870724067,2025-11,10456,Consumer,Central,Social Media,Unknown
206,2025-10-18,South,Clothing,Casual Shirt,1,47.58,0.0,47.58,34.68,12.899999999999999,0.27112232030264816,2025-10,10202,Consumer,East,Organic Search,Unknown
207,2025-06-08,North,Clothing,Jeans,1,38.7,0.15,32.895,23.95,8.945000000000004,0.27192582459340336,2025-06,10302,Consumer,West,Organic Search,Unknown
208,2025-11-06,North,Clothing,Jeans,2,55.97,0.05,106.34299999999999,57.7,48.64299999999999,0.45741609696924096,2025-11,10337,Consumer,East,Organic Search,Unknown
209,2025-01-26,North,Home & Kitchen,Air Fryer,1,82.74,0.1,74.466,55.84,18.62599999999999,0.25012757500067134,2025-01,10032,Small Business,West,Referral,Unknown
210,2025-07-27,North,Clothing,Jacket,1,63.37,0.1,57.033,43.0,14.033000000000001,0.24605053214805464,2025-07,10098,Consumer,South,Referral,Unknown
211,2025-06-13,South,Electronics,Wireless Headphones,1,143.27,0.1,128.943,94.19,34.753000000000014,0.2695221919762997,2025-06,10191,Corporate,Central,Paid Ads,Unknown
212,2025-06-10,Central,Home & Kitchen,Mixer Grinder,1,90.25,0.0,90.25,67.33,22.92,0.25396121883656514,2025-06,10048,Small Business,North,Paid Ads,Unknown
213,2025-03-18,Central,Electronics,Power Bank,1,96.47,0.1,86.82300000000001,50.95,35.873000000000005,0.4131739285673151,2025-03,10250,Small Business,East,Paid Ads,Unknown
214,2025-11-19,South,Electronics,Wireless Headphones,4,98.4,0.0,393.6,275.81,117.79000000000002,0.29926321138211387,2025-11,10226,Consumer,North,Referral,Unknown
215,2025-04-19,West,Home & Kitchen,Storage Set,1,88.74,0.0,88.74,67.04,21.69999999999999,0.24453459544737424,2025-04,10272,Small Business,South,Organic Search,Unknown
216,2025-03-11,North,Electronics,Wireless Headphones,1,160.46,0.05,152.437,93.81,58.62700000000001,0.38459822746446076,2025-03,10485,Consumer,East,Referral,Unknown
217,2025-10-27,Central,Clothing,Casual Shirt,1,58.6,0.15,49.81,34.33,15.480000000000004,0.31078096767717334,2025-10,10328,Consumer,North,Paid Ads,Unknown
218,2025-07-28,East,Home & Kitchen,Mixer Grinder,1,45.15,0.2,36.12,25.0,11.119999999999997,0.30786267995570316,2025-07,10180,Consumer,East,Organic Search,Unknown
219,2025-10-30,North,Beauty,Hair Dryer,1,30.76,0.2,24.608000000000004,16.86,7.748000000000005,0.3148569570871263,2025-10,10023,Corporate,North,Email,Unknown
220,2025-05-25,West,Electronics,Smart Watch,1,125.42,0.05,119.149,85.38,33.769000000000005,0.2834182410259424,2025-05,10370,Consumer,East,Organic Search,Unknown
221,2025-12-26,West,Sports,Dumbbells,2,55.28,0.0,110.56,86.02,24.540000000000006,0.2219609261939219,2025-12,10245,Consumer,South,Social Media,Unknown
222,2025-08-19,North,Electronics,Smart Watch,1,72.72,0.1,65.44800000000001,35.55,29.89800000000001,0.4568206820682069,2025-08,10160,Corporate,East,Referral,Unknown
223,2025-09-06,North,Clothing,Jacket,2,38.51,0.05,73.169,39.72,33.449,0.45714715248260873,2025-09,10373,Corporate,North,Referral,Unknown
224,2025-11-07,East,Clothing,Sneakers,1,41.3,0.05,39.23499999999999,26.53,12.704999999999991,0.32381801962533435,2025-11,10285,Consumer,South,Email,Unknown
225,2025-03-23,Central,Beauty,Skin Care Kit,4,35.69,0.15,121.34599999999999,66.77,54.57599999999999,0.44975524533153133,2025-03,10450,Small Business,East,Social Media,Unknown
226,2025-01-07,West,Home & Kitchen,LED Lamp,1,90.39,0.1,81.351,45.29,36.061,0.4432766653145014,2025-01,10136,Consumer,South,Paid Ads,Unknown
227,2025-09-13,South,Beauty,Skin Care Kit,1,46.01,0.0,46.01,35.6,10.409999999999997,0.2262551619213214,2025-09,10096,Consumer,West,Social Media,Unknown
228,2025-11-17,Central,Beauty,Face Serum,1,29.94,0.0,29.94,20.29,9.650000000000002,0.32231128924515706,2025-11,10119,Consumer,South,Referral,Unknown
229,2025-01-25,West,Home & Kitchen,Storage Set,1,71.67,0.0,71.67,37.75,33.92,0.47328031254360264,2025-01,10374,Small Business,East,Referral,Unknown
230,2025-11-30,West,Electronics,Power Bank,3,86.66,0.05,246.981,148.45,98.531,0.39894161899093455,2025-11,10274,Corporate,North,Referral,Unknown
231,2025-09-23,North,Home & Kitchen,LED Lamp,2,42.9,0.05,81.50999999999999,54.35,27.15999999999999,0.3332106490001226,2025-09,10177,Small Business,North,Paid Ads,Unknown
232,2025-03-24,North,Electronics,Bluetooth Speaker,2,162.22,0.1,291.996,174.42,117.576,0.4026630501787696,2025-03,10277,Consumer,South,Organic Search,Unknown
233,2025-09-17,North,Electronics,Wireless Headphones,2,94.14,0.1,169.452,115.34,54.111999999999995,0.3193352689847272,2025-09,10138,Consumer,Central,Referral,Unknown
234,2025-08-19,South,Electronics,Power Bank,1,101.17,0.1,91.053,59.82,31.232999999999997,0.3430199993410431,2025-08,10132,Consumer,North,Organic Search,Unknown
235,2025-08-17,Central,Electronics,Power Bank,1,77.23,0.05,73.3685,47.34,26.028499999999994,0.354763965462017,2025-08,10044,Consumer,North,Organic Search,Unknown
236,2025-08-18,Central,Beauty,Hair Dryer,1,55.07,0.0,55.07,34.63,20.439999999999998,0.37116397312511346,2025-08,10123,Corporate,West,Social Media,Unknown
237,2025-06-30,South,Beauty,Hair Dryer,1,22.83,0.1,20.547,14.05,6.497,0.31620187861974985,2025-06,10136,Consumer,South,Paid Ads,Unknown
238,2025-07-10,Central,Electronics,Power Bank,1,154.71,0.0,154.71,102.49,52.22000000000001,0.33753474242130443,2025-07,10367,Consumer,South,Social Media,Unknown
239,2025-02-11,Central,Beauty,Skin Care Kit,1,48.2,0.1,43.38,29.48,13.900000000000002,0.3204241585984325,2025-02,10373,Corporate,North,Referral,Unknown
240,2025-05-09,South,Sports,Yoga Mat,3,42.46,0.1,114.642,69.01,45.63199999999999,0.3980391130650197,2025-05,10126,Consumer,North,Organic Search,Unknown
241,2025-09-04,South,Home & Kitchen,Air Fryer,1,78.04,0.1,70.236,51.59,18.646,0.2654763938720884,2025-09,10439,Small Business,Central,Referral,Unknown
242,2025-12-10,Central,Home & Kitchen,Mixer Grinder,1,83.42,0.1,75.078,40.34,34.738,0.46269213351447824,2025-12,10051,Consumer,East,Social Media,Unknown
243,2025-04-19,East,Electronics,Power Bank,4,99.69,0.0,398.76,284.72,114.03999999999996,0.2859865583308255,2025-04,10137,Consumer,West,Social Media,Unknown
244,2025-08-16,East,Electronics,Power Bank,1,117.45,0.05,111.5775,69.27,42.307500000000005,0.3791759091214627,2025-08,10158,Consumer,South,Organic Search,Unknown
245,2025-12-18,South,Sports,Dumbbells,1,56.78,0.0,56.78,39.27,17.509999999999998,0.30838323353293406,2025-12,10056,Consumer,Central,Organic Search,Unknown
246,2025-12-26,North,Electronics,Power Bank,1,105.35,0.15,89.5475,64.78,24.7675,0.27658505262570143,2025-12,10428,Consumer,North,Organic Search,Unknown
247,2025-04-29,South,Sports,Dumbbells,1,70.12,0.1,63.108000000000004,43.38,19.728,0.31260695949800343,2025-04,10443,Consumer,West,Referral,Unknown
248,2025-06-30,West,Home & Kitchen,LED Lamp,1,59.27,0.2,47.416000000000004,32.08,15.336000000000006,0.3234351273831619,2025-06,10326,Consumer,South,Organic Search,Unknown
249,2025-10-05,West,Electronics,Smart Watch,1,84.89,0.05,80.6455,54.79,25.8555,0.3206068534512155,2025-10,10080,Consumer,East,Organic Search,Unknown
250,2025-05-02,North,Electronics,Wireless Headphones,1,53.93,0.05,51.2335,26.81,24.4235,0.47670957478993237,2025-05,10474,Consumer,North,Paid Ads,Unknown
251,2025-05-15,West,Electronics,Bluetooth Speaker,1,111.64,0.1,100.476,71.28,29.195999999999998,0.2905768541741311,2025-05,10377,Corporate,West,Social Media,Unknown
252,2025-10-12,Central,Electronics,Power Bank,1,174.01,0.2,139.208,106.32,32.888000000000005,0.2362507901844722,2025-10,10333,Corporate,West,Paid Ads,Unknown
253,2025-07-08,North,Electronics,Wireless Headphones,1,79.81,0.0,79.81,50.08,29.730000000000004,0.3725097105625862,2025-07,10175,Small Business,Central,Paid Ads,Unknown
254,2025-04-18,North,Clothing,Sneakers,1,54.39,0.0,54.39,29.61,24.78,0.45559845559845563,2025-04,10441,Corporate,Central,Referral,Unknown
255,2025-04-14,East,Beauty,Skin Care Kit,1,54.86,0.1,49.374,36.99,12.384,0.25082026977761573,2025-04,10126,Consumer,North,Organic Search,Unknown
256,2025-10-29,East,Home & Kitchen,Mixer Grinder,1,85.53,0.0,85.53,60.98,24.550000000000004,0.28703378931369117,2025-10,10219,Small Business,East,Social Media,Unknown
257,2025-01-12,North,Electronics,Wireless Headphones,1,175.07,0.1,157.563,116.34,41.222999999999985,0.261628681860589,2025-01,10278,Corporate,West,Paid Ads,Unknown
258,2025-08-31,East,Electronics,Wireless Headphones,3,208.2,0.05,593.3699999999999,358.99,234.37999999999988,0.39499806191752185,2025-08,10485,Consumer,East,Referral,Unknown
259,2025-08-18,Central,Sports,Fitness Band,1,87.04,0.0,87.04,48.38,38.660000000000004,0.44416360294117646,2025-08,10141,Small Business,South,Email,Unknown
260,2025-02-26,Central,Electronics,Bluetooth Speaker,1,140.8,0.1,126.72000000000001,77.61,49.110000000000014,0.38754734848484856,2025-02,10110,Consumer,Central,Social Media,Unknown
261,2025-09-11,South,Electronics,Bluetooth Speaker,2,180.22,0.0,360.44,208.56,151.88,0.42137387637332147,2025-09,10052,Consumer,South,Social Media,Unknown
262,2025-07-30,Central,Clothing,Sneakers,1,56.25,0.1,50.625,32.88,17.744999999999997,0.35051851851851845,2025-07,10319,Corporate,West,Referral,Unknown
263,2025-07-02,North,Beauty,Hair Dryer,1,40.99,0.05,38.9405,21.74,17.2005,0.441712356030354,2025-07,10199,Corporate,South,Paid Ads,Unknown
264,2025-10-30,East,Home & Kitchen,Mixer Grinder,1,113.1,0.0,113.1,82.38,30.72,0.27161803713527854,2025-10,10046,Consumer,North,Social Media,Unknown
265,2025-07-17,West,Beauty,Hair Dryer,1,60.85,0.1,54.765,30.16,24.605,0.4492833013786177,2025-07,10505,Consumer,South,Referral,Unknown
266,2025-05-18,South,Home & Kitchen,Air Fryer,3,55.88,0.0,167.64000000000001,111.82,55.82000000000002,0.33297542352660475,2025-05,10514,Consumer,East,Organic Search,Unknown
267,2025-09-02,East,Electronics,Bluetooth Speaker,1,102.27,0.05,97.1565,58.07,39.086499999999994,0.4023045292903717,2025-09,10017,Small Business,Central,Organic Search,Unknown
268,2025-02-18,Central,Electronics,Smart Watch,1,145.92,0.05,138.624,88.72,49.903999999999996,0.35999538319482915,2025-02,10315,Consumer,West,Social Media,Unknown
269,2025-10-07,North,Home & Kitchen,Air Fryer,1,69.1,0.15,58.73499999999999,44.43,14.304999999999993,0.2435515450753383,2025-10,10436,Consumer,South,Organic Search,Unknown
270,2025-01-31,West,Electronics,Wireless Headphones,1,124.77,0.1,112.29299999999999,62.34,49.95299999999999,0.44484518180118077,2025-01,10388,Consumer,South,Email,Unknown
271,2025-04-16,North,Clothing,Jacket,1,68.65,0.2,54.92000000000001,33.86,21.06000000000001,0.3834668608885653,2025-04,10077,Consumer,South,Social Media,Unknown
272,2025-12-04,South,Beauty,Perfume,1,32.24,0.15,27.404,14.58,12.824,0.4679608816231207,2025-12,10371,Small Business,Central,Organic Search,Unknown
273,2025-09-05,East,Clothing,Casual Shirt,1,27.85,0.15,23.6725,12.44,11.2325,0.47449572288520436,2025-09,10165,Consumer,East,Email,Unknown
274,2025-05-22,North,Sports,Dumbbells,2,46.32,0.05,88.008,64.71,23.298000000000002,0.2647259340059995,2025-05,10024,Consumer,West,Email,Unknown
275,2025-12-11,Central,Home & Kitchen,Air Fryer,1,55.13,0.05,52.3735,33.55,18.823500000000003,0.3594088613516378,2025-12,10035,Consumer,West,Referral,Unknown
276,2025-11-23,North,Clothing,Casual Shirt,1,63.73,0.0,63.73,45.07,18.659999999999997,0.29279774046759766,2025-11,10514,Consumer,East,Organic Search,Unknown
277,2025-04-08,South,Clothing,Casual Shirt,1,70.59,0.1,63.531000000000006,42.1,21.431000000000004,0.3373313815302766,2025-04,10461,Corporate,East,Organic Search,Unknown
278,2025-11-26,South,Home & Kitchen,Air Fryer,1,28.84,0.1,25.956,14.96,10.995999999999999,0.42364000616427794,2025-11,10138,Consumer,Central,Referral,Unknown
279,2025-05-18,East,Beauty,Skin Care Kit,1,32.04,0.05,30.438,22.21,8.227999999999998,0.2703199947434128,2025-05,10265,Consumer,North,Paid Ads,Unknown
280,2025-06-03,West,Electronics,Bluetooth Speaker,1,122.48,0.0,122.48,91.46,31.02000000000001,0.2532658393207055,2025-06,10333,Corporate,West,Paid Ads,Unknown
281,2025-06-17,South,Beauty,Hair Dryer,1,44.01,0.0,44.01,25.81,18.2,0.4135423767325608,2025-06,10188,Corporate,Central,Referral,Unknown
282,2025-02-13,North,Beauty,Face Serum,1,30.62,0.0,30.62,19.62,11.0,0.3592423252775963,2025-02,10063,Consumer,Central,Social Media,Unknown
283,2025-11-03,East,Home & Kitchen,Storage Set,1,103.26,0.05,98.097,70.79,27.306999999999988,0.2783673302955237,2025-11,10279,Consumer,Central,Social Media,Unknown
284,2025-03-26,North,Electronics,Smart Watch,1,136.98,0.05,130.13099999999997,93.3,36.830999999999975,0.2830301772828917,2025-03,10171,Corporate,South,Email,Unknown
285,2025-12-02,East,Home & Kitchen,LED Lamp,2,18.19,0.05,34.561,19.46,15.100999999999999,0.4369375886114406,2025-12,10503,Consumer,South,Organic Search,Unknown
286,2025-05-09,Central,Home & Kitchen,Storage Set,1,103.82,0.2,83.056,46.23,36.826,0.44338759391254096,2025-05,10299,Consumer,East,Paid Ads,Unknown
287,2025-01-12,East,Beauty,Perfume,1,63.1,0.0,63.1,47.29,15.810000000000002,0.250554675118859,2025-01,10201,Consumer,West,Organic Search,Unknown
288,2025-06-07,Central,Clothing,Jacket,4,38.56,0.05,146.528,80.86,65.66799999999999,0.44816007861978596,2025-06,10135,Consumer,South,Organic Search,Unknown
289,2025-12-19,West,Home & Kitchen,LED Lamp,2,53.37,0.0,106.74,71.04,35.69999999999999,0.3344575604272062,2025-12,10272,Small Business,South,Organic Search,Unknown
290,2025-09-22,West,Clothing,Jeans,1,51.07,0.05,48.5165,37.51,11.006500000000003,0.2268609648263993,2025-09,10442,Consumer,Central,Social Media,Unknown
291,2025-08-01,South,Sports,Running Shoes,1,59.47,0.1,53.523,34.22,19.303000000000004,0.36064869308521574,2025-08,10087,Consumer,South,Social Media,Unknown
292,2025-09-05,South,Beauty,Perfume,1,18.1,0.0,18.1,12.76,5.340000000000002,0.29502762430939233,2025-09,10031,Corporate,East,Email,Unknown
293,2025-10-06,North,Electronics,Wireless Headphones,1,128.37,0.0,128.37,87.24,41.13000000000001,0.32040196307548496,2025-10,10121,Consumer,South,Social Media,Unknown
294,2025-09-29,South,Beauty,Skin Care Kit,2,44.72,0.0,89.44,47.23,42.21,0.47193649373881935,2025-09,10069,Consumer,West,Email,Unknown
295,2025-09-04,East,Home & Kitchen,LED Lamp,1,59.32,0.1,53.388,41.53,11.857999999999997,0.2221098374166479,2025-09,10496,Consumer,East,Paid Ads,Unknown
296,2025-11-09,Central,Clothing,Casual Shirt,1,62.76,0.05,59.62199999999999,32.06,27.56199999999999,0.46227902452114983,2025-11,10146,Consumer,East,Organic Search,Unknown
297,2025-07-29,East,Home & Kitchen,LED Lamp,2,87.85,0.1,158.13,109.57,48.56,0.30708910390185296,2025-07,10333,Corporate,West,Paid Ads,Unknown
298,2025-02-15,West,Sports,Dumbbells,1,73.9,0.0,73.9,45.92,27.980000000000004,0.37861975642760487,2025-02,10481,Consumer,North,Email,Unknown
299,2025-08-03,North,Home & Kitchen,Mixer Grinder,1,68.01,0.1,61.209,46.44,14.769000000000005,0.2412880458756066,2025-08,10263,Consumer,North,Social Media,Unknown
300,2025-06-22,North,Home & Kitchen,Storage Set,2,77.97,0.1,140.346,103.61,36.736000000000004,0.2617530959200832,2025-06,10293,Consumer,Central,Organic Search,Unknown
301,2025-06-13,North,Home & Kitchen,Storage Set,1,62.61,0.0,62.61,34.51,28.1,0.4488100942341479,2025-06,10429,Consumer,Central,Email,Unknown
302,2025-11-05,East,Electronics,Power Bank,1,190.27,0.0,190.27,139.73,50.54000000000002,0.26562253639564837,2025-11,10086,Consumer,East,Email,Unknown
303,2025-05-07,Central,Electronics,Smart Watch,1,134.39,0.05,127.67049999999998,96.01,31.66049999999997,0.24798602652922935,2025-05,10016,Consumer,West,Organic Search,Unknown
304,2025-02-19,Central,Beauty,Perfume,1,50.07,0.05,47.5665,37.05,10.5165,0.22109047333732776,2025-02,10118,Consumer,West,Social Media,Unknown
305,2025-11-20,East,Clothing,Casual Shirt,1,54.03,0.1,48.627,31.93,16.697000000000003,0.34336891027618405,2025-11,10270,Consumer,East,Paid Ads,Unknown
306,2025-11-28,West,Beauty,Perfume,3,22.96,0.0,68.88,48.25,20.629999999999995,0.299506387921022,2025-11,10395,Corporate,Central,Social Media,Unknown
307,2025-10-03,North,Home & Kitchen,Storage Set,1,76.92,0.1,69.22800000000001,47.36,21.86800000000001,0.3158837464609696,2025-10,10162,Consumer,Central,Organic Search,Unknown
308,2025-03-17,Central,Clothing,Jacket,1,69.67,0.0,69.67,40.47,29.200000000000003,0.41911870245442806,2025-03,10104,Consumer,Central,Social Media,Unknown
309,2025-09-19,North,Sports,Fitness Band,3,91.92,0.05,261.972,179.41,82.56199999999998,0.315155818179042,2025-09,10167,Small Business,West,Paid Ads,Unknown
310,2025-12-28,North,Electronics,Wireless Headphones,1,140.53,0.0,140.53,78.19,62.34,0.4436063473991319,2025-12,10300,Consumer,North,Email,Unknown
311,2025-05-21,Central,Home & Kitchen,Air Fryer,1,90.13,0.0,90.13,51.72,38.41,0.42616221014090755,2025-05,10028,Small Business,East,Referral,Unknown
312,2025-12-19,South,Electronics,Smart Watch,1,78.33,0.1,70.497,52.13,18.366999999999997,0.26053590932947496,2025-12,10424,Consumer,Central,Referral,Unknown
313,2025-02-06,North,Home & Kitchen,Air Fryer,1,38.0,0.15,32.3,20.13,12.169999999999998,0.3767801857585139,2025-02,10156,Consumer,West,Referral,Unknown
314,2025-02-08,Central,Clothing,Jacket,1,56.77,0.15,48.2545,32.3,15.954500000000003,0.33063237625506436,2025-02,10324,Small Business,North,Referral,Unknown
315,2025-11-28,Central,Clothing,Jeans,4,48.85,0.05,185.63,116.89,68.74,0.3703065237300005,2025-11,10348,Consumer,East,Referral,Unknown
316,2025-09-07,Central,Clothing,Jacket,1,44.95,0.0,44.95,31.77,13.180000000000003,0.29321468298109016,2025-09,10121,Consumer,South,Social Media,Unknown
317,2025-05-26,South,Electronics,Bluetooth Speaker,1,147.24,0.0,147.24,109.93,37.31,0.25339581635425157,2025-05,10164,Corporate,West,Organic Search,Unknown
318,2025-03-25,North,Clothing,Casual Shirt,1,63.24,0.05,60.077999999999996,33.13,26.947999999999993,0.44855021804986844,2025-03,10062,Small Business,West,Social Media,Unknown
319,2025-11-03,East,Electronics,Smart Watch,1,102.32,0.1,92.088,63.37,28.717999999999996,0.31185387889844496,2025-11,10340,Consumer,Central,Referral,Unknown
320,2025-01-28,East,Clothing,Jeans,1,78.19,0.15,66.4615,45.14,21.3215,0.32080979213529637,2025-01,10312,Small Business,West,Social Media,Unknown
321,2025-09-25,East,Beauty,Skin Care Kit,1,54.36,0.2,43.488,31.89,11.597999999999999,0.2666942604856512,2025-09,10376,Small Business,Central,Organic Search,Unknown
322,2025-02-18,North,Home & Kitchen,Storage Set,1,82.62,0.0,82.62,45.6,37.02,0.4480755265068991,2025-02,10346,Consumer,North,Email,Unknown
323,2025-03-14,Central,Beauty,Face Serum,1,51.74,0.05,49.153,26.55,22.602999999999998,0.45984985657030086,2025-03,10150,Small Business,South,Organic Search,Unknown
324,2025-06-05,West,Beauty,Hair Dryer,1,36.24,0.1,32.616,23.94,8.675999999999998,0.2660044150110375,2025-06,10177,Small Business,North,Paid Ads,Unknown
325,2025-10-17,West,Sports,Dumbbells,1,60.04,0.05,57.038,37.46,19.577999999999996,0.3432448543076545,2025-10,10354,Small Business,South,Email,Unknown
326,2025-10-02,Central,Home & Kitchen,LED Lamp,1,78.32,0.1,70.488,54.0,16.488,0.23391215526046985,2025-10,10514,Consumer,East,Organic Search,Unknown
327,2025-10-21,Central,Clothing,Jeans,1,46.34,0.05,44.023,26.45,17.573000000000004,0.3991777025645686,2025-10,10309,Corporate,North,Email,Unknown
328,2025-04-23,Central,Clothing,Jacket,1,51.78,0.2,41.42400000000001,26.43,14.994000000000007,0.3619640787949016,2025-04,10119,Consumer,South,Referral,Unknown
329,2025-12-29,East,Sports,Running Shoes,1,74.94,0.05,71.193,37.74,33.452999999999996,0.46989170283595294,2025-12,10519,Consumer,North,Organic Search,Unknown
330,2025-05-02,Central,Electronics,Smart Watch,1,120.22,0.0,120.22,77.76,42.459999999999994,0.35318582598569287,2025-05,10478,Consumer,North,Referral,Unknown
331,2025-03-18,East,Home & Kitchen,LED Lamp,1,85.37,0.1,76.83300000000001,59.61,17.223000000000013,0.22416149310843012,2025-03,10414,Small Business,West,Referral,Unknown
332,2025-03-10,Central,Sports,Fitness Band,1,81.45,0.2,65.16000000000001,46.99,18.17000000000001,0.27885205647636596,2025-03,10351,Consumer,West,Paid Ads,Unknown
333,2025-04-19,East,Home & Kitchen,Air Fryer,1,94.29,0.05,89.5755,53.62,35.95550000000001,0.40139881998984106,2025-04,10506,Corporate,North,Social Media,Unknown
334,2025-12-25,West,Electronics,Wireless Headphones,1,136.83,0.0,136.83,105.53,31.30000000000001,0.22875100489658706,2025-12,10195,Consumer,Central,Referral,Unknown
335,2025-12-04,North,Home & Kitchen,LED Lamp,1,68.31,0.1,61.479000000000006,43.71,17.769000000000005,0.28902552090957895,2025-12,10187,Consumer,Central,Organic Search,Unknown
336,2025-05-25,Central,Beauty,Skin Care Kit,1,46.33,0.05,44.01349999999999,23.34,20.673499999999994,0.4697081577243345,2025-05,10450,Small Business,East,Social Media,Unknown
337,2025-09-03,Central,Clothing,Sneakers,1,80.63,0.05,76.59849999999999,48.96,27.638499999999986,0.3608229926173488,2025-09,10496,Consumer,East,Paid Ads,Unknown
338,2025-02-15,South,Beauty,Skin Care Kit,1,57.49,0.1,51.741,30.61,21.131,0.4083995284204016,2025-02,10515,Consumer,Central,Social Media,Unknown
339,2025-07-02,South,Sports,Yoga Mat,2,48.45,0.1,87.21000000000001,56.5,30.710000000000008,0.3521385162252036,2025-07,10273,Consumer,West,Paid Ads,Unknown
340,2025-07-22,North,Home & Kitchen,Storage Set,1,80.65,0.1,72.58500000000001,45.04,27.54500000000001,0.37948611972170565,2025-07,10052,Consumer,South,Social Media,Unknown
341,2025-09-17,Central,Home & Kitchen,Air Fryer,2,78.77,0.1,141.786,101.92,39.866,0.28117021426657074,2025-09,10263,Consumer,North,Social Media,Unknown
342,2025-08-13,East,Home & Kitchen,Storage Set,1,86.4,0.15,73.44,46.57,26.869999999999997,0.3658769063180828,2025-08,10368,Small Business,East,Referral,Unknown
343,2025-01-22,Central,Home & Kitchen,Storage Set,1,132.26,0.15,112.42099999999999,59.02,53.40099999999999,0.47500911751363173,2025-01,10133,Consumer,South,Referral,Unknown
344,2025-07-23,South,Electronics,Bluetooth Speaker,1,126.46,0.0,126.46,75.6,50.86,0.4021825083030207,2025-07,10225,Consumer,West,Paid Ads,Unknown
345,2025-01-25,Central,Home & Kitchen,Storage Set,1,68.0,0.0,68.0,48.41,19.590000000000003,0.2880882352941177,2025-01,10310,Consumer,West,Email,Unknown
346,2025-07-20,North,Beauty,Face Serum,1,49.59,0.15,42.1515,30.93,11.221499999999999,0.26621828404683107,2025-07,10016,Consumer,West,Organic Search,Unknown
347,2025-12-24,East,Beauty,Hair Dryer,1,57.24,0.0,57.24,40.0,17.240000000000002,0.3011879804332635,2025-12,10195,Consumer,Central,Referral,Unknown
348,2025-02-14,Central,Home & Kitchen,Storage Set,1,64.41,0.05,61.189499999999995,42.92,18.269499999999994,0.29857246749850863,2025-02,10443,Consumer,West,Referral,Unknown
349,2025-07-07,South,Electronics,Smart Watch,1,120.04,0.1,108.036,76.04,31.995999999999995,0.296160539079566,2025-07,10303,Consumer,West,Organic Search,Unknown
350,2025-08-03,East,Electronics,Wireless Headphones,1,92.55,0.0,92.55,68.9,23.64999999999999,0.25553754727174494,2025-08,10048,Small Business,North,Paid Ads,Unknown
351,2025-02-22,East,Electronics,Bluetooth Speaker,1,141.35,0.2,113.08,76.54,36.53999999999999,0.3231340643792005,2025-02,10121,Consumer,South,Social Media,Unknown
352,2025-03-15,South,Clothing,Jeans,1,35.92,0.1,32.328,24.1,8.228000000000002,0.2545162088591933,2025-03,10499,Corporate,South,Organic Search,Unknown
353,2025-12-01,West,Beauty,Hair Dryer,1,27.62,0.1,24.858,18.24,6.618000000000002,0.2662321988896935,2025-12,10469,Consumer,North,Referral,Unknown
354,2025-10-17,South,Electronics,Bluetooth Speaker,1,146.28,0.05,138.966,78.0,60.96600000000001,0.43871162730452057,2025-10,10041,Small Business,South,Referral,Unknown
355,2025-06-03,South,Beauty,Skin Care Kit,1,30.79,0.0,30.79,20.1,10.689999999999998,0.34719064631373814,2025-06,10456,Consumer,Central,Social Media,Unknown
356,2025-11-21,West,Electronics,Smart Watch,2,157.67,0.05,299.573,192.15,107.42299999999997,0.3585870555757695,2025-11,10371,Small Business,Central,Organic Search,Unknown
357,2025-04-10,South,Beauty,Face Serum,2,38.1,0.05,72.39,53.95,18.439999999999998,0.2547313164801768,2025-04,10182,Consumer,South,Email,Unknown
358,2025-06-28,Central,Sports,Yoga Mat,1,67.72,0.05,64.33399999999999,49.11,15.22399999999999,0.2366400348182919,2025-06,10517,Consumer,North,Paid Ads,Unknown
359,2025-01-23,Central,Electronics,Bluetooth Speaker,1,172.71,0.1,155.43900000000002,81.01,74.42900000000002,0.47883092402807537,2025-01,10231,Corporate,Central,Referral,Unknown
360,2025-10-08,North,Clothing,Casual Shirt,1,34.55,0.0,34.55,19.13,15.419999999999998,0.4463096960926194,2025-10,10348,Consumer,East,Referral,Unknown
361,2025-05-26,East,Electronics,Bluetooth Speaker,1,38.51,0.15,32.7335,21.07,11.663499999999999,0.35631692302992346,2025-05,10479,Small Business,East,Paid Ads,Unknown
362,2025-04-10,South,Home & Kitchen,LED Lamp,2,79.32,0.0,158.64,105.26,53.37999999999998,0.3364851235501764,2025-04,10209,Consumer,North,Organic Search,Unknown
363,2025-08-25,South,Electronics,Wireless Headphones,2,148.14,0.1,266.652,190.93,75.72199999999998,0.28397311852151863,2025-08,10278,Corporate,West,Paid Ads,Unknown
364,2025-05-29,West,Home & Kitchen,LED Lamp,1,109.27,0.1,98.343,59.21,39.133,0.397923593951781,2025-05,10053,Consumer,East,Referral,Unknown
365,2025-10-30,Central,Clothing,Jeans,1,70.43,0.1,63.38700000000001,41.93,21.457000000000008,0.33850789594080816,2025-10,10010,Consumer,East,Social Media,Unknown
366,2025-12-22,South,Clothing,Casual Shirt,1,62.96,0.0,62.96,33.06,29.9,0.4749047013977128,2025-12,10464,Consumer,Central,Organic Search,Unknown
367,2025-08-16,South,Electronics,Bluetooth Speaker,1,201.06,0.0,201.06,128.81,72.25,0.3593454690142246,2025-08,10158,Consumer,South,Organic Search,Unknown
368,2025-04-14,West,Clothing,Jeans,2,67.08,0.05,127.45199999999998,75.13,52.32199999999999,0.41052317735304267,2025-04,10019,Consumer,West,Email,Unknown
369,2025-08-12,Central,Sports,Dumbbells,1,61.51,0.05,58.43449999999999,33.14,25.294499999999992,0.43286928098982613,2025-08,10055,Consumer,East,Email,Unknown
370,2025-01-16,East,Home & Kitchen,Storage Set,1,64.51,0.0,64.51,39.78,24.730000000000004,0.38335141838474657,2025-01,10021,Consumer,South,Paid Ads,Unknown
371,2025-08-02,East,Clothing,Casual Shirt,3,57.67,0.1,155.709,99.51,56.199,0.3609232606978402,2025-08,10282,Consumer,West,Social Media,Unknown
372,2025-07-24,West,Home & Kitchen,Storage Set,1,85.46,0.15,72.64099999999999,49.17,23.47099999999999,0.3231095386902712,2025-07,10417,Corporate,South,Social Media,Unknown
373,2025-10-05,North,Home & Kitchen,Mixer Grinder,1,127.63,0.1,114.867,76.5,38.367000000000004,0.33401237953459223,2025-10,10285,Consumer,South,Email,Unknown
374,2025-10-28,East,Electronics,Smart Watch,1,134.55,0.0,134.55,91.74,42.81000000000002,0.3181716833890748,2025-10,10511,Corporate,Central,Email,Unknown
375,2025-07-07,North,Electronics,Wireless Headphones,1,157.73,0.15,134.07049999999998,81.48,52.59049999999998,0.3922600422911825,2025-07,10396,Small Business,North,Referral,Unknown
376,2025-03-25,West,Sports,Yoga Mat,1,74.42,0.1,66.97800000000001,51.04,15.93800000000001,0.23795873271820608,2025-03,10120,Consumer,South,Organic Search,Unknown
377,2025-10-04,Central,Electronics,Power Bank,1,121.27,0.0,121.27,78.84,42.42999999999999,0.3498804320936752,2025-10,10097,Consumer,West,Email,Unknown
378,2025-08-11,East,Clothing,Jeans,2,64.0,0.05,121.6,80.51,41.08999999999999,0.33791118421052624,2025-08,10120,Consumer,South,Organic Search,Unknown
379,2025-02-19,East,Electronics,Wireless Headphones,1,130.13,0.0,130.13,101.33,28.799999999999997,0.22131714439406747,2025-02,10153,Consumer,South,Referral,Unknown
380,2025-02-17,East,Home & Kitchen,LED Lamp,3,95.41,0.0,286.23,219.64,66.59000000000003,0.23264507563847264,2025-02,10245,Consumer,South,Social Media,Unknown
381,2025-06-03,West,Sports,Yoga Mat,1,79.98,0.0,79.98,46.04,33.940000000000005,0.4243560890222556,2025-06,10516,Consumer,South,Email,Unknown
382,2025-09-02,South,Beauty,Face Serum,2,39.1,0.15,66.47,51.16,15.310000000000002,0.2303294719422296,2025-09,10393,Consumer,West,Referral,Unknown
383,2025-02-08,North,Sports,Fitness Band,1,97.84,0.0,97.84,67.17,30.67,0.3134709730171709,2025-02,10143,Small Business,East,Social Media,Unknown
384,2025-03-15,West,Electronics,Power Bank,2,113.59,0.15,193.103,130.69,62.41300000000001,0.3232109288825135,2025-03,10504,Consumer,West,Organic Search,Unknown
385,2025-10-05,Central,Home & Kitchen,LED Lamp,1,69.03,0.05,65.57849999999999,47.88,17.69849999999999,0.26988265971316805,2025-10,10220,Consumer,North,Email,Unknown
386,2025-09-22,East,Electronics,Wireless Headphones,1,135.75,0.1,122.175,67.3,54.875,0.4491508082668304,2025-09,10160,Corporate,East,Referral,Unknown
387,2025-06-12,East,Sports,Yoga Mat,1,53.18,0.05,50.521,36.18,14.341000000000001,0.2838621563310307,2025-06,10076,Consumer,South,Paid Ads,Unknown
388,2025-12-15,West,Sports,Dumbbells,1,89.05,0.1,80.145,62.35,17.794999999999995,0.2220350614511198,2025-12,10032,Small Business,West,Referral,Unknown
389,2025-09-23,East,Clothing,Jeans,1,44.06,0.15,37.451,20.47,16.981,0.4534191343355318,2025-09,10334,Consumer,East,Social Media,Unknown
390,2025-08-25,North,Electronics,Wireless Headphones,1,99.92,0.2,79.936,44.65,35.28600000000001,0.4414281425140113,2025-08,10440,Consumer,South,Organic Search,Unknown
391,2025-04-19,West,Sports,Yoga Mat,1,29.81,0.0,29.81,22.01,7.799999999999997,0.2616571620261656,2025-04,10352,Consumer,North,Organic Search,Unknown
392,2025-05-12,South,Home & Kitchen,Storage Set,2,117.83,0.15,200.31099999999998,126.01,74.30099999999997,0.37092820663867676,2025-05,10339,Consumer,South,Social Media,Unknown
393,2025-11-20,South,Sports,Running Shoes,1,42.21,0.0,42.21,31.33,10.880000000000003,0.25775882492300406,2025-11,10400,Consumer,South,Email,Unknown
394,2025-07-08,West,Sports,Yoga Mat,1,71.62,0.0,71.62,52.64,18.980000000000004,0.26500977380619944,2025-07,10396,Small Business,North,Referral,Unknown
395,2025-04-26,Central,Clothing,Jacket,1,55.97,0.05,53.171499999999995,28.28,24.891499999999994,0.4681361255559839,2025-04,10202,Consumer,East,Organic Search,Unknown
396,2025-07-07,Central,Electronics,Smart Watch,1,164.03,0.05,155.8285,104.95,50.87849999999999,0.3265031749647849,2025-07,10093,Consumer,East,Organic Search,Unknown
397,2025-10-30,West,Beauty,Perfume,1,27.82,0.0,27.82,14.48,13.34,0.47951114306254494,2025-10,10358,Consumer,East,Email,Unknown
398,2025-12-09,South,Sports,Running Shoes,1,45.24,0.1,40.716,25.58,15.136000000000003,0.3717457510560959,2025-12,10396,Small Business,North,Referral,Unknown
399,2025-02-16,West,Home & Kitchen,Mixer Grinder,2,60.87,0.0,121.74,73.97,47.769999999999996,0.392393625759816,2025-02,10060,Consumer,Central,Email,Unknown
400,2025-09-29,East,Sports,Fitness Band,2,48.19,0.05,91.56099999999999,51.17,40.39099999999999,0.4411376022542348,2025-09,10477,Small Business,North,Paid Ads,Unknown
401,2025-01-10,North,Home & Kitchen,Mixer Grinder,1,90.76,0.05,86.222,66.18,20.041999999999987,0.23244647537751373,2025-01,10001,Consumer,West,Referral,Unknown
402,2025-04-12,North,Home & Kitchen,LED Lamp,1,67.25,0.1,60.525,43.41,17.115000000000002,0.2827757125154895,2025-04,10311,Small Business,Central,Organic Search,Unknown
403,2025-07-17,North,Clothing,Casual Shirt,1,54.25,0.0,54.25,30.75,23.5,0.43317972350230416,2025-07,10168,Consumer,North,Paid Ads,Unknown
404,2025-09-08,North,Electronics,Smart Watch,1,135.07,0.15,114.80949999999999,67.88,46.92949999999999,0.40875972807128325,2025-09,10192,Small Business,Central,Referral,Unknown
405,2025-06-24,Central,Electronics,Wireless Headphones,1,88.35,0.0,88.35,63.51,24.839999999999996,0.2811544991511035,2025-06,10034,Consumer,North,Referral,Unknown
406,2025-12-18,West,Sports,Yoga Mat,1,73.26,0.05,69.59700000000001,45.36,24.23700000000001,0.34824776930040097,2025-12,10034,Consumer,North,Referral,Unknown
407,2025-09-04,West,Home & Kitchen,Storage Set,2,85.74,0.1,154.332,114.09,40.24199999999999,0.26074955291190416,2025-09,10417,Corporate,South,Social Media,Unknown
408,2025-12-05,Central,Clothing,Casual Shirt,2,50.02,0.05,95.038,73.32,21.718000000000004,0.2285191186683222,2025-12,10158,Consumer,South,Organic Search,Unknown
409,2025-05-31,South,Clothing,Sneakers,1,61.48,0.1,55.332,38.51,16.822000000000003,0.30401937396081835,2025-05,10500,Consumer,West,Organic Search,Unknown
410,2025-04-24,East,Sports,Dumbbells,1,59.49,0.0,59.49,35.77,23.72,0.39872247436543956,2025-04,10366,Consumer,South,Email,Unknown
411,2025-10-10,West,Clothing,Jacket,1,56.07,0.0,56.07,33.63,22.439999999999998,0.40021401819154623,2025-10,10340,Consumer,Central,Referral,Unknown
412,2025-02-28,North,Clothing,Casual Shirt,1,45.15,0.15,38.3775,26.0,12.377499999999998,0.3225197055566412,2025-02,10335,Consumer,North,Paid Ads,Unknown
413,2025-10-16,Central,Home & Kitchen,LED Lamp,1,68.57,0.0,68.57,42.46,26.109999999999992,0.38077876622429624,2025-10,10327,Consumer,East,Email,Unknown
414,2025-11-06,Central,Beauty,Skin Care Kit,1,42.37,0.0,42.37,26.64,15.729999999999997,0.37125324522067493,2025-11,10114,Consumer,East,Organic Search,Unknown
415,2025-02-27,Central,Electronics,Wireless Headphones,1,119.08,0.2,95.26400000000001,52.09,43.17400000000001,0.4532037285858247,2025-02,10418,Corporate,North,Organic Search,Unknown
416,2025-08-07,North,Sports,Yoga Mat,1,60.14,0.1,54.126000000000005,34.1,20.026000000000003,0.3699885452462772,2025-08,10468,Consumer,West,Referral,Unknown
417,2025-06-15,South,Home & Kitchen,Storage Set,1,118.21,0.1,106.389,70.53,35.858999999999995,0.33705552265741756,2025-06,10143,Small Business,East,Social Media,Unknown
418,2025-02-10,West,Clothing,Sneakers,1,56.84,0.15,48.314,25.98,22.334,0.4622676656869644,2025-02,10309,Corporate,North,Email,Unknown
419,2025-10-10,South,Clothing,Jacket,1,86.51,0.1,77.85900000000001,48.04,29.81900000000001,0.382987194800858,2025-10,10401,Consumer,North,Email,Unknown
420,2025-09-15,Central,Home & Kitchen,LED Lamp,1,97.27,0.0,97.27,57.44,39.83,0.4094787704328159,2025-09,10320,Consumer,North,Paid Ads,Unknown
421,2025-04-08,North,Electronics,Bluetooth Speaker,1,138.53,0.0,138.53,93.2,45.33,0.32722154046055,2025-04,10212,Consumer,West,Organic Search,Unknown
422,2025-06-13,East,Electronics,Wireless Headphones,1,131.44,0.05,124.868,73.15,51.71799999999999,0.4141813755325623,2025-06,10317,Consumer,East,Paid Ads,Unknown
423,2025-11-26,South,Sports,Fitness Band,1,90.93,0.0,90.93,63.01,27.92000000000001,0.3070493786429122,2025-11,10185,Consumer,South,Paid Ads,Unknown
424,2025-09-28,West,Beauty,Hair Dryer,1,47.81,0.1,43.029,32.61,10.419000000000004,0.2421390225196961,2025-09,10205,Consumer,South,Email,Unknown
425,2025-02-08,North,Home & Kitchen,Air Fryer,1,124.02,0.1,111.618,63.96,47.657999999999994,0.426974143955276,2025-02,10364,Consumer,Central,Organic Search,Unknown
426,2025-03-10,East,Beauty,Skin Care Kit,1,46.05,0.0,46.05,26.92,19.129999999999995,0.4154180238870792,2025-03,10216,Corporate,South,Social Media,Unknown
427,2025-04-04,South,Electronics,Power Bank,1,72.72,0.05,69.08399999999999,46.6,22.483999999999988,0.32545886167564114,2025-04,10246,Consumer,East,Email,Unknown
428,2025-06-23,East,Sports,Dumbbells,2,58.23,0.15,98.99099999999999,65.48,33.51099999999998,0.33852572456081853,2025-06,10239,Small Business,West,Email,Unknown
429,2025-10-22,North,Clothing,Casual Shirt,1,48.94,0.0,48.94,35.62,13.32,0.2721700040866367,2025-10,10391,Corporate,North,Organic Search,Unknown
430,2025-12-07,South,Beauty,Face Serum,2,56.46,0.1,101.628,73.65,27.977999999999994,0.2752981461801865,2025-12,10520,Consumer,Central,Paid Ads,Unknown
431,2025-12-01,West,Clothing,Sneakers,1,54.97,0.05,52.2215,29.11,23.1115,0.4425667589019848,2025-12,10277,Consumer,South,Organic Search,Unknown
432,2025-09-17,Central,Home & Kitchen,Storage Set,1,108.49,0.05,103.06549999999999,54.18,48.885499999999986,0.4743148774323124,2025-09,10202,Consumer,East,Organic Search,Unknown
433,2025-04-12,Central,Home & Kitchen,LED Lamp,2,85.65,0.05,162.735,112.35,50.38500000000002,0.30961378928933553,2025-04,10214,Corporate,West,Paid Ads,Unknown
434,2025-04-19,West,Electronics,Wireless Headphones,2,107.36,0.15,182.512,130.34,52.172,0.28585517664591914,2025-04,10478,Consumer,North,Referral,Unknown
435,2025-10-04,Central,Home & Kitchen,LED Lamp,1,55.69,0.05,52.905499999999996,34.88,18.025499999999994,0.34071126820462894,2025-10,10508,Corporate,South,Paid Ads,Unknown
436,2025-02-24,Central,Home & Kitchen,LED Lamp,2,61.51,0.1,110.718,63.79,46.928000000000004,0.42385158691450353,2025-02,10075,Consumer,West,Referral,Unknown
437,2025-01-06,East,Home & Kitchen,Mixer Grinder,1,59.83,0.0,59.83,45.17,14.659999999999997,0.24502757813805778,2025-01,10142,Small Business,South,Referral,Unknown
438,2025-03-17,East,Beauty,Skin Care Kit,1,31.41,0.15,26.6985,18.58,8.118500000000001,0.30408075360038955,2025-03,10322,Corporate,North,Email,Unknown
439,2025-04-22,Central,Home & Kitchen,Storage Set,1,90.61,0.0,90.61,63.47,27.14,0.29952543869330095,2025-04,10461,Corporate,East,Organic Search,Unknown
440,2025-04-04,North,Electronics,Power Bank,2,88.87,0.05,168.853,122.46,46.393000000000015,0.27475377991507416,2025-04,10146,Consumer,East,Organic Search,Unknown
441,2025-06-11,North,Home & Kitchen,Mixer Grinder,1,73.71,0.05,70.02449999999999,38.33,31.69449999999999,0.4526201543745403,2025-06,10054,Consumer,North,Paid Ads,Unknown
442,2025-05-27,West,Electronics,Bluetooth Speaker,1,134.28,0.0,134.28,83.48,50.8,0.37831397080726836,2025-05,10356,Consumer,East,Email,Unknown
443,2025-06-24,South,Clothing,Sneakers,1,30.58,0.05,29.051,20.37,8.680999999999997,0.2988193177515403,2025-06,10277,Consumer,South,Organic Search,Unknown
444,2025-04-03,Central,Electronics,Smart Watch,1,56.83,0.05,53.988499999999995,36.15,17.838499999999996,0.33041295831519674,2025-04,10400,Consumer,South,Email,Unknown
445,2025-11-21,South,Clothing,Casual Shirt,1,41.21,0.1,37.089,21.28,15.808999999999997,0.42624497829545144,2025-11,10516,Consumer,South,Email,Unknown
446,2025-03-03,North,Sports,Dumbbells,2,57.57,0.2,92.11200000000001,66.49,25.622000000000014,0.27816136876845593,2025-03,10499,Corporate,South,Organic Search,Unknown
447,2025-01-25,West,Beauty,Skin Care Kit,1,62.72,0.1,56.448,33.07,23.378,0.41415107709750565,2025-01,10311,Small Business,Central,Organic Search,Unknown
448,2025-12-30,East,Clothing,Jacket,2,69.76,0.1,125.56800000000001,92.83,32.738000000000014,0.2607192915392458,2025-12,10271,Consumer,North,Organic Search,Unknown
449,2025-06-30,North,Home & Kitchen,Storage Set,1,87.48,0.15,74.358,47.68,26.678000000000004,0.358777804674682,2025-06,10449,Consumer,South,Social Media,Unknown
450,2025-01-06,West,Beauty,Skin Care Kit,1,36.67,0.0,36.67,19.47,17.200000000000003,0.46904826833924196,2025-01,10112,Small Business,Central,Social Media,Unknown
451,2025-02-14,West,Electronics,Power Bank,3,126.44,0.0,379.32,234.28,145.04,0.3823684488031214,2025-02,10239,Small Business,West,Email,Unknown
452,2025-07-25,East,Sports,Dumbbells,1,54.81,0.05,52.0695,28.02,24.0495,0.46187307348831846,2025-07,10144,Small Business,North,Organic Search,Unknown
453,2025-08-23,South,Clothing,Jacket,1,68.81,0.1,61.929,32.34,29.589,0.4777890810444218,2025-08,10374,Small Business,East,Referral,Unknown
454,2025-07-26,North,Clothing,Casual Shirt,1,74.63,0.1,67.167,36.59,30.576999999999998,0.4552384355412628,2025-07,10020,Consumer,South,Email,Unknown
455,2025-07-28,East,Clothing,Casual Shirt,1,65.85,0.1,59.26499999999999,38.8,20.464999999999996,0.34531342276216986,2025-07,10289,Corporate,West,Email,Unknown
456,2025-08-08,Central,Clothing,Jacket,1,67.15,0.05,63.792500000000004,44.16,19.632500000000007,0.30775561390445594,2025-08,10197,Corporate,East,Email,Unknown
457,2025-03-03,South,Electronics,Power Bank,2,177.12,0.15,301.104,201.88,99.22399999999999,0.32953398161432595,2025-03,10382,Consumer,East,Paid Ads,Unknown
458,2025-02-28,North,Home & Kitchen,Air Fryer,1,104.0,0.0,104.0,59.55,44.45,0.4274038461538462,2025-02,10492,Small Business,North,Referral,Unknown
459,2025-08-06,South,Electronics,Bluetooth Speaker,2,133.41,0.1,240.138,159.71,80.428,0.33492408531760903,2025-08,10164,Corporate,West,Organic Search,Unknown
460,2025-03-03,North,Electronics,Bluetooth Speaker,2,142.03,0.1,255.654,185.86,69.79399999999998,0.27300179148380227,2025-03,10249,Consumer,East,Paid Ads,Unknown
461,2025-04-20,Central,Electronics,Smart Watch,1,125.37,0.1,112.83300000000001,72.26,40.57300000000001,0.35958451871349695,2025-04,10068,Consumer,Central,Referral,Unknown
462,2025-10-06,West,Clothing,Sneakers,1,31.42,0.1,28.278000000000002,20.7,7.578000000000003,0.2679821769573521,2025-10,10021,Consumer,South,Paid Ads,Unknown
463,2025-04-06,East,Beauty,Perfume,1,34.85,0.0,34.85,18.43,16.42,0.47116212338593977,2025-04,10512,Consumer,East,Social Media,Unknown
464,2025-02-25,East,Beauty,Perfume,1,39.26,0.1,35.333999999999996,21.34,13.993999999999996,0.39604913114846885,2025-02,10390,Consumer,North,Referral,Unknown
465,2025-06-25,East,Clothing,Sneakers,2,47.78,0.05,90.782,48.79,41.992,0.4625586570024895,2025-06,10111,Consumer,West,Social Media,Unknown
466,2025-12-31,East,Sports,Dumbbells,2,76.73,0.1,138.114,96.03,42.084,0.30470480907076763,2025-12,10460,Consumer,South,Organic Search,Unknown
467,2025-10-31,Central,Electronics,Bluetooth Speaker,1,125.79,0.15,106.92150000000001,79.2,27.721500000000006,0.25926965109917094,2025-10,10078,Consumer,West,Organic Search,Unknown
468,2025-12-22,East,Electronics,Smart Watch,1,117.72,0.15,100.062,70.4,29.661999999999992,0.2964362095500789,2025-12,10434,Corporate,Central,Referral,Unknown
469,2025-01-19,East,Electronics,Bluetooth Speaker,1,128.38,0.05,121.96099999999998,94.83,27.130999999999986,0.22245635900000812,2025-01,10380,Consumer,South,Social Media,Unknown
470,2025-05-19,South,Clothing,Casual Shirt,1,71.09,0.0,71.09,48.0,23.090000000000003,0.3247995498663666,2025-05,10440,Consumer,South,Organic Search,Unknown
471,2025-06-19,West,Home & Kitchen,Air Fryer,1,23.62,0.05,22.439,16.69,5.748999999999999,0.2562057132670796,2025-06,10339,Consumer,South,Social Media,Unknown
472,2025-02-24,South,Sports,Running Shoes,1,40.29,0.05,38.275499999999994,26.62,11.655499999999993,0.30451594361928636,2025-02,10424,Consumer,Central,Referral,Unknown
473,2025-12-05,North,Electronics,Bluetooth Speaker,1,185.94,0.1,167.346,115.24,52.10600000000001,0.3113668686434095,2025-12,10169,Consumer,East,Email,Unknown
474,2025-08-30,North,Clothing,Jacket,1,55.06,0.0,55.06,29.24,25.820000000000004,0.468942971304032,2025-08,10262,Small Business,South,Paid Ads,Unknown
475,2025-06-15,East,Beauty,Hair Dryer,1,37.99,0.05,36.0905,25.2,10.8905,0.30175530956900015,2025-06,10229,Consumer,Central,Referral,Unknown
476,2025-08-18,South,Clothing,Jeans,1,35.47,0.0,35.47,23.73,11.739999999999998,0.3309839300817592,2025-08,10161,Small Business,North,Paid Ads,Unknown
477,2025-07-28,West,Sports,Running Shoes,1,68.53,0.1,61.677,33.14,28.537,0.46268463122395703,2025-07,10427,Consumer,East,Referral,Unknown
478,2025-08-27,East,Sports,Fitness Band,1,49.78,0.05,47.291,30.76,16.530999999999995,0.3495591127275802,2025-08,10122,Consumer,East,Referral,Unknown
479,2025-08-11,North,Beauty,Perfume,2,37.15,0.0,74.3,51.99,22.309999999999995,0.30026917900403766,2025-08,10149,Small Business,Central,Social Media,Unknown
480,2025-11-05,West,Home & Kitchen,Storage Set,2,72.88,0.0,145.76,88.96,56.8,0.3896816684961581,2025-11,10111,Consumer,West,Social Media,Unknown
481,2025-02-27,South,Beauty,Perfume,2,45.53,0.1,81.95400000000001,51.48,30.47400000000001,0.3718427410498573,2025-02,10221,Corporate,East,Organic Search,Unknown
482,2025-03-25,East,Home & Kitchen,Mixer Grinder,1,38.66,0.0,38.66,21.79,16.869999999999997,0.43636833936885666,2025-03,10064,Consumer,West,Referral,Unknown
483,2025-04-03,West,Sports,Yoga Mat,3,34.02,0.1,91.854,55.55,36.304,0.3952359178696628,2025-04,10354,Small Business,South,Email,Unknown
484,2025-04-11,South,Beauty,Perfume,1,34.82,0.1,31.338,16.81,14.528000000000002,0.46359052907013854,2025-04,10474,Consumer,North,Paid Ads,Unknown
485,2025-10-29,Central,Beauty,Skin Care Kit,2,34.52,0.1,62.13600000000001,43.73,18.406000000000013,0.2962211922235099,2025-10,10485,Consumer,East,Referral,Unknown
486,2025-04-22,West,Home & Kitchen,Mixer Grinder,1,73.76,0.0,73.76,50.32,23.440000000000005,0.31778741865509763,2025-04,10013,Consumer,East,Social Media,Unknown
487,2025-08-14,North,Home & Kitchen,Air Fryer,1,79.09,0.1,71.18100000000001,42.23,28.951000000000015,0.4067237043593095,2025-08,10153,Consumer,South,Referral,Unknown
488,2025-04-16,Central,Electronics,Wireless Headphones,1,126.36,0.1,113.724,82.11,31.614000000000004,0.2779888150258521,2025-04,10239,Small Business,West,Email,Unknown
489,2025-11-28,West,Sports,Yoga Mat,2,65.3,0.05,124.07,85.68,38.389999999999986,0.3094221004271781,2025-11,10190,Consumer,West,Organic Search,Unknown
490,2025-10-22,West,Clothing,Jacket,1,49.58,0.15,42.143,26.37,15.773,0.37427330754811,2025-10,10086,Consumer,East,Email,Unknown
491,2025-04-05,West,Home & Kitchen,LED Lamp,1,85.87,0.05,81.5765,52.81,28.766499999999994,0.3526321918689818,2025-04,10021,Consumer,South,Paid Ads,Unknown
492,2025-04-30,West,Sports,Fitness Band,1,42.16,0.1,37.943999999999996,21.12,16.823999999999995,0.4433902593295382,2025-04,10319,Corporate,West,Referral,Unknown
493,2025-07-19,North,Electronics,Bluetooth Speaker,1,134.85,0.0,134.85,102.63,32.22,0.2389321468298109,2025-07,10158,Consumer,South,Organic Search,Unknown
494,2025-06-26,East,Beauty,Perfume,2,35.18,0.05,66.842,36.27,30.571999999999996,0.4573770982316507,2025-06,10481,Consumer,North,Email,Unknown
495,2025-01-13,Central,Beauty,Skin Care Kit,1,41.52,0.05,39.444,26.55,12.894000000000002,0.3268938241557652,2025-01,10076,Consumer,South,Paid Ads,Unknown
496,2025-09-30,South,Sports,Running Shoes,1,34.63,0.05,32.8985,19.09,13.808499999999999,0.4197303828442026,2025-09,10329,Consumer,East,Email,Unknown
497,2025-08-17,North,Electronics,Bluetooth Speaker,1,88.53,0.0,88.53,66.95,21.58,0.2437591776798825,2025-08,10416,Consumer,East,Social Media,Unknown
498,2025-10-13,Central,Beauty,Face Serum,1,32.52,0.05,30.894000000000002,19.52,11.374000000000002,0.36816210267365834,2025-10,10203,Consumer,South,Referral,Unknown
499,2025-12-03,East,Beauty,Face Serum,1,62.66,0.1,56.394,29.99,26.404,0.4682058375004433,2025-12,10229,Consumer,Central,Referral,Unknown
500,2025-06-29,North,Clothing,Casual Shirt,1,50.66,0.1,45.594,25.17,20.424,0.4479536781155415,2025-06,10152,Consumer,Central,Email,Unknown
501,2025-03-13,East,Beauty,Face Serum,2,22.6,0.0,45.2,32.02,13.18,0.29159292035398227,2025-03,10072,Small Business,North,Organic Search,Unknown
502,2025-04-13,East,Electronics,Wireless Headphones,1,109.87,0.0,109.87,58.72,51.150000000000006,0.4655501956858105,2025-04,10225,Consumer,West,Paid Ads,Unknown
503,2025-04-12,Central,Clothing,Casual Shirt,1,65.56,0.15,55.726,34.59,21.135999999999996,0.3792843555970282,2025-04,10473,Consumer,West,Organic Search,Unknown
504,2025-05-19,North,Beauty,Skin Care Kit,1,60.7,0.1,54.63,31.74,22.890000000000004,0.4190005491488194,2025-05,10360,Corporate,Central,Paid Ads,Unknown
505,2025-01-28,South,Home & Kitchen,Mixer Grinder,1,77.4,0.1,69.66000000000001,48.51,21.150000000000013,0.30361757105943166,2025-01,10046,Consumer,North,Social Media,Unknown
506,2025-10-26,West,Clothing,Casual Shirt,2,58.31,0.1,104.95800000000001,62.15,42.808000000000014,0.40785838144781733,2025-10,10001,Consumer,West,Referral,Unknown
507,2025-09-09,East,Sports,Fitness Band,1,27.5,0.05,26.125,18.98,7.145,0.2734928229665072,2025-09,10245,Consumer,South,Social Media,Unknown
508,2025-10-23,North,Electronics,Power Bank,1,139.45,0.0,139.45,84.96,54.489999999999995,0.3907493725349588,2025-10,10219,Small Business,East,Social Media,Unknown
509,2025-07-03,West,Sports,Fitness Band,2,39.73,0.0,79.46,46.28,33.17999999999999,0.41756858796878926,2025-07,10291,Consumer,South,Organic Search,Unknown
510,2025-09-07,South,Electronics,Bluetooth Speaker,3,112.7,0.05,321.195,208.91,112.285,0.3495851429816778,2025-09,10458,Consumer,Central,Email,Unknown
511,2025-04-23,East,Sports,Fitness Band,2,80.75,0.1,145.35,104.19,41.16,0.28317853457172343,2025-04,10204,Corporate,East,Referral,Unknown
512,2025-12-06,West,Electronics,Wireless Headphones,1,125.6,0.1,113.03999999999999,83.94,29.099999999999994,0.2574309978768577,2025-12,10202,Consumer,East,Organic Search,Unknown
513,2025-05-29,North,Sports,Dumbbells,1,62.37,0.1,56.132999999999996,42.91,13.222999999999999,0.23556553186182816,2025-05,10482,Consumer,Central,Email,Unknown
514,2025-10-21,Central,Beauty,Perfume,1,29.39,0.1,26.451,17.41,9.041,0.3418018222373445,2025-10,10511,Corporate,Central,Email,Unknown
515,2025-03-11,North,Home & Kitchen,Mixer Grinder,1,97.38,0.05,92.511,57.49,35.020999999999994,0.37856038741338865,2025-03,10278,Corporate,West,Paid Ads,Unknown
516,2025-08-15,East,Electronics,Power Bank,1,166.1,0.1,149.49,113.94,35.55000000000001,0.23780854906682727,2025-08,10016,Consumer,West,Organic Search,Unknown
517,2025-02-25,East,Home & Kitchen,Mixer Grinder,1,77.25,0.05,73.3875,47.02,26.3675,0.3592914324646568,2025-02,10356,Consumer,East,Email,Unknown
518,2025-12-26,West,Sports,Yoga Mat,1,66.7,0.15,56.695,41.03,15.665,0.27630302495810916,2025-12,10356,Consumer,East,Email,Unknown
519,2025-04-04,North,Clothing,Sneakers,1,28.14,0.15,23.919,17.53,6.388999999999999,0.2671098290062293,2025-04,10078,Consumer,West,Organic Search,Unknown
520,2025-02-21,North,Electronics,Smart Watch,1,139.56,0.0,139.56,74.4,65.16,0.466895958727429,2025-02,10067,Consumer,North,Referral,Unknown
521,2025-12-01,North,Clothing,Sneakers,1,55.46,0.0,55.46,38.77,16.689999999999998,0.30093761269383335,2025-12,10214,Corporate,West,Paid Ads,Unknown
522,2025-01-17,South,Electronics,Bluetooth Speaker,1,126.62,0.05,120.289,87.75,32.539,0.2705068626391441,2025-01,10449,Consumer,South,Social Media,Unknown
523,2025-05-23,Central,Electronics,Smart Watch,1,161.46,0.0,161.46,99.95,61.510000000000005,0.38096122878731575,2025-05,10433,Small Business,Central,Social Media,Unknown
524,2025-07-16,South,Home & Kitchen,Air Fryer,1,78.55,0.0,78.55,41.19,37.36,0.47562062380649267,2025-07,10115,Consumer,East,Social Media,Unknown
525,2025-08-30,South,Clothing,Casual Shirt,1,52.29,0.0,52.29,36.08,16.21,0.310001912411551,2025-08,10420,Consumer,South,Email,Unknown
526,2025-01-19,East,Home & Kitchen,Air Fryer,1,89.15,0.0,89.15,56.04,33.11000000000001,0.3713965227145261,2025-01,10499,Corporate,South,Organic Search,Unknown
527,2025-12-26,Central,Electronics,Bluetooth Speaker,1,144.01,0.05,136.80949999999999,100.79,36.01949999999998,0.2632821551134971,2025-12,10380,Consumer,South,Social Media,Unknown
528,2025-05-21,South,Home & Kitchen,Storage Set,1,34.08,0.05,32.376,20.87,11.505999999999997,0.355386706202125,2025-05,10143,Small Business,East,Social Media,Unknown
529,2025-07-09,West,Clothing,Casual Shirt,1,36.49,0.0,36.49,26.82,9.670000000000002,0.2650041107152645,2025-07,10024,Consumer,West,Email,Unknown
530,2025-05-16,East,Home & Kitchen,LED Lamp,1,71.14,0.1,64.026,34.89,29.135999999999996,0.45506512979102237,2025-05,10075,Consumer,West,Referral,Unknown
531,2025-08-18,South,Electronics,Bluetooth Speaker,1,127.57,0.1,114.813,71.74,43.07300000000001,0.37515786539851764,2025-08,10041,Small Business,South,Referral,Unknown
532,2025-06-22,Central,Electronics,Wireless Headphones,1,143.28,0.1,128.952,94.7,34.251999999999995,0.2656182145294373,2025-06,10413,Consumer,Central,Paid Ads,Unknown
533,2025-05-26,South,Electronics,Power Bank,2,53.91,0.15,91.64699999999999,53.64,38.00699999999999,0.41471079249729936,2025-05,10415,Consumer,South,Organic Search,Unknown
534,2025-11-19,South,Clothing,Casual Shirt,2,37.8,0.0,75.6,56.69,18.909999999999997,0.2501322751322751,2025-11,10449,Consumer,South,Social Media,Unknown
535,2025-10-18,North,Electronics,Wireless Headphones,1,82.38,0.0,82.38,61.2,21.179999999999993,0.257101238164603,2025-10,10436,Consumer,South,Organic Search,Unknown
536,2025-11-12,West,Home & Kitchen,LED Lamp,1,63.45,0.05,60.2775,43.57,16.707500000000003,0.2771763925179379,2025-11,10239,Small Business,West,Email,Unknown
537,2025-03-10,West,Clothing,Casual Shirt,1,40.16,0.0,40.16,30.15,10.009999999999998,0.24925298804780874,2025-03,10042,Corporate,East,Referral,Unknown
538,2025-01-25,South,Clothing,Jeans,2,45.39,0.0,90.78,60.55,30.230000000000004,0.33300286406697516,2025-01,10010,Consumer,East,Social Media,Unknown
539,2025-02-17,South,Sports,Yoga Mat,1,84.72,0.0,84.72,47.57,37.15,0.4385033050047214,2025-02,10265,Consumer,North,Paid Ads,Unknown
540,2025-07-28,South,Electronics,Bluetooth Speaker,1,100.97,0.1,90.873,70.28,20.593000000000004,0.22661296534724287,2025-07,10445,Consumer,South,Referral,Unknown
541,2025-07-06,South,Sports,Running Shoes,2,57.94,0.0,115.88,86.11,29.769999999999996,0.25690369347600966,2025-07,10139,Small Business,North,Organic Search,Unknown
542,2025-03-17,West,Sports,Yoga Mat,2,39.72,0.0,79.44,42.14,37.3,0.4695367573011077,2025-03,10196,Consumer,East,Email,Unknown
543,2025-07-10,West,Home & Kitchen,Storage Set,1,81.29,0.05,77.2255,55.25,21.975499999999997,0.28456274158147243,2025-07,10074,Corporate,South,Social Media,Unknown
544,2025-10-19,Central,Home & Kitchen,Mixer Grinder,1,63.97,0.0,63.97,38.55,25.42,0.3973737689541973,2025-10,10225,Consumer,West,Paid Ads,Unknown
545,2025-09-27,South,Electronics,Smart Watch,1,53.29,0.15,45.296499999999995,24.54,20.756499999999996,0.4582362875718874,2025-09,10102,Corporate,North,Email,Unknown
546,2025-08-16,West,Clothing,Jacket,1,45.61,0.05,43.329499999999996,26.3,17.029499999999995,0.393023228977948,2025-08,10264,Consumer,North,Referral,Unknown
547,2025-11-15,West,Electronics,Smart Watch,1,137.73,0.05,130.84349999999998,93.0,37.84349999999998,0.2892272065482808,2025-11,10161,Small Business,North,Paid Ads,Unknown
548,2025-02-14,East,Home & Kitchen,LED Lamp,1,74.14,0.0,74.14,39.22,34.92,0.47100080927974103,2025-02,10233,Small Business,South,Paid Ads,Unknown
549,2025-02-07,West,Clothing,Casual Shirt,1,35.53,0.0,35.53,19.5,16.03,0.4511680270194202,2025-02,10491,Corporate,West,Paid Ads,Unknown
550,2025-01-05,West,Clothing,Casual Shirt,1,38.16,0.05,36.251999999999995,19.85,16.401999999999994,0.4524440030894846,2025-01,10311,Small Business,Central,Organic Search,Unknown
551,2025-04-16,West,Clothing,Sneakers,1,36.57,0.0,36.57,28.45,8.120000000000001,0.22203992343450918,2025-04,10227,Consumer,East,Organic Search,Unknown
552,2025-12-05,Central,Sports,Running Shoes,1,81.27,0.1,73.143,47.68,25.463,0.3481262731908727,2025-12,10273,Consumer,West,Paid Ads,Unknown
553,2025-10-29,Central,Beauty,Skin Care Kit,1,19.44,0.05,18.468,13.69,4.7780000000000005,0.258717782109595,2025-10,10317,Consumer,East,Paid Ads,Unknown
554,2025-11-02,West,Home & Kitchen,LED Lamp,2,62.43,0.05,118.61699999999999,85.72,32.89699999999999,0.277337986966455,2025-11,10086,Consumer,East,Email,Unknown
555,2025-04-16,West,Electronics,Wireless Headphones,1,138.57,0.1,124.713,90.51,34.20299999999999,0.27425368646412157,2025-04,10291,Consumer,South,Organic Search,Unknown
556,2025-07-14,West,Electronics,Smart Watch,1,82.77,0.0,82.77,63.78,18.989999999999995,0.2294309532439289,2025-07,10469,Consumer,North,Referral,Unknown
557,2025-06-15,West,Electronics,Bluetooth Speaker,1,174.54,0.05,165.813,104.72,61.09299999999999,0.36844517619245776,2025-06,10404,Corporate,South,Organic Search,Unknown
558,2025-12-27,South,Beauty,Face Serum,1,50.27,0.15,42.7295,25.82,16.9095,0.3957336266513767,2025-12,10427,Consumer,East,Referral,Unknown
559,2025-06-11,South,Electronics,Smart Watch,1,156.05,0.0,156.05,110.93,45.120000000000005,0.28913809676385777,2025-06,10375,Consumer,Central,Paid Ads,Unknown
560,2025-12-18,North,Clothing,Jacket,1,60.01,0.05,57.009499999999996,29.85,27.159499999999994,0.476403055631079,2025-12,10252,Consumer,Central,Organic Search,Unknown
561,2025-06-08,North,Electronics,Power Bank,1,143.16,0.1,128.844,83.5,45.343999999999994,0.35192946508956563,2025-06,10307,Corporate,South,Organic Search,Unknown
562,2025-12-25,Central,Sports,Yoga Mat,2,85.14,0.05,161.766,91.1,70.666,0.43684086890941237,2025-12,10430,Consumer,West,Referral,Unknown
563,2025-02-05,Central,Electronics,Smart Watch,2,128.86,0.15,219.062,122.49,96.57200000000002,0.4408432315965344,2025-02,10264,Consumer,North,Referral,Unknown
564,2025-04-06,North,Home & Kitchen,Mixer Grinder,2,72.67,0.2,116.272,78.76,37.512,0.3226228154671804,2025-04,10068,Consumer,Central,Referral,Unknown
565,2025-08-19,West,Beauty,Perfume,2,30.13,0.1,54.234,37.13,17.104,0.31537411955599803,2025-08,10107,Consumer,Central,Referral,Unknown
566,2025-01-15,West,Home & Kitchen,Air Fryer,2,64.05,0.0,128.1,70.82,57.28,0.4471506635441062,2025-01,10400,Consumer,South,Email,Unknown
567,2025-07-25,East,Sports,Running Shoes,2,51.16,0.05,97.204,68.97,28.233999999999995,0.29046129788897573,2025-07,10199,Corporate,South,Paid Ads,Unknown
568,2025-07-09,Central,Electronics,Bluetooth Speaker,1,129.65,0.05,123.1675,68.79,54.3775,0.441492276777559,2025-07,10192,Small Business,Central,Referral,Unknown
569,2025-11-21,West,Sports,Dumbbells,2,89.25,0.05,169.575,117.56,52.014999999999986,0.30673743181483115,2025-11,10514,Consumer,East,Organic Search,Unknown
570,2025-03-16,East,Electronics,Power Bank,1,127.61,0.0,127.61,69.56,58.05,0.45490165347543293,2025-03,10442,Consumer,Central,Social Media,Unknown
571,2025-05-09,North,Clothing,Jeans,1,53.61,0.0,53.61,34.52,19.089999999999996,0.35609028166386864,2025-05,10001,Consumer,West,Referral,Unknown
572,2025-05-11,West,Home & Kitchen,LED Lamp,1,101.89,0.0,101.89,56.51,45.38,0.44538227500245364,2025-05,10358,Consumer,East,Email,Unknown
573,2025-10-02,East,Electronics,Bluetooth Speaker,1,66.99,0.1,60.291,38.03,22.260999999999996,0.36922592095005885,2025-10,10115,Consumer,East,Social Media,Unknown
574,2025-04-21,Central,Clothing,Casual Shirt,1,62.26,0.1,56.034,33.62,22.414,0.4000071385230396,2025-04,10197,Corporate,East,Email,Unknown
575,2025-01-20,East,Beauty,Skin Care Kit,1,39.4,0.05,37.43,24.73,12.7,0.33930002671653753,2025-01,10274,Corporate,North,Referral,Unknown
576,2025-06-03,South,Beauty,Skin Care Kit,1,29.0,0.05,27.549999999999997,16.0,11.549999999999997,0.41923774954627946,2025-06,10160,Corporate,East,Referral,Unknown
577,2025-08-08,North,Beauty,Hair Dryer,1,32.45,0.05,30.8275,21.27,9.557500000000001,0.3100316276052226,2025-08,10173,Consumer,East,Social Media,Unknown
578,2025-09-24,Central,Sports,Fitness Band,1,37.24,0.1,33.516000000000005,20.61,12.906000000000006,0.3850698174006446,2025-09,10458,Consumer,Central,Email,Unknown
579,2025-03-29,North,Sports,Fitness Band,1,28.14,0.15,23.919,12.57,11.349,0.474476357707262,2025-03,10433,Small Business,Central,Social Media,Unknown
580,2025-03-16,North,Sports,Yoga Mat,1,79.72,0.0,79.72,55.46,24.259999999999998,0.30431510286001,2025-03,10481,Consumer,North,Email,Unknown
581,2025-02-23,Central,Clothing,Jeans,1,58.36,0.2,46.688,28.87,17.818,0.3816398217957505,2025-02,10455,Corporate,South,Referral,Unknown
582,2025-07-27,West,Home & Kitchen,LED Lamp,1,58.07,0.0,58.07,37.73,20.340000000000003,0.3502669192354056,2025-07,10196,Consumer,East,Email,Unknown
583,2025-11-16,North,Home & Kitchen,Storage Set,1,113.9,0.05,108.205,67.43,40.77499999999999,0.3768310152026246,2025-11,10309,Corporate,North,Email,Unknown
584,2025-11-02,East,Sports,Running Shoes,1,91.96,0.0,91.96,52.14,39.81999999999999,0.4330143540669856,2025-11,10494,Consumer,West,Organic Search,Unknown
585,2025-09-17,North,Home & Kitchen,Air Fryer,1,75.47,0.1,67.923,47.65,20.273000000000003,0.29847032669346174,2025-09,10439,Small Business,Central,Referral,Unknown
586,2025-10-19,South,Electronics,Smart Watch,2,122.59,0.05,232.921,142.04,90.881,0.3901795029215915,2025-10,10359,Consumer,Central,Social Media,Unknown
587,2025-02-16,East,Clothing,Sneakers,1,51.85,0.0,51.85,28.9,22.950000000000003,0.4426229508196722,2025-02,10036,Consumer,East,Referral,Unknown
588,2025-02-08,North,Home & Kitchen,LED Lamp,1,98.01,0.05,93.1095,56.14,36.9695,0.397054006304405,2025-02,10034,Consumer,North,Referral,Unknown
589,2025-12-12,South,Beauty,Hair Dryer,1,24.41,0.0,24.41,17.0,7.41,0.3035641130684146,2025-12,10088,Corporate,Central,Social Media,Unknown
590,2025-04-05,Central,Electronics,Smart Watch,1,86.03,0.1,77.427,49.72,27.707000000000008,0.35784674596716914,2025-04,10016,Consumer,West,Organic Search,Unknown
591,2025-06-21,South,Electronics,Smart Watch,1,97.32,0.05,92.454,63.55,28.903999999999996,0.3126311462997815,2025-06,10421,Small Business,East,Social Media,Unknown
592,2025-12-30,East,Clothing,Sneakers,1,48.79,0.1,43.911,33.17,10.741,0.24460841247067933,2025-12,10126,Consumer,North,Organic Search,Unknown
593,2025-06-21,South,Electronics,Bluetooth Speaker,2,60.33,0.1,108.594,72.13,36.464,0.3357828240970956,2025-06,10008,Consumer,East,Referral,Unknown
594,2025-06-16,West,Beauty,Face Serum,1,51.92,0.0,51.92,38.69,13.230000000000004,0.25481510015408326,2025-06,10472,Consumer,East,Social Media,Unknown
595,2025-02-11,Central,Home & Kitchen,Storage Set,1,51.14,0.0,51.14,34.63,16.509999999999998,0.3228392647633946,2025-02,10468,Consumer,West,Referral,Unknown
596,2025-05-03,East,Clothing,Jeans,1,59.51,0.05,56.534499999999994,38.59,17.94449999999999,0.31740795443490244,2025-05,10510,Consumer,North,Email,Unknown
597,2025-03-08,South,Electronics,Power Bank,1,64.06,0.15,54.451,41.8,12.651000000000003,0.2323373308111881,2025-03,10402,Small Business,East,Email,Unknown
598,2025-01-16,Central,Electronics,Power Bank,1,167.72,0.0,167.72,111.34,56.379999999999995,0.3361554972573336,2025-01,10176,Corporate,North,Social Media,Unknown
599,2025-07-27,North,Sports,Yoga Mat,1,68.19,0.1,61.371,32.64,28.731,0.4681527105636213,2025-07,10367,Consumer,South,Social Media,Unknown
600,2025-11-30,North,Electronics,Power Bank,4,75.09,0.1,270.324,193.75,76.57400000000001,0.283267486423699,2025-11,10488,Consumer,North,Email,Unknown
601,2025-11-30,West,Electronics,Bluetooth Speaker,4,130.72,0.0,522.88,323.85,199.02999999999997,0.38064182986536105,2025-11,10018,Consumer,South,Paid Ads,Unknown
602,2025-06-09,North,Electronics,Power Bank,1,124.4,0.0,124.4,75.4,49.0,0.39389067524115756,2025-06,10056,Consumer,Central,Organic Search,Unknown
603,2025-07-16,North,Home & Kitchen,LED Lamp,1,91.85,0.0,91.85,59.47,32.379999999999995,0.35253130103429503,2025-07,10035,Consumer,West,Referral,Unknown
604,2025-06-24,West,Electronics,Smart Watch,2,121.91,0.1,219.438,145.31,74.12799999999999,0.3378084014619163,2025-06,10347,Small Business,Central,Email,Unknown
605,2025-01-14,Central,Electronics,Smart Watch,1,153.27,0.0,153.27,107.09,46.18000000000001,0.3012983623670647,2025-01,10032,Small Business,West,Referral,Unknown
606,2025-10-02,South,Electronics,Wireless Headphones,1,134.27,0.1,120.84300000000002,82.07,38.773000000000025,0.3208543316534679,2025-10,10133,Consumer,South,Referral,Unknown
607,2025-06-26,Central,Beauty,Perfume,1,53.45,0.1,48.105000000000004,35.85,12.255000000000003,0.25475522294979736,2025-06,10199,Corporate,South,Paid Ads,Unknown
608,2025-05-06,West,Clothing,Jeans,1,59.36,0.05,56.391999999999996,39.23,17.162,0.30433394807774156,2025-05,10256,Consumer,North,Organic Search,Unknown
609,2025-05-14,East,Sports,Fitness Band,1,33.51,0.0,33.51,20.99,12.52,0.3736198149806028,2025-05,10342,Corporate,North,Email,Unknown
610,2025-05-26,North,Clothing,Sneakers,1,84.0,0.05,79.8,60.97,18.83,0.23596491228070174,2025-05,10231,Corporate,Central,Referral,Unknown
611,2025-06-19,South,Clothing,Sneakers,1,33.49,0.05,31.8155,15.87,15.945500000000001,0.5011865285788374,2025-06,10301,Consumer,South,Paid Ads,Unknown
612,2025-10-14,Central,Electronics,Bluetooth Speaker,1,131.38,0.1,118.242,78.93,39.312,0.3324706956918861,2025-10,10026,Consumer,North,Organic Search,Unknown
613,2025-01-28,North,Beauty,Perfume,1,19.17,0.15,16.2945,8.73,7.564499999999999,0.464236398784866,2025-01,10474,Consumer,North,Paid Ads,Unknown
614,2025-02-07,Central,Electronics,Smart Watch,1,99.66,0.05,94.67699999999999,56.26,38.416999999999994,0.40576908858540084,2025-02,10387,Consumer,Central,Organic Search,Unknown
615,2025-08-29,West,Home & Kitchen,Mixer Grinder,2,77.47,0.0,154.94,105.77,49.17,0.31734865109074484,2025-08,10285,Consumer,South,Email,Unknown
616,2025-05-06,East,Home & Kitchen,Air Fryer,1,50.9,0.1,45.81,27.1,18.71,0.40842610783671685,2025-05,10450,Small Business,East,Social Media,Unknown
617,2025-05-09,South,Clothing,Jacket,1,50.42,0.1,45.378,34.37,11.008000000000003,0.24258451231874484,2025-05,10320,Consumer,North,Paid Ads,Unknown
618,2025-12-11,Central,Electronics,Smart Watch,1,164.08,0.1,147.67200000000003,91.56,56.11200000000002,0.3799772468714449,2025-12,10156,Consumer,West,Referral,Unknown
619,2025-01-30,North,Clothing,Casual Shirt,1,43.83,0.0,43.83,24.75,19.08,0.43531827515400406,2025-01,10471,Small Business,East,Paid Ads,Unknown
620,2025-01-04,North,Electronics,Power Bank,1,126.72,0.05,120.384,81.53,38.854,0.3227505316321106,2025-01,10420,Consumer,South,Email,Unknown
621,2025-09-15,Central,Home & Kitchen,Mixer Grinder,2,77.6,0.05,147.43999999999997,102.09,45.349999999999966,0.30758274552360265,2025-09,10113,Consumer,South,Email,Unknown
622,2025-03-08,North,Sports,Running Shoes,1,83.19,0.0,83.19,46.13,37.059999999999995,0.4454862363264815,2025-03,10422,Consumer,North,Email,Unknown
623,2025-11-04,South,Electronics,Bluetooth Speaker,1,188.87,0.0,188.87,135.44,53.43000000000001,0.28289299518187117,2025-11,10285,Consumer,South,Email,Unknown
624,2025-05-31,Central,Clothing,Jacket,1,55.01,0.2,44.008,30.27,13.738000000000003,0.3121705144519179,2025-05,10054,Consumer,North,Paid Ads,Unknown
625,2025-05-10,North,Home & Kitchen,Storage Set,2,76.15,0.0,152.3,81.35,70.95000000000002,0.46585686145764943,2025-05,10325,Consumer,North,Email,Unknown
626,2025-04-09,South,Beauty,Skin Care Kit,1,38.07,0.1,34.263,21.08,13.183,0.3847590695502437,2025-04,10458,Consumer,Central,Email,Unknown
627,2025-05-24,North,Electronics,Power Bank,1,103.15,0.0,103.15,58.97,44.18000000000001,0.4283082888996607,2025-05,10265,Consumer,North,Paid Ads,Unknown
628,2025-12-24,West,Home & Kitchen,Air Fryer,1,48.24,0.1,43.416000000000004,24.19,19.226000000000003,0.4428321356182053,2025-12,10382,Consumer,East,Paid Ads,Unknown
629,2025-03-21,West,Home & Kitchen,Storage Set,2,74.02,0.1,133.236,72.14,61.09599999999999,0.45855474496382354,2025-03,10213,Consumer,Central,Referral,Unknown
630,2025-02-03,West,Home & Kitchen,Air Fryer,1,90.37,0.15,76.8145,57.06,19.754499999999993,0.2571714975688183,2025-02,10333,Corporate,West,Paid Ads,Unknown
631,2025-11-27,South,Electronics,Power Bank,1,105.57,0.0,105.57,73.27,32.3,0.30595813204508854,2025-11,10010,Consumer,East,Social Media,Unknown
632,2025-03-19,East,Electronics,Smart Watch,1,149.67,0.1,134.703,100.21,34.49300000000001,0.2560670512163798,2025-03,10358,Consumer,East,Email,Unknown
633,2025-04-19,North,Sports,Yoga Mat,1,57.86,0.1,52.074,37.95,14.123999999999995,0.27122940430925213,2025-04,10203,Consumer,South,Referral,Unknown
634,2025-09-03,Central,Clothing,Jacket,1,65.66,0.0,65.66,49.05,16.61,0.25296984465427963,2025-09,10058,Corporate,East,Organic Search,Unknown
635,2025-10-25,Central,Electronics,Bluetooth Speaker,3,117.93,0.0,353.79,259.45,94.34000000000003,0.2666553605246051,2025-10,10494,Consumer,West,Organic Search,Unknown
636,2025-08-15,Central,Clothing,Sneakers,1,54.35,0.05,51.6325,34.96,16.6725,0.32290708371665133,2025-08,10510,Consumer,North,Email,Unknown
637,2025-01-24,West,Sports,Dumbbells,1,87.17,0.05,82.8115,61.99,20.821499999999993,0.2514324701279411,2025-01,10223,Small Business,South,Organic Search,Unknown
638,2025-01-27,South,Electronics,Smart Watch,1,155.53,0.0,155.53,83.74,71.79,0.46158297434578544,2025-01,10369,Consumer,West,Social Media,Unknown
639,2025-07-08,West,Clothing,Jacket,1,69.76,0.0,69.76,54.01,15.750000000000007,0.22577408256880743,2025-07,10418,Corporate,North,Organic Search,Unknown
640,2025-12-15,South,Clothing,Casual Shirt,1,60.27,0.0,60.27,39.61,20.660000000000004,0.34279077484652404,2025-12,10103,Corporate,West,Referral,Unknown
641,2025-11-06,South,Electronics,Bluetooth Speaker,2,228.97,0.0,457.94,355.14,102.80000000000001,0.2244835567978338,2025-11,10161,Small Business,North,Paid Ads,Unknown
642,2025-09-02,East,Electronics,Smart Watch,2,197.55,0.05,375.345,240.85,134.49500000000003,0.3583236755518257,2025-09,10200,Consumer,Central,Paid Ads,Unknown
643,2025-03-26,South,Sports,Running Shoes,1,43.17,0.0,43.17,30.89,12.280000000000001,0.2844567987028029,2025-03,10160,Corporate,East,Referral,Unknown
644,2025-01-16,East,Beauty,Face Serum,4,14.06,0.05,53.428,40.57,12.857999999999997,0.24066032791794562,2025-01,10136,Consumer,South,Paid Ads,Unknown
645,2025-06-06,East,Electronics,Power Bank,1,143.37,0.0,143.37,105.2,38.17,0.26623421915323986,2025-06,10398,Consumer,North,Paid Ads,Unknown
646,2025-05-12,West,Electronics,Smart Watch,1,216.91,0.0,216.91,152.58,64.32999999999998,0.2965746162002673,2025-05,10392,Small Business,South,Email,Unknown
647,2025-03-11,South,Electronics,Bluetooth Speaker,1,168.91,0.0,168.91,89.4,79.50999999999999,0.4707240542300633,2025-03,10106,Consumer,North,Referral,Unknown
648,2025-07-01,Central,Electronics,Smart Watch,1,147.13,0.1,132.417,71.65,60.766999999999996,0.45890633377889545,2025-07,10054,Consumer,North,Paid Ads,Unknown
649,2025-09-07,South,Beauty,Skin Care Kit,1,52.75,0.15,44.8375,23.43,21.4075,0.47744633398383046,2025-09,10277,Consumer,South,Organic Search,Unknown
650,2025-03-11,South,Home & Kitchen,Storage Set,2,80.63,0.0,161.26,107.44,53.81999999999999,0.3337467443879449,2025-03,10111,Consumer,West,Social Media,Unknown
651,2025-11-28,South,Clothing,Jeans,1,48.6,0.05,46.17,34.32,11.850000000000001,0.25666016894087074,2025-11,10224,Consumer,South,Paid Ads,Unknown
652,2025-11-24,North,Electronics,Bluetooth Speaker,1,141.75,0.15,120.4875,64.81,55.677499999999995,0.46210187778815226,2025-11,10075,Consumer,West,Referral,Unknown
653,2025-01-22,East,Sports,Yoga Mat,1,32.77,0.05,31.131500000000003,19.24,11.891500000000004,0.3819764547162843,2025-01,10506,Corporate,North,Social Media,Unknown
654,2025-06-07,South,Sports,Yoga Mat,1,73.58,0.05,69.901,51.61,18.290999999999997,0.2616700762506974,2025-06,10014,Corporate,South,Referral,Unknown
655,2025-02-26,West,Home & Kitchen,Air Fryer,1,100.36,0.15,85.306,60.29,25.016,0.2932501816988254,2025-02,10482,Consumer,Central,Email,Unknown
656,2025-11-17,East,Electronics,Smart Watch,1,135.44,0.1,121.896,80.65,41.245999999999995,0.3383704141235151,2025-11,10189,Small Business,West,Email,Unknown
657,2025-03-06,West,Home & Kitchen,Air Fryer,2,85.76,0.0,171.52,112.01,59.510000000000005,0.34695662313432835,2025-03,10364,Consumer,Central,Organic Search,Unknown
658,2025-06-30,West,Sports,Dumbbells,1,60.62,0.1,54.558,42.28,12.277999999999999,0.22504490633820887,2025-06,10239,Small Business,West,Email,Unknown
659,2025-05-05,North,Home & Kitchen,Mixer Grinder,3,72.42,0.05,206.397,144.94,61.456999999999994,0.29776111086885954,2025-05,10401,Consumer,North,Email,Unknown
660,2025-08-27,Central,Clothing,Jeans,1,79.33,0.05,75.3635,52.18,23.183500000000002,0.3076223901490775,2025-08,10304,Small Business,South,Social Media,Unknown
661,2025-02-13,East,Home & Kitchen,Storage Set,1,68.72,0.0,68.72,52.81,15.909999999999997,0.23151920838183931,2025-02,10091,Consumer,Central,Social Media,Unknown
662,2025-03-10,Central,Home & Kitchen,Storage Set,1,77.88,0.15,66.198,36.42,29.77799999999999,0.44983232121816363,2025-03,10392,Small Business,South,Email,Unknown
663,2025-03-20,East,Clothing,Jeans,1,54.31,0.1,48.879000000000005,29.77,19.109000000000005,0.3909449865995622,2025-03,10184,Consumer,South,Email,Unknown
664,2025-11-10,South,Electronics,Smart Watch,1,126.13,0.05,119.8235,85.54,34.28349999999999,0.2861166632588765,2025-11,10017,Small Business,Central,Organic Search,Unknown
665,2025-08-14,West,Sports,Yoga Mat,1,83.86,0.05,79.667,44.5,35.167,0.44142493127643817,2025-08,10012,Small Business,East,Referral,Unknown
666,2025-06-19,East,Clothing,Jacket,1,33.09,0.0,33.09,19.25,13.840000000000003,0.41825324871562414,2025-06,10166,Consumer,Central,Social Media,Unknown
667,2025-07-06,South,Clothing,Jacket,1,79.74,0.1,71.76599999999999,40.92,30.84599999999999,0.42981356073906857,2025-07,10146,Consumer,East,Organic Search,Unknown
668,2025-08-03,West,Home & Kitchen,Storage Set,1,83.62,0.15,71.077,43.3,27.777,0.39080152510657457,2025-08,10282,Consumer,West,Social Media,Unknown
669,2025-02-10,Central,Electronics,Bluetooth Speaker,1,135.15,0.05,128.3925,69.67,58.72250000000001,0.45736705804466776,2025-02,10169,Consumer,East,Email,Unknown
670,2025-05-10,North,Clothing,Jeans,1,65.9,0.0,65.9,49.87,16.03000000000001,0.2432473444613051,2025-05,10170,Consumer,East,Email,Unknown
671,2025-12-31,North,Electronics,Power Bank,1,130.74,0.15,111.129,73.79,37.339,0.3359969044983757,2025-12,10346,Consumer,North,Email,Unknown
672,2025-01-14,North,Electronics,Power Bank,1,175.56,0.05,166.78199999999998,95.45,71.33199999999998,0.4276960343442337,2025-01,10499,Corporate,South,Organic Search,Unknown
673,2025-03-20,East,Electronics,Power Bank,3,140.77,0.15,358.96350000000007,191.29,167.67350000000008,0.46710459419968897,2025-03,10460,Consumer,South,Organic Search,Unknown
674,2025-06-03,South,Home & Kitchen,Air Fryer,2,113.81,0.0,227.62,147.21,80.41,0.3532642122836306,2025-06,10297,Corporate,East,Referral,Unknown
675,2025-03-17,North,Electronics,Wireless Headphones,1,46.21,0.15,39.2785,26.24,13.038500000000003,0.3319500490089999,2025-03,10142,Small Business,South,Referral,Unknown
676,2025-11-04,West,Home & Kitchen,Storage Set,1,76.37,0.1,68.733,42.23,26.503000000000007,0.385593528581613,2025-11,10053,Consumer,East,Referral,Unknown
677,2025-01-25,South,Sports,Dumbbells,1,54.69,0.1,49.221,31.3,17.920999999999996,0.36409256211779517,2025-01,10118,Consumer,West,Social Media,Unknown
678,2025-05-28,North,Electronics,Power Bank,1,121.85,0.1,109.66499999999999,67.2,42.46499999999999,0.3872247298591163,2025-05,10365,Consumer,Central,Organic Search,Unknown
679,2025-03-09,Central,Electronics,Smart Watch,1,153.92,0.05,146.224,84.25,61.97399999999999,0.42382919356603566,2025-03,10136,Consumer,South,Paid Ads,Unknown
680,2025-02-13,North,Home & Kitchen,Mixer Grinder,1,61.07,0.05,58.0165,43.72,14.296500000000002,0.24642127670576477,2025-02,10414,Small Business,West,Referral,Unknown
681,2025-08-22,North,Clothing,Jacket,1,57.12,0.05,54.263999999999996,28.97,25.293999999999997,0.4661285566858322,2025-08,10077,Consumer,South,Social Media,Unknown
682,2025-03-25,West,Home & Kitchen,Air Fryer,1,126.8,0.1,114.12,75.68,38.44,0.33683841570276896,2025-03,10018,Consumer,South,Paid Ads,Unknown
683,2025-02-13,Central,Beauty,Skin Care Kit,1,48.78,0.05,46.341,27.82,18.521,0.3996676808873352,2025-02,10403,Consumer,East,Referral,Unknown
684,2025-05-03,Central,Clothing,Casual Shirt,2,61.82,0.0,123.64,74.83,48.81,0.3947751536719508,2025-05,10205,Consumer,South,Email,Unknown
685,2025-05-15,East,Home & Kitchen,Storage Set,1,49.7,0.15,42.245000000000005,22.89,19.355000000000004,0.4581607290803646,2025-05,10499,Corporate,South,Organic Search,Unknown
686,2025-10-20,North,Clothing,Sneakers,1,60.97,0.0,60.97,42.91,18.060000000000002,0.29621125143513205,2025-10,10324,Small Business,North,Referral,Unknown
687,2025-04-16,Central,Clothing,Casual Shirt,1,80.67,0.1,72.60300000000001,51.05,21.55300000000001,0.29686101125297865,2025-04,10281,Consumer,West,Organic Search,Unknown
688,2025-04-29,South,Home & Kitchen,Mixer Grinder,1,82.72,0.1,74.44800000000001,42.45,31.998000000000005,0.42980335267569314,2025-04,10166,Consumer,Central,Social Media,Unknown
689,2025-12-20,South,Electronics,Smart Watch,1,139.49,0.05,132.5155,70.89,61.6255,0.4650437118676683,2025-12,10243,Consumer,West,Referral,Unknown
690,2025-03-22,South,Clothing,Casual Shirt,3,63.37,0.1,171.099,130.01,41.089,0.24014751693464018,2025-03,10479,Small Business,East,Paid Ads,Unknown
691,2025-09-07,East,Clothing,Jacket,1,48.09,0.0,48.09,30.11,17.980000000000004,0.37388230401330846,2025-09,10164,Corporate,West,Organic Search,Unknown
692,2025-12-28,West,Electronics,Power Bank,1,119.59,0.1,107.631,61.17,46.461,0.4316693146026702,2025-12,10324,Small Business,North,Referral,Unknown
693,2025-08-04,North,Clothing,Jacket,1,61.83,0.0,61.83,47.15,14.68,0.23742519812388807,2025-08,10208,Consumer,Central,Referral,Unknown
694,2025-11-26,South,Home & Kitchen,Mixer Grinder,2,41.87,0.15,71.17899999999999,42.86,28.31899999999999,0.3978561092457044,2025-11,10315,Consumer,West,Social Media,Unknown
695,2025-12-07,North,Electronics,Bluetooth Speaker,1,90.99,0.2,72.792,47.65,25.142000000000003,0.34539509836245746,2025-12,10304,Small Business,South,Social Media,Unknown
696,2025-09-01,West,Electronics,Power Bank,1,118.95,0.1,107.055,76.55,30.50500000000001,0.2849469898650227,2025-09,10239,Small Business,West,Email,Unknown
697,2025-10-06,South,Electronics,Bluetooth Speaker,1,106.0,0.2,84.80000000000001,54.38,30.42000000000001,0.35872641509433967,2025-10,10224,Consumer,South,Paid Ads,Unknown
698,2025-08-20,North,Home & Kitchen,LED Lamp,2,105.08,0.0,210.16,111.75,98.41,0.4682622763608679,2025-08,10088,Corporate,Central,Social Media,Unknown
699,2025-04-20,Central,Beauty,Hair Dryer,1,57.73,0.15,49.070499999999996,29.93,19.140499999999996,0.39006123842227,2025-04,10429,Consumer,Central,Email,Unknown
700,2025-07-05,South,Sports,Yoga Mat,1,38.65,0.1,34.785,26.82,7.964999999999996,0.22897800776196628,2025-07,10220,Consumer,North,Email,Unknown
701,2025-10-06,East,Beauty,Skin Care Kit,1,53.44,0.1,48.096,28.64,19.455999999999996,0.40452428476380564,2025-10,10275,Consumer,West,Email,Unknown
702,2025-01-18,North,Home & Kitchen,Air Fryer,1,81.33,0.05,77.2635,42.45,34.81349999999999,0.4505814517851248,2025-01,10066,Consumer,West,Organic Search,Unknown
703,2025-09-07,West,Clothing,Jeans,1,43.14,0.15,36.669,24.4,12.268999999999998,0.3345877989582481,2025-09,10423,Consumer,East,Organic Search,Unknown
704,2025-09-15,Central,Sports,Fitness Band,3,42.61,0.05,121.43849999999999,82.19,39.24849999999999,0.32319651510847053,2025-09,10255,Consumer,East,Organic Search,Unknown
705,2025-01-05,East,Home & Kitchen,Mixer Grinder,1,84.95,0.1,76.455,47.84,28.614999999999995,0.3742724478451376,2025-01,10125,Consumer,South,Paid Ads,Unknown
706,2025-09-05,West,Sports,Yoga Mat,1,46.61,0.0,46.61,34.48,12.130000000000003,0.26024458270757356,2025-09,10146,Consumer,East,Organic Search,Unknown
707,2025-05-31,Central,Clothing,Sneakers,1,49.11,0.0,49.11,34.42,14.689999999999998,0.29912441457951533,2025-05,10385,Small Business,West,Email,Unknown
708,2025-05-31,East,Home & Kitchen,Air Fryer,1,56.7,0.2,45.36000000000001,26.05,19.310000000000006,0.4257054673721341,2025-05,10447,Consumer,South,Organic Search,Unknown
709,2025-03-31,Central,Electronics,Wireless Headphones,4,133.39,0.0,533.56,278.67,254.88999999999993,0.477715720818652,2025-03,10387,Consumer,Central,Organic Search,Unknown
710,2025-07-01,West,Home & Kitchen,Air Fryer,1,89.79,0.05,85.3005,64.61,20.6905,0.24256012567335478,2025-07,10383,Consumer,West,Organic Search,Unknown
711,2025-03-16,South,Beauty,Face Serum,3,37.4,0.05,106.58999999999999,77.96,28.629999999999995,0.26859930575100854,2025-03,10277,Consumer,South,Organic Search,Unknown
712,2025-09-13,East,Home & Kitchen,Air Fryer,1,50.29,0.1,45.261,32.54,12.721000000000004,0.2810587481496212,2025-09,10382,Consumer,East,Paid Ads,Unknown
713,2025-01-04,South,Electronics,Wireless Headphones,1,91.0,0.0,91.0,52.13,38.87,0.4271428571428571,2025-01,10124,Consumer,South,Organic Search,Unknown
714,2025-01-09,Central,Electronics,Power Bank,3,65.47,0.05,186.5895,135.93,50.65949999999998,0.27150241573078865,2025-01,10267,Corporate,East,Social Media,Unknown
715,2025-09-12,Central,Beauty,Skin Care Kit,2,32.43,0.1,58.374,36.33,22.044000000000004,0.37763387809641286,2025-09,10111,Consumer,West,Social Media,Unknown
716,2025-08-22,North,Electronics,Power Bank,1,83.23,0.0,83.23,49.77,33.46,0.4020185029436501,2025-08,10381,Corporate,East,Paid Ads,Unknown
717,2025-05-30,West,Electronics,Smart Watch,1,122.42,0.0,122.42,109.68,12.739999999999995,0.1040679627511844,2025-05,10158,Consumer,South,Organic Search,Unknown
718,2025-08-20,East,Clothing,Casual Shirt,1,67.27,0.0,67.27,51.32,15.949999999999996,0.23710420692730783,2025-08,10118,Consumer,West,Social Media,Unknown
719,2025-07-14,North,Clothing,Sneakers,2,64.53,0.1,116.15400000000001,86.5,29.65400000000001,0.2552989996039741,2025-07,10328,Consumer,North,Paid Ads,Unknown
720,2025-11-08,West,Electronics,Wireless Headphones,4,175.05,0.05,665.19,365.12,300.07000000000005,0.45110419579368305,2025-11,10068,Consumer,Central,Referral,Unknown
721,2025-02-06,Central,Sports,Dumbbells,1,55.09,0.05,52.3355,34.06,18.2755,0.3491989185161124,2025-02,10434,Corporate,Central,Referral,Unknown
722,2025-11-04,East,Clothing,Casual Shirt,1,69.34,0.0,69.34,41.43,27.910000000000004,0.4025093740986444,2025-11,10359,Consumer,Central,Social Media,Unknown
723,2025-02-11,North,Home & Kitchen,Storage Set,1,75.61,0.1,68.049,35.51,32.53900000000001,0.47817014210348435,2025-02,10443,Consumer,West,Referral,Unknown
724,2025-05-08,East,Electronics,Wireless Headphones,1,97.45,0.0,97.45,59.59,37.86,0.3885069266290405,2025-05,10164,Corporate,West,Organic Search,Unknown
725,2025-03-10,South,Clothing,Casual Shirt,1,41.97,0.0,41.97,22.06,19.91,0.4743864665237074,2025-03,10361,Small Business,South,Email,Unknown
726,2025-05-27,West,Electronics,Bluetooth Speaker,1,100.35,0.15,85.2975,54.49,30.807499999999997,0.3611770567718866,2025-05,10119,Consumer,South,Referral,Unknown
727,2025-09-23,North,Clothing,Casual Shirt,2,52.54,0.05,99.826,64.29,35.53599999999999,0.3559794041632439,2025-09,10195,Consumer,Central,Referral,Unknown
728,2025-08-26,West,Sports,Running Shoes,1,82.04,0.15,69.73400000000001,37.3,32.43400000000001,0.4651102761923883,2025-08,10241,Consumer,Central,Social Media,Unknown
729,2025-01-19,North,Home & Kitchen,Mixer Grinder,2,75.53,0.0,151.06,115.95,35.11,0.23242420230372038,2025-01,10509,Consumer,South,Referral,Unknown
730,2025-06-02,Central,Sports,Dumbbells,2,33.93,0.05,64.467,41.03,23.436999999999998,0.3635503435866412,2025-06,10142,Small Business,South,Referral,Unknown
731,2025-03-28,North,Clothing,Sneakers,1,83.08,0.05,78.92599999999999,46.35,32.575999999999986,0.4127410485771481,2025-03,10031,Corporate,East,Email,Unknown
732,2025-02-11,South,Electronics,Smart Watch,2,112.01,0.1,201.61800000000002,134.73,66.88800000000003,0.3317560932059639,2025-02,10223,Small Business,South,Organic Search,Unknown
733,2025-09-03,East,Sports,Yoga Mat,1,58.83,0.1,52.947,37.63,15.317,0.28928928928928926,2025-09,10266,Consumer,Central,Social Media,Unknown
734,2025-07-16,West,Electronics,Bluetooth Speaker,1,64.81,0.0,64.81,50.17,14.64,0.22589106619348867,2025-07,10282,Consumer,West,Social Media,Unknown
735,2025-09-25,South,Beauty,Face Serum,1,60.93,0.05,57.8835,45.0,12.883499999999998,0.2225763818704812,2025-09,10381,Corporate,East,Paid Ads,Unknown
736,2025-10-15,West,Home & Kitchen,LED Lamp,2,89.4,0.0,178.8,134.62,44.18000000000001,0.24709172259507833,2025-10,10062,Small Business,West,Social Media,Unknown
737,2025-11-17,Central,Electronics,Power Bank,1,131.94,0.0,131.94,96.39,35.55,0.26944065484311047,2025-11,10071,Consumer,North,Paid Ads,Unknown
738,2025-04-13,West,Electronics,Wireless Headphones,1,165.91,0.0,165.91,94.27,71.64,0.4318003736965825,2025-04,10140,Consumer,East,Referral,Unknown
739,2025-03-13,South,Clothing,Jacket,3,71.56,0.0,214.68,143.4,71.28,0.3320290665176076,2025-03,10316,Consumer,East,Referral,Unknown
740,2025-07-20,East,Home & Kitchen,Mixer Grinder,1,84.72,0.0,84.72,56.86,27.86,0.328847969782814,2025-07,10340,Consumer,Central,Referral,Unknown
741,2025-07-13,East,Sports,Yoga Mat,1,81.03,0.0,81.03,60.87,20.160000000000004,0.24879674194742693,2025-07,10416,Consumer,East,Social Media,Unknown
742,2025-03-09,North,Electronics,Bluetooth Speaker,1,136.67,0.1,123.00299999999999,65.61,57.39299999999999,0.46659837564937434,2025-03,10467,Corporate,South,Social Media,Unknown
743,2025-12-25,South,Home & Kitchen,Air Fryer,1,81.76,0.0,81.76,58.75,23.010000000000005,0.28143346379647755,2025-12,10375,Consumer,Central,Paid Ads,Unknown
744,2025-11-14,North,Beauty,Skin Care Kit,1,41.87,0.2,33.496,19.52,13.976000000000003,0.41724385001194175,2025-11,10291,Consumer,South,Organic Search,Unknown
745,2025-06-28,South,Clothing,Jacket,1,51.15,0.05,48.592499999999994,37.73,10.862499999999997,0.22354272778720993,2025-06,10043,Consumer,Central,Organic Search,Unknown
746,2025-01-03,South,Beauty,Hair Dryer,2,39.98,0.05,75.96199999999999,45.62,30.34199999999999,0.39943656038545583,2025-01,10053,Consumer,East,Referral,Unknown
747,2025-08-19,North,Electronics,Wireless Headphones,1,160.54,0.05,152.51299999999998,84.29,68.22299999999997,0.44732580173493397,2025-08,10232,Consumer,North,Social Media,Unknown
748,2025-07-30,Central,Electronics,Bluetooth Speaker,1,68.69,0.1,61.821,35.64,26.180999999999997,0.4234968699956325,2025-07,10212,Consumer,West,Organic Search,Unknown
749,2025-10-18,West,Home & Kitchen,LED Lamp,2,47.89,0.0,95.78,67.65,28.129999999999995,0.2936938818124869,2025-10,10008,Consumer,East,Referral,Unknown
750,2025-09-30,West,Home & Kitchen,Air Fryer,2,32.85,0.1,59.13,36.28,22.85,0.3864366649754778,2025-09,10483,Consumer,North,Organic Search,Unknown
751,2025-04-17,East,Home & Kitchen,Storage Set,1,66.15,0.15,56.227500000000006,35.73,20.49750000000001,0.3645458183273311,2025-04,10042,Corporate,East,Referral,Unknown
752,2025-01-13,North,Home & Kitchen,Mixer Grinder,4,77.955,0.15,265.04699999999997,172.13,92.91699999999997,0.35056801246571356,2025-01,10333,Corporate,West,Paid Ads,Unknown
753,2025-01-05,South,Electronics,Wireless Headphones,1,134.18,0.0,134.18,86.33,47.85000000000001,0.3566105231778209,2025-01,10233,Small Business,South,Paid Ads,Unknown
754,2025-03-08,East,Clothing,Sneakers,1,78.98,0.05,75.031,52.95,22.081000000000003,0.2942916927669897,2025-03,10070,Consumer,West,Organic Search,Unknown
755,2025-07-18,North,Home & Kitchen,Air Fryer,1,80.39,0.0,80.39,47.2,33.19,0.4128622963055106,2025-07,10016,Consumer,West,Organic Search,Unknown
756,2025-05-10,West,Home & Kitchen,Mixer Grinder,1,49.89,0.0,49.89,36.01,13.880000000000003,0.2782120665464021,2025-05,10069,Consumer,West,Email,Unknown
757,2025-05-13,South,Electronics,Power Bank,1,173.58,0.0,173.58,126.67,46.91000000000001,0.2702500288051619,2025-05,10053,Consumer,East,Referral,Unknown
758,2025-03-20,South,Clothing,Casual Shirt,2,54.96,0.05,104.42399999999999,62.35,42.07399999999999,0.40291503868842404,2025-03,10379,Corporate,East,Email,Unknown
759,2025-06-30,Central,Home & Kitchen,LED Lamp,2,26.87,0.0,53.74,37.02,16.72,0.31112765165612205,2025-06,10463,Consumer,Central,Referral,Unknown
760,2025-05-08,South,Beauty,Face Serum,1,62.87,0.0,62.87,33.5,29.369999999999997,0.4671544456815651,2025-05,10063,Consumer,Central,Social Media,Unknown
761,2025-12-17,East,Sports,Dumbbells,1,67.65,0.1,60.885000000000005,42.91,17.97500000000001,0.2952287098628563,2025-12,10261,Small Business,South,Social Media,Unknown
762,2025-01-03,Central,Beauty,Face Serum,2,46.56,0.0,93.12,59.0,34.120000000000005,0.3664089347079038,2025-01,10500,Consumer,West,Organic Search,Unknown
763,2025-04-21,South,Sports,Yoga Mat,4,33.34,0.0,133.36,72.53,60.83000000000001,0.456133773245351,2025-04,10121,Consumer,South,Social Media,Unknown
764,2025-10-08,East,Sports,Dumbbells,1,45.84,0.1,41.25600000000001,31.99,9.266000000000009,0.22459763428349833,2025-10,10240,Small Business,Central,Email,Unknown
765,2025-08-18,Central,Home & Kitchen,Storage Set,1,106.96,0.15,90.916,58.24,32.675999999999995,0.35940868493994454,2025-08,10465,Small Business,South,Paid Ads,Unknown
766,2025-11-22,North,Sports,Running Shoes,1,71.25,0.05,67.6875,36.36,31.3275,0.46282548476454294,2025-11,10107,Consumer,Central,Referral,Unknown
767,2025-03-13,Central,Sports,Yoga Mat,1,85.47,0.1,76.923,45.36,31.563000000000002,0.4103194103194103,2025-03,10180,Consumer,East,Organic Search,Unknown
768,2025-02-16,Central,Electronics,Bluetooth Speaker,1,162.52,0.0,162.52,90.41,72.11000000000001,0.4436992370169826,2025-02,10016,Consumer,West,Organic Search,Unknown
769,2025-12-24,North,Home & Kitchen,Storage Set,1,88.74,0.05,84.303,56.39,27.912999999999997,0.33110328220822505,2025-12,10355,Corporate,West,Email,Unknown
770,2025-07-19,East,Sports,Fitness Band,1,76.08,0.1,68.472,41.55,26.921999999999997,0.3931826147914476,2025-07,10309,Corporate,North,Email,Unknown
771,2025-06-03,South,Clothing,Casual Shirt,2,25.17,0.05,47.823,26.0,21.823,0.45632854484243984,2025-06,10181,Corporate,West,Organic Search,Unknown
772,2025-11-23,North,Clothing,Jacket,2,43.28,0.0,86.56,54.04,32.52,0.3756931608133087,2025-11,10174,Consumer,West,Email,Unknown
773,2025-09-06,East,Beauty,Perfume,1,38.14,0.2,30.512,20.16,10.352,0.33927635028841113,2025-09,10354,Small Business,South,Email,Unknown
774,2025-11-24,Central,Electronics,Smart Watch,1,112.68,0.0,112.68,83.16,29.52000000000001,0.2619808306709266,2025-11,10354,Small Business,South,Email,Unknown
775,2025-05-09,South,Clothing,Sneakers,1,70.16,0.0,70.16,50.33,19.83,0.28263968072976053,2025-05,10219,Small Business,East,Social Media,Unknown
776,2025-11-22,Central,Clothing,Casual Shirt,1,38.1,0.1,34.29,22.99,11.3,0.32954214056576264,2025-11,10315,Consumer,West,Social Media,Unknown
777,2025-07-31,North,Beauty,Hair Dryer,1,46.42,0.05,44.099,33.83,10.268999999999998,0.23286242318419917,2025-07,10434,Corporate,Central,Referral,Unknown
778,2025-09-16,East,Electronics,Bluetooth Speaker,3,154.44,0.0,463.32,310.77,152.55,0.3292540792540793,2025-09,10282,Consumer,West,Social Media,Unknown
779,2025-01-16,East,Electronics,Power Bank,1,134.14,0.05,127.43299999999998,96.47,30.96299999999998,0.24297473966711908,2025-01,10259,Corporate,East,Organic Search,Unknown
780,2025-07-12,South,Clothing,Jeans,2,46.1,0.05,87.59,53.54,34.050000000000004,0.3887430071926019,2025-07,10005,Consumer,East,Organic Search,Unknown
781,2025-06-25,South,Home & Kitchen,Storage Set,2,42.7,0.15,72.59,41.46,31.130000000000003,0.4288469486155118,2025-06,10394,Consumer,South,Organic Search,Unknown
782,2025-10-15,West,Sports,Dumbbells,1,59.69,0.05,56.705499999999994,39.57,17.135499999999993,0.3021840914902434,2025-10,10336,Corporate,South,Paid Ads,Unknown
783,2025-11-10,East,Clothing,Jacket,1,46.17,0.0,46.17,25.26,20.91,0.45289148797920725,2025-11,10063,Consumer,Central,Social Media,Unknown
784,2025-12-23,Central,Beauty,Perfume,1,36.9,0.05,35.055,24.92,10.134999999999998,0.28911710169733273,2025-12,10044,Consumer,North,Organic Search,Unknown
785,2025-01-21,West,Clothing,Jacket,2,47.49,0.1,85.482,56.39,29.092,0.3403289581432348,2025-01,10153,Consumer,South,Referral,Unknown
786,2025-09-30,West,Clothing,Sneakers,1,71.54,0.0,71.54,40.4,31.140000000000008,0.43528096169974845,2025-09,10156,Consumer,West,Referral,Unknown
787,2025-12-19,East,Clothing,Casual Shirt,1,38.81,0.0,38.81,24.89,13.920000000000002,0.3586704457614017,2025-12,10478,Consumer,North,Referral,Unknown
788,2025-07-30,East,Electronics,Smart Watch,1,102.34,0.1,92.10600000000001,50.46,41.64600000000001,0.45215295420493784,2025-07,10275,Consumer,West,Email,Unknown
789,2025-04-16,South,Sports,Fitness Band,1,37.51,0.0,37.51,25.1,12.409999999999997,0.3308451079712076,2025-04,10358,Consumer,East,Email,Unknown
790,2025-04-10,South,Sports,Yoga Mat,2,63.95,0.1,115.11000000000001,67.42,47.69000000000001,0.4142993658239945,2025-04,10426,Consumer,North,Organic Search,Unknown
791,2025-12-01,Central,Electronics,Wireless Headphones,1,104.95,0.0,104.95,76.17,28.78,0.27422582181991423,2025-12,10483,Consumer,North,Organic Search,Unknown
792,2025-09-27,East,Home & Kitchen,Mixer Grinder,1,57.49,0.1,51.741,30.07,21.671,0.41883612608956144,2025-09,10214,Corporate,West,Paid Ads,Unknown
793,2025-04-22,North,Home & Kitchen,Mixer Grinder,1,82.21,0.15,69.87849999999999,39.56,30.318499999999986,0.43387451075795835,2025-04,10079,Consumer,North,Social Media,Unknown
794,2025-10-20,West,Beauty,Face Serum,1,33.69,0.1,30.320999999999998,23.38,6.940999999999999,0.22891725206952276,2025-10,10139,Small Business,North,Organic Search,Unknown
795,2025-05-11,South,Beauty,Face Serum,1,34.33,0.0,34.33,20.28,14.049999999999997,0.4092630352461403,2025-05,10098,Consumer,South,Referral,Unknown
796,2025-03-09,North,Home & Kitchen,Mixer Grinder,1,60.98,0.05,57.931,36.43,21.500999999999998,0.37114843520740187,2025-03,10198,Corporate,North,Organic Search,Unknown
797,2025-03-05,West,Clothing,Sneakers,4,46.28,0.0,185.12,98.99,86.13000000000001,0.46526577355229043,2025-03,10156,Consumer,West,Referral,Unknown
798,2025-10-27,South,Beauty,Perfume,1,49.31,0.1,44.379000000000005,28.22,16.159000000000006,0.36411365736046336,2025-10,10050,Consumer,Central,Organic Search,Unknown
799,2025-11-19,Central,Beauty,Skin Care Kit,1,40.0,0.0,40.0,26.86,13.14,0.3285,2025-11,10479,Small Business,East,Paid Ads,Unknown
800,2025-07-05,North,Electronics,Wireless Headphones,2,175.49,0.05,333.431,242.42,91.011,0.2729530247637442,2025-07,10228,Corporate,South,Referral,Unknown
801,2025-02-15,West,Sports,Yoga Mat,1,71.11,0.0,71.11,48.57,22.54,0.3169737027141049,2025-02,10457,Consumer,East,Paid Ads,Unknown
802,2025-01-30,South,Sports,Dumbbells,1,61.26,0.0,61.26,34.61,26.65,0.43503101534443356,2025-01,10149,Small Business,Central,Social Media,Unknown
803,2025-07-30,East,Electronics,Wireless Headphones,1,151.57,0.0,151.57,79.57,72.0,0.4750280398495745,2025-07,10058,Corporate,East,Organic Search,Unknown
804,2025-06-16,West,Electronics,Smart Watch,1,161.76,0.05,153.672,87.88,65.792,0.428132646155448,2025-06,10162,Consumer,Central,Organic Search,Unknown
805,2025-06-26,South,Clothing,Sneakers,2,37.21,0.05,70.699,44.86,25.839,0.3654790025318604,2025-06,10477,Small Business,North,Paid Ads,Unknown
806,2025-08-23,South,Clothing,Sneakers,2,48.53,0.1,87.354,55.6,31.753999999999998,0.36350939853927694,2025-08,10107,Consumer,Central,Referral,Unknown
807,2025-05-14,South,Electronics,Smart Watch,2,122.34,0.05,232.446,128.77,103.67599999999999,0.44602187174655616,2025-05,10427,Consumer,East,Referral,Unknown
808,2025-09-30,Central,Home & Kitchen,LED Lamp,1,122.6,0.1,110.34,75.13,35.21000000000001,0.31910458582562995,2025-09,10395,Corporate,Central,Social Media,Unknown
809,2025-05-31,South,Electronics,Smart Watch,1,121.53,0.1,109.37700000000001,72.32,37.057000000000016,0.33880066193075337,2025-05,10186,Small Business,North,Organic Search,Unknown
810,2025-03-20,West,Sports,Yoga Mat,1,76.35,0.1,68.715,39.67,29.045,0.4226879138470494,2025-03,10446,Consumer,North,Organic Search,Unknown
811,2025-07-11,North,Home & Kitchen,Air Fryer,2,72.75,0.15,123.675,75.85,47.825,0.3866990095007075,2025-07,10448,Corporate,North,Social Media,Unknown
812,2025-05-19,North,Clothing,Jeans,3,53.75,0.05,153.1875,111.02,42.167500000000004,0.2752672378620971,2025-05,10087,Consumer,South,Social Media,Unknown
813,2025-01-24,East,Clothing,Casual Shirt,3,55.33,0.0,165.99,103.88,62.110000000000014,0.3741791674197241,2025-01,10249,Consumer,East,Paid Ads,Unknown
814,2025-05-23,West,Clothing,Sneakers,1,40.43,0.0,40.43,23.54,16.89,0.4177590897848133,2025-05,10440,Consumer,South,Organic Search,Unknown
815,2025-08-20,South,Electronics,Wireless Headphones,1,77.28,0.0,77.28,53.85,23.43,0.3031832298136646,2025-08,10257,Small Business,South,Social Media,Unknown
816,2025-11-19,South,Sports,Running Shoes,2,42.3,0.1,76.14,40.48,35.660000000000004,0.468347780404518,2025-11,10277,Consumer,South,Organic Search,Unknown
817,2025-02-13,West,Sports,Running Shoes,2,57.75,0.15,98.175,61.43,36.745,0.37428062133944484,2025-02,10438,Corporate,South,Social Media,Unknown
818,2025-03-17,West,Electronics,Wireless Headphones,2,161.78,0.0,323.56,247.03,76.53,0.23652491037211026,2025-03,10516,Consumer,South,Email,Unknown
819,2025-08-04,North,Electronics,Smart Watch,2,104.44,0.2,167.104,89.06,78.04400000000001,0.46703849099961703,2025-08,10202,Consumer,East,Organic Search,Unknown
820,2025-12-09,North,Electronics,Smart Watch,1,145.85,0.2,116.68,62.03,54.650000000000006,0.46837504285224546,2025-12,10180,Consumer,East,Organic Search,Unknown
821,2025-12-07,Central,Electronics,Wireless Headphones,1,124.11,0.0,124.11,95.3,28.810000000000002,0.23213278543227783,2025-12,10325,Consumer,North,Email,Unknown
822,2025-01-26,North,Clothing,Casual Shirt,1,46.46,0.1,41.814,27.21,14.604,0.34926101305782753,2025-01,10475,Consumer,Central,Paid Ads,Unknown
823,2025-10-18,West,Electronics,Wireless Headphones,1,107.96,0.1,97.164,52.64,44.524,0.45823556049565684,2025-10,10400,Consumer,South,Email,Unknown
824,2025-11-05,West,Beauty,Hair Dryer,1,45.04,0.0,45.04,32.83,12.21,0.2710923623445826,2025-11,10217,Corporate,South,Social Media,Unknown
825,2025-11-28,Central,Clothing,Jacket,1,55.97,0.1,50.373,36.87,13.503,0.2680602703829433,2025-11,10453,Corporate,West,Organic Search,Unknown
826,2025-10-30,West,Beauty,Skin Care Kit,3,52.43,0.15,133.6965,96.1,37.59649999999999,0.28120781022689445,2025-10,10404,Corporate,South,Organic Search,Unknown
827,2025-11-15,Central,Electronics,Smart Watch,1,134.68,0.15,114.47800000000001,80.27,34.20800000000001,0.2988172399937107,2025-11,10240,Small Business,Central,Email,Unknown
828,2025-01-04,South,Electronics,Wireless Headphones,2,123.7,0.1,222.66,138.08,84.57999999999998,0.3798616725051648,2025-01,10186,Small Business,North,Organic Search,Unknown
829,2025-10-16,North,Electronics,Bluetooth Speaker,1,136.69,0.1,123.021,67.35,55.67100000000001,0.45253249445216676,2025-10,10048,Small Business,North,Paid Ads,Unknown
830,2025-10-03,East,Electronics,Bluetooth Speaker,1,91.74,0.2,73.392,48.38,25.011999999999993,0.34080008720296484,2025-10,10386,Consumer,West,Social Media,Unknown
831,2025-07-08,North,Beauty,Perfume,1,53.54,0.1,48.186,30.11,18.076,0.37512970572365417,2025-07,10208,Consumer,Central,Referral,Unknown
832,2025-07-15,South,Sports,Running Shoes,2,64.39,0.05,122.341,74.24,48.101,0.39317154510752733,2025-07,10157,Small Business,North,Referral,Unknown
833,2025-01-07,East,Electronics,Wireless Headphones,1,100.28,0.05,95.26599999999999,54.75,40.51599999999999,0.4252933890370121,2025-01,10225,Consumer,West,Paid Ads,Unknown
834,2025-08-16,North,Clothing,Jacket,1,62.64,0.0,62.64,43.52,19.119999999999997,0.30523627075351206,2025-08,10144,Small Business,North,Organic Search,Unknown
835,2025-09-16,West,Electronics,Smart Watch,1,95.17,0.1,85.653,45.01,40.64300000000001,0.47450760627181776,2025-09,10419,Consumer,East,Organic Search,Unknown
836,2025-08-25,South,Beauty,Face Serum,1,47.31,0.15,40.2135,30.5,9.713500000000003,0.24154823628880856,2025-08,10111,Consumer,West,Social Media,Unknown
837,2025-04-16,North,Beauty,Hair Dryer,2,54.79,0.0,109.58,82.79,26.789999999999992,0.24447891951085957,2025-04,10465,Small Business,South,Paid Ads,Unknown
838,2025-12-13,North,Clothing,Jacket,1,41.53,0.0,41.53,31.79,9.740000000000002,0.23452925595954735,2025-12,10132,Consumer,North,Organic Search,Unknown
839,2025-07-01,South,Home & Kitchen,LED Lamp,1,100.69,0.1,90.621,70.43,20.19099999999999,0.22280707562264807,2025-07,10334,Consumer,East,Social Media,Unknown
840,2025-10-14,North,Clothing,Jeans,1,38.82,0.0,38.82,30.27,8.55,0.22024729520865535,2025-10,10075,Consumer,West,Referral,Unknown
841,2025-01-29,South,Beauty,Perfume,1,42.43,0.1,38.187,21.85,16.336999999999996,0.4278157488150417,2025-01,10412,Small Business,Central,Social Media,Unknown
842,2025-11-02,East,Electronics,Power Bank,1,88.16,0.0,88.16,55.25,32.91,0.37329854809437385,2025-11,10519,Consumer,North,Organic Search,Unknown
843,2025-07-21,East,Beauty,Skin Care Kit,1,43.6,0.0,43.6,22.98,20.62,0.47293577981651375,2025-07,10036,Consumer,East,Referral,Unknown
844,2025-03-19,West,Sports,Dumbbells,1,56.29,0.05,53.4755,28.51,24.965499999999995,0.46685865489803735,2025-03,10223,Small Business,South,Organic Search,Unknown
845,2025-11-02,Central,Clothing,Casual Shirt,1,44.57,0.1,40.113,22.47,17.643,0.43983247326303193,2025-11,10241,Consumer,Central,Social Media,Unknown
846,2025-04-11,Central,Sports,Fitness Band,1,72.56,0.05,68.932,53.52,15.411999999999999,0.22358266117333023,2025-04,10134,Consumer,West,Referral,Unknown
847,2025-07-25,East,Electronics,Wireless Headphones,1,92.03,0.0,92.03,69.05,22.980000000000004,0.24970118439639252,2025-07,10391,Corporate,North,Organic Search,Unknown
848,2025-12-03,West,Sports,Fitness Band,1,39.4,0.0,39.4,26.57,12.829999999999998,0.32563451776649743,2025-12,10102,Corporate,North,Email,Unknown
849,2025-08-17,South,Home & Kitchen,Mixer Grinder,2,64.74,0.0,129.48,72.23,57.249999999999986,0.4421532282978065,2025-08,10498,Consumer,Central,Email,Unknown
850,2025-02-13,West,Sports,Dumbbells,1,82.61,0.0,82.61,48.19,34.42,0.4166565791066457,2025-02,10511,Corporate,Central,Email,Unknown
851,2025-07-29,South,Electronics,Power Bank,1,62.39,0.1,56.151,42.73,13.421000000000006,0.23901622410998924,2025-07,10343,Consumer,Central,Email,Unknown
852,2025-04-10,Central,Beauty,Perfume,1,41.76,0.0,41.76,26.07,15.689999999999998,0.3757183908045977,2025-04,10006,Small Business,East,Social Media,Unknown
853,2025-05-07,West,Electronics,Smart Watch,1,73.75,0.0,73.75,53.66,20.090000000000003,0.272406779661017,2025-05,10194,Consumer,North,Social Media,Unknown
854,2025-05-12,South,Beauty,Skin Care Kit,1,23.75,0.1,21.375,11.79,9.585,0.448421052631579,2025-05,10137,Consumer,West,Social Media,Unknown
855,2025-09-07,West,Beauty,Perfume,1,38.01,0.05,36.1095,22.38,13.729499999999998,0.3802185020562456,2025-09,10473,Consumer,West,Organic Search,Unknown
856,2025-07-08,South,Electronics,Power Bank,1,119.92,0.15,101.932,76.7,25.232,0.24753757406898716,2025-07,10216,Corporate,South,Social Media,Unknown
857,2025-03-19,West,Clothing,Jeans,1,36.58,0.0,36.58,19.12,17.459999999999997,0.4773100054674685,2025-03,10349,Consumer,North,Organic Search,Unknown
858,2025-07-10,West,Clothing,Sneakers,1,50.28,0.0,50.28,26.38,23.900000000000002,0.4753381066030231,2025-07,10183,Consumer,East,Paid Ads,Unknown
859,2025-09-15,West,Clothing,Sneakers,2,53.89,0.05,102.39099999999999,58.32,44.07099999999999,0.4304186891426004,2025-09,10168,Consumer,North,Paid Ads,Unknown
860,2025-09-15,North,Sports,Dumbbells,1,83.68,0.15,71.128,54.39,16.738,0.23532223596895738,2025-09,10038,Consumer,West,Organic Search,Unknown
861,2025-04-21,West,Clothing,Casual Shirt,1,81.92,0.0,81.92,50.36,31.560000000000002,0.38525390625,2025-04,10471,Small Business,East,Paid Ads,Unknown
862,2025-10-16,Central,Clothing,Casual Shirt,1,71.02,0.1,63.918,45.1,18.817999999999998,0.2944084608404518,2025-10,10452,Consumer,North,Paid Ads,Unknown
863,2025-11-06,West,Electronics,Power Bank,3,81.89,0.05,233.3865,179.11,54.2765,0.2325605808390802,2025-11,10490,Consumer,West,Social Media,Unknown
864,2025-10-29,East,Clothing,Sneakers,1,52.66,0.0,52.66,37.3,15.36,0.2916824914546145,2025-10,10142,Small Business,South,Referral,Unknown
865,2025-10-23,South,Clothing,Sneakers,1,46.47,0.05,44.146499999999996,27.28,16.866499999999995,0.3820574677494251,2025-10,10103,Corporate,West,Referral,Unknown
866,2025-08-09,North,Clothing,Jacket,2,75.15,0.15,127.75500000000001,82.51,45.245000000000005,0.35415443622558807,2025-08,10042,Corporate,East,Referral,Unknown
867,2025-05-01,Central,Home & Kitchen,Air Fryer,1,121.62,0.0,121.62,82.79,38.83,0.31927314586416705,2025-05,10147,Consumer,South,Social Media,Unknown
868,2025-08-21,East,Clothing,Casual Shirt,1,69.95,0.05,66.4525,46.11,20.3425,0.30612091343440806,2025-08,10066,Consumer,West,Organic Search,Unknown
869,2025-12-26,North,Clothing,Jeans,1,65.96,0.0,65.96,47.07,18.889999999999993,0.28638568829593686,2025-12,10193,Small Business,North,Paid Ads,Unknown
870,2025-06-29,East,Electronics,Power Bank,2,224.59,0.1,404.262,221.27,182.992,0.4526569403010918,2025-06,10298,Consumer,South,Social Media,Unknown
871,2025-05-08,East,Beauty,Perfume,1,57.9,0.0,57.9,37.91,19.990000000000002,0.3452504317789292,2025-05,10038,Consumer,West,Organic Search,Unknown
872,2025-12-20,Central,Clothing,Jeans,1,66.3,0.05,62.98499999999999,48.39,14.594999999999992,0.23172183853298395,2025-12,10502,Small Business,East,Social Media,Unknown
873,2025-10-11,West,Home & Kitchen,Storage Set,1,44.3,0.05,42.084999999999994,26.86,15.224999999999994,0.3617678507781869,2025-10,10428,Consumer,North,Organic Search,Unknown
874,2025-12-23,North,Home & Kitchen,Storage Set,1,75.29,0.0,75.29,57.08,18.210000000000008,0.2418647894806748,2025-12,10352,Consumer,North,Organic Search,Unknown
875,2025-05-21,West,Electronics,Power Bank,2,144.56,0.2,231.29600000000002,173.79,57.50600000000003,0.24862513835085787,2025-05,10326,Consumer,South,Organic Search,Unknown
876,2025-03-08,Central,Clothing,Sneakers,1,63.29,0.05,60.125499999999995,41.09,19.035499999999992,0.31659611978278757,2025-03,10038,Consumer,West,Organic Search,Unknown
877,2025-10-25,West,Electronics,Bluetooth Speaker,1,114.28,0.1,102.852,72.02,30.832000000000008,0.29977054408275977,2025-10,10097,Consumer,West,Email,Unknown
878,2025-03-05,East,Electronics,Smart Watch,2,92.69,0.05,176.111,133.65,42.460999999999984,0.2411036221473956,2025-03,10108,Consumer,North,Email,Unknown
879,2025-03-31,West,Beauty,Hair Dryer,2,26.37,0.05,50.103,38.31,11.793,0.23537512723788992,2025-03,10151,Consumer,South,Paid Ads,Unknown
880,2025-04-06,North,Electronics,Bluetooth Speaker,1,82.32,0.0,82.32,51.9,30.419999999999995,0.369533527696793,2025-04,10074,Corporate,South,Social Media,Unknown
881,2025-07-01,North,Beauty,Skin Care Kit,1,39.77,0.0,39.77,23.39,16.380000000000003,0.4118682423937642,2025-07,10057,Corporate,East,Paid Ads,Unknown
882,2025-09-01,East,Electronics,Smart Watch,1,129.72,0.1,116.748,75.67,41.078,0.35185185185185186,2025-09,10335,Consumer,North,Paid Ads,Unknown
883,2025-07-06,Central,Electronics,Wireless Headphones,1,131.24,0.05,124.678,68.55,56.128,0.45018367314201385,2025-07,10252,Consumer,Central,Organic Search,Unknown
884,2025-11-30,Central,Clothing,Jeans,1,77.76,0.0,77.76,53.71,24.050000000000004,0.30928497942386834,2025-11,10254,Consumer,West,Paid Ads,Unknown
885,2025-04-23,North,Clothing,Sneakers,1,28.67,0.1,25.803,13.75,12.053,0.4671162267953339,2025-04,10385,Small Business,West,Email,Unknown
886,2025-12-30,North,Beauty,Skin Care Kit,1,33.76,0.0,33.76,19.88,13.879999999999999,0.41113744075829384,2025-12,10456,Consumer,Central,Social Media,Unknown
887,2025-08-16,South,Sports,Dumbbells,2,66.05,0.0,132.1,100.77,31.33,0.2371688115064345,2025-08,10259,Corporate,East,Organic Search,Unknown
888,2025-12-23,North,Home & Kitchen,Mixer Grinder,3,64.95,0.1,175.36500000000004,133.35,42.01500000000004,0.2395860063296555,2025-12,10465,Small Business,South,Paid Ads,Unknown
889,2025-10-30,South,Electronics,Smart Watch,1,146.78,0.05,139.441,87.22,52.221000000000004,0.3745024777504464,2025-10,10034,Consumer,North,Referral,Unknown
890,2025-05-18,North,Home & Kitchen,Storage Set,1,111.28,0.1,100.152,67.8,32.352000000000004,0.3230289959261922,2025-05,10495,Small Business,East,Email,Unknown
891,2025-04-04,North,Home & Kitchen,Air Fryer,1,74.23,0.0,74.23,53.66,20.570000000000007,0.27711167991378155,2025-04,10326,Consumer,South,Organic Search,Unknown
892,2025-08-16,West,Sports,Fitness Band,1,63.73,0.0,63.73,46.52,17.209999999999994,0.2700455044719911,2025-08,10238,Consumer,Central,Email,Unknown
893,2025-02-03,West,Sports,Dumbbells,1,89.54,0.0,89.54,59.06,30.480000000000004,0.3404065222247041,2025-02,10466,Corporate,Central,Referral,Unknown
894,2025-05-04,East,Electronics,Smart Watch,3,143.92,0.1,388.584,293.77,94.81400000000002,0.24399872357070806,2025-05,10304,Small Business,South,Social Media,Unknown
895,2025-03-12,North,Electronics,Power Bank,2,150.51,0.15,255.867,133.66,122.207,0.47761923186655564,2025-03,10117,Consumer,Central,Organic Search,Unknown
896,2025-11-20,South,Electronics,Smart Watch,1,124.15,0.0,124.15,87.62,36.53,0.2942408376963351,2025-11,10207,Consumer,Central,Referral,Unknown
897,2025-04-25,South,Sports,Yoga Mat,3,64.29,0.0,192.87,128.33,64.53999999999999,0.3346295432156374,2025-04,10481,Consumer,North,Email,Unknown
898,2025-02-21,East,Beauty,Skin Care Kit,1,20.35,0.05,19.3325,12.99,6.342499999999999,0.3280744859692228,2025-02,10403,Consumer,East,Referral,Unknown
899,2025-01-02,Central,Beauty,Hair Dryer,1,47.04,0.05,44.687999999999995,30.3,14.387999999999995,0.3219656283566057,2025-01,10233,Small Business,South,Paid Ads,Unknown
900,2025-03-30,South,Electronics,Smart Watch,1,107.99,0.05,102.59049999999999,63.66,38.930499999999995,0.37947470769710645,2025-03,10284,Consumer,South,Email,Unknown
901,2025-04-30,West,Clothing,Jacket,1,61.81,0.2,49.44800000000001,36.33,13.11800000000001,0.2652887882219707,2025-04,10480,Small Business,Central,Organic Search,Unknown
902,2025-03-20,West,Home & Kitchen,LED Lamp,1,56.05,0.15,47.6425,36.44,11.2025,0.23513669517762503,2025-03,10009,Consumer,West,Organic Search,Unknown
903,2025-11-30,East,Clothing,Jeans,1,45.21,0.0,45.21,32.8,12.410000000000004,0.274496792744968,2025-11,10379,Corporate,East,Email,Unknown
904,2025-01-12,West,Home & Kitchen,Storage Set,1,79.08,0.05,75.12599999999999,56.83,18.295999999999992,0.24353752362697328,2025-01,10381,Corporate,East,Paid Ads,Unknown
905,2025-05-01,South,Beauty,Skin Care Kit,1,66.68,0.05,63.346000000000004,46.24,17.106,0.27004072869636603,2025-05,10360,Corporate,Central,Paid Ads,Unknown
906,2025-01-23,East,Electronics,Bluetooth Speaker,2,147.8,0.15,251.26000000000002,181.74,69.52000000000001,0.2766855050545252,2025-01,10176,Corporate,North,Social Media,Unknown
907,2025-03-20,South,Beauty,Face Serum,1,43.97,0.1,39.573,26.65,12.923000000000002,0.32656103909231043,2025-03,10485,Consumer,East,Referral,Unknown
908,2025-04-16,North,Electronics,Power Bank,1,187.72,0.05,178.334,115.22,63.114000000000004,0.3539089573496922,2025-04,10405,Consumer,South,Email,Unknown
909,2025-10-19,West,Beauty,Perfume,1,37.69,0.1,33.921,21.5,12.421,0.36617434627516876,2025-10,10033,Small Business,North,Organic Search,Unknown
910,2025-05-08,Central,Clothing,Casual Shirt,1,46.18,0.1,41.562,25.26,16.301999999999996,0.3922332900245416,2025-05,10465,Small Business,South,Paid Ads,Unknown
911,2025-07-22,Central,Electronics,Power Bank,1,137.25,0.1,123.525,67.14,56.385000000000005,0.4564663023679417,2025-07,10157,Small Business,North,Referral,Unknown
912,2025-03-23,West,Sports,Running Shoes,1,39.96,0.15,33.966,21.47,12.496000000000002,0.3678973090737797,2025-03,10202,Consumer,East,Organic Search,Unknown
913,2025-03-06,South,Home & Kitchen,Mixer Grinder,1,45.79,0.0,45.79,25.42,20.369999999999997,0.4448569556671762,2025-03,10175,Small Business,Central,Paid Ads,Unknown
914,2025-03-29,West,Home & Kitchen,Storage Set,1,68.72,0.1,61.848,46.53,15.317999999999998,0.2476717112922002,2025-03,10244,Consumer,South,Social Media,Unknown
915,2025-07-22,West,Home & Kitchen,Mixer Grinder,1,64.97,0.1,58.473,43.68,14.793,0.2529885588220204,2025-07,10269,Consumer,Central,Social Media,Unknown
916,2025-07-13,North,Electronics,Wireless Headphones,1,149.87,0.05,142.3765,106.41,35.966499999999996,0.2526154245960534,2025-07,10446,Consumer,North,Organic Search,Unknown
917,2025-10-12,East,Electronics,Bluetooth Speaker,1,215.45,0.05,204.67749999999998,122.26,82.41749999999998,0.4026700541095137,2025-10,10074,Corporate,South,Social Media,Unknown
918,2025-12-16,South,Electronics,Smart Watch,2,174.89,0.0,349.78,243.46,106.31999999999996,0.3039624907084452,2025-12,10096,Consumer,West,Social Media,Unknown
919,2025-11-04,East,Beauty,Skin Care Kit,1,22.59,0.0,22.59,11.89,10.7,0.4736609119079238,2025-11,10173,Consumer,East,Social Media,Unknown
920,2025-12-22,West,Home & Kitchen,Mixer Grinder,2,112.6,0.1,202.68,119.47,83.21000000000001,0.4105486481152556,2025-12,10406,Small Business,North,Organic Search,Unknown
921,2025-05-14,East,Sports,Fitness Band,1,38.61,0.0,38.61,20.2,18.41,0.47681947681947684,2025-05,10155,Consumer,North,Referral,Unknown
922,2025-02-06,East,Clothing,Sneakers,1,50.14,0.0,50.14,36.14,14.0,0.2792181890706023,2025-02,10183,Consumer,East,Paid Ads,Unknown
923,2025-10-13,West,Beauty,Face Serum,1,37.09,0.0,37.09,28.56,8.530000000000005,0.22998112698840667,2025-10,10323,Consumer,North,Referral,Unknown
924,2025-05-12,Central,Electronics,Bluetooth Speaker,2,97.94,0.0,195.88,110.06,85.82,0.4381253828874821,2025-05,10289,Corporate,West,Email,Unknown
925,2025-02-04,North,Sports,Running Shoes,2,44.57,0.1,80.226,58.2,22.025999999999996,0.274549397950789,2025-02,10258,Consumer,East,Email,Unknown
926,2025-09-28,East,Beauty,Hair Dryer,4,37.95,0.1,136.62,73.67,62.95,0.4607670912018738,2025-09,10174,Consumer,West,Email,Unknown
927,2025-04-15,South,Home & Kitchen,Air Fryer,1,137.56,0.0,137.56,105.97,31.590000000000003,0.2296452457109625,2025-04,10330,Small Business,North,Organic Search,Unknown
928,2025-10-20,South,Sports,Fitness Band,1,74.81,0.05,71.0695,48.08,22.989500000000007,0.32347912958442093,2025-10,10231,Corporate,Central,Referral,Unknown
929,2025-03-26,West,Beauty,Face Serum,1,66.91,0.0,66.91,39.79,27.119999999999997,0.40532057988342546,2025-03,10161,Small Business,North,Paid Ads,Unknown
930,2025-04-11,Central,Beauty,Perfume,1,44.89,0.05,42.6455,25.36,17.2855,0.4053299879236965,2025-04,10186,Small Business,North,Organic Search,Unknown
931,2025-11-13,West,Home & Kitchen,Mixer Grinder,1,73.84,0.05,70.148,42.24,27.907999999999994,0.3978445572218737,2025-11,10143,Small Business,East,Social Media,Unknown
932,2025-08-19,Central,Sports,Yoga Mat,2,24.94,0.15,42.398,28.27,14.128000000000004,0.3332232652483608,2025-08,10282,Consumer,West,Social Media,Unknown
933,2025-04-19,East,Home & Kitchen,LED Lamp,1,72.19,0.0,72.19,55.59,16.599999999999994,0.22994874636376222,2025-04,10027,Consumer,North,Referral,Unknown
934,2025-04-09,Central,Electronics,Smart Watch,1,54.21,0.0,54.21,31.28,22.93,0.42298468917173954,2025-04,10246,Consumer,East,Email,Unknown
935,2025-01-20,North,Home & Kitchen,Storage Set,2,51.37,0.0,102.74,54.88,47.85999999999999,0.465836091103757,2025-01,10487,Consumer,West,Organic Search,Unknown
936,2025-09-22,West,Clothing,Casual Shirt,1,58.98,0.15,50.132999999999996,37.27,12.862999999999992,0.25657750383978606,2025-09,10202,Consumer,East,Organic Search,Unknown
937,2025-07-23,North,Clothing,Sneakers,2,42.27,0.0,84.54,55.34,29.200000000000003,0.34539862786846465,2025-07,10021,Consumer,South,Paid Ads,Unknown
938,2025-11-26,Central,Home & Kitchen,LED Lamp,2,97.25,0.05,184.77499999999998,111.61,73.16499999999998,0.3959680692734406,2025-11,10094,Small Business,West,Paid Ads,Unknown
939,2025-06-27,South,Electronics,Bluetooth Speaker,1,79.12,0.05,75.164,50.64,24.524,0.3262732159012293,2025-06,10008,Consumer,East,Referral,Unknown
940,2025-03-09,Central,Beauty,Hair Dryer,2,51.0,0.0,102.0,64.08,37.92,0.37176470588235294,2025-03,10472,Consumer,East,Social Media,Unknown
941,2025-11-22,Central,Clothing,Jeans,2,24.55,0.1,44.190000000000005,29.9,14.290000000000006,0.32337632948630923,2025-11,10339,Consumer,South,Social Media,Unknown
942,2025-02-25,North,Clothing,Jeans,4,36.8,0.1,132.48,81.64,50.83999999999999,0.3837560386473429,2025-02,10259,Corporate,East,Organic Search,Unknown
943,2025-03-14,West,Sports,Running Shoes,1,76.73,0.0,76.73,46.01,30.720000000000006,0.40036491593900697,2025-03,10055,Consumer,East,Email,Unknown
944,2025-11-11,North,Electronics,Wireless Headphones,1,89.87,0.1,80.88300000000001,49.21,31.67300000000001,0.39159032182288,2025-11,10006,Small Business,East,Social Media,Unknown
945,2025-05-12,East,Home & Kitchen,Mixer Grinder,1,62.88,0.1,56.592000000000006,32.46,24.132000000000005,0.426420695504665,2025-05,10377,Corporate,West,Social Media,Unknown
946,2025-06-12,South,Beauty,Skin Care Kit,2,49.81,0.0,99.62,61.08,38.540000000000006,0.3868701064043365,2025-06,10050,Consumer,Central,Organic Search,Unknown
947,2025-11-10,South,Clothing,Casual Shirt,2,52.27,0.05,99.313,74.78,24.533,0.24702707601220383,2025-11,10112,Small Business,Central,Social Media,Unknown
948,2025-08-08,East,Beauty,Hair Dryer,1,47.35,0.0,47.35,27.08,20.270000000000003,0.4280887011615629,2025-08,10146,Consumer,East,Organic Search,Unknown
949,2025-06-14,East,Electronics,Bluetooth Speaker,1,148.63,0.05,141.1985,106.59,34.60849999999999,0.24510529502792164,2025-06,10230,Consumer,North,Paid Ads,Unknown
950,2025-06-04,West,Sports,Yoga Mat,1,53.36,0.0,53.36,33.01,20.35,0.38137181409295356,2025-06,10497,Small Business,Central,Paid Ads,Unknown
951,2025-05-19,Central,Clothing,Sneakers,2,52.29,0.15,88.893,66.51,22.382999999999996,0.25179710438392217,2025-05,10306,Small Business,Central,Organic Search,Unknown
952,2025-04-12,South,Clothing,Jacket,1,58.03,0.1,52.227000000000004,35.83,16.397000000000006,0.313956382713922,2025-04,10461,Corporate,East,Organic Search,Unknown
953,2025-03-07,South,Electronics,Power Bank,1,117.36,0.0,117.36,78.4,38.959999999999994,0.3319700068166325,2025-03,10226,Consumer,North,Referral,Unknown
954,2025-03-25,North,Beauty,Face Serum,2,32.77,0.15,55.709,38.72,16.989000000000004,0.30495970130499567,2025-03,10059,Corporate,South,Referral,Unknown
955,2025-05-05,West,Beauty,Hair Dryer,1,32.52,0.15,27.642000000000003,15.04,12.602000000000004,0.45590044135735486,2025-05,10076,Consumer,South,Paid Ads,Unknown
956,2025-02-18,East,Sports,Running Shoes,1,78.73,0.1,70.857,49.79,21.067,0.2973171316877655,2025-02,10428,Consumer,North,Organic Search,Unknown
957,2025-08-13,Central,Home & Kitchen,Mixer Grinder,3,49.22,0.0,147.66,109.13,38.53,0.2609372883651632,2025-08,10132,Consumer,North,Organic Search,Unknown
958,2025-09-06,West,Clothing,Sneakers,1,69.9,0.0,69.9,46.84,23.060000000000002,0.32989985693848356,2025-09,10498,Consumer,Central,Email,Unknown
959,2025-02-02,North,Home & Kitchen,Storage Set,1,59.86,0.1,53.874,35.14,18.734,0.3477373129895683,2025-02,10305,Consumer,East,Organic Search,Unknown
960,2025-01-08,Central,Beauty,Hair Dryer,1,35.99,0.15,30.5915,16.23,14.3615,0.46946047104587874,2025-01,10067,Consumer,North,Referral,Unknown
961,2025-12-04,East,Sports,Dumbbells,1,49.37,0.15,41.964499999999994,26.23,15.734499999999993,0.3749478726066079,2025-12,10230,Consumer,North,Paid Ads,Unknown
962,2025-04-23,Central,Clothing,Sneakers,1,62.53,0.0,62.53,35.55,26.980000000000004,0.4314728930113546,2025-04,10333,Corporate,West,Paid Ads,Unknown
963,2025-05-11,North,Beauty,Face Serum,1,51.2,0.0,51.2,35.62,15.580000000000005,0.3042968750000001,2025-05,10277,Consumer,South,Organic Search,Unknown
964,2025-01-09,Central,Beauty,Skin Care Kit,1,34.87,0.1,31.383,16.49,14.893,0.4745562884364147,2025-01,10144,Small Business,North,Organic Search,Unknown
965,2025-05-21,Central,Electronics,Bluetooth Speaker,2,145.21,0.0,290.42,215.86,74.56,0.2567316300530266,2025-05,10251,Corporate,South,Referral,Unknown
966,2025-05-08,North,Electronics,Power Bank,4,91.45,0.05,347.51,194.46,153.04999999999998,0.4404189807487554,2025-05,10080,Consumer,East,Organic Search,Unknown
967,2025-08-17,West,Home & Kitchen,LED Lamp,1,104.79,0.15,89.0715,69.4,19.671499999999995,0.22085066491526464,2025-08,10057,Corporate,East,Paid Ads,Unknown
968,2025-07-09,North,Electronics,Wireless Headphones,1,115.31,0.1,103.77900000000001,58.03,45.74900000000001,0.44083099663708464,2025-07,10366,Consumer,South,Email,Unknown
969,2025-05-27,North,Clothing,Jacket,1,54.02,0.15,45.917,30.17,15.747,0.3429448788030577,2025-05,10308,Consumer,West,Referral,Unknown
970,2025-12-12,South,Home & Kitchen,Mixer Grinder,2,47.5,0.05,90.25,59.97,30.28,0.33551246537396123,2025-12,10174,Consumer,West,Email,Unknown
971,2025-12-05,South,Home & Kitchen,Storage Set,1,104.36,0.0,104.36,70.57,33.790000000000006,0.3237830586431584,2025-12,10462,Consumer,North,Referral,Unknown
972,2025-03-09,Central,Electronics,Smart Watch,1,143.24,0.05,136.078,86.06,50.018,0.36756860036155736,2025-03,10493,Consumer,South,Social Media,Unknown
973,2025-09-26,West,Clothing,Casual Shirt,1,52.31,0.0,52.31,32.73,19.580000000000005,0.37430701586694715,2025-09,10374,Small Business,East,Referral,Unknown
974,2025-01-15,South,Home & Kitchen,Storage Set,1,80.57,0.1,72.51299999999999,49.37,23.142999999999994,0.3191565650297188,2025-01,10349,Consumer,North,Organic Search,Unknown
975,2025-08-17,Central,Electronics,Power Bank,1,110.06,0.0,110.06,66.09,43.97,0.39950935853170993,2025-08,10067,Consumer,North,Referral,Unknown
976,2025-11-26,West,Electronics,Smart Watch,1,173.36,0.2,138.68800000000002,83.71,54.97800000000002,0.3964149746192895,2025-11,10330,Small Business,North,Organic Search,Unknown
977,2025-04-29,East,Home & Kitchen,Storage Set,1,90.89,0.05,86.3455,61.07,25.2755,0.2927251564933899,2025-04,10194,Consumer,North,Social Media,Unknown
978,2025-08-27,North,Home & Kitchen,Storage Set,1,72.71,0.1,65.439,39.32,26.118999999999993,0.3991350723574626,2025-08,10155,Consumer,North,Referral,Unknown
979,2025-01-16,North,Electronics,Wireless Headphones,1,154.9,0.05,147.155,94.97,52.185,0.3546260745472461,2025-01,10160,Corporate,East,Referral,Unknown
980,2025-11-22,South,Home & Kitchen,Mixer Grinder,2,82.09,0.0,164.18,105.05,59.13000000000001,0.36015349007187236,2025-11,10266,Consumer,Central,Social Media,Unknown
981,2025-11-16,West,Sports,Yoga Mat,1,50.24,0.15,42.704,23.68,19.024,0.4454852004496066,2025-11,10168,Consumer,North,Paid Ads,Unknown
982,2025-12-31,Central,Electronics,Wireless Headphones,1,132.32,0.1,119.088,68.71,50.378,0.42303170764476694,2025-12,10145,Consumer,South,Email,Unknown
983,2025-05-27,East,Clothing,Jacket,1,42.72,0.1,38.448,25.84,12.608,0.32792342904702454,2025-05,10186,Small Business,North,Organic Search,Unknown
984,2025-01-26,South,Home & Kitchen,Mixer Grinder,1,58.78,0.05,55.841,39.63,16.211,0.2903064056875772,2025-01,10423,Consumer,East,Organic Search,Unknown
985,2025-07-05,Central,Clothing,Sneakers,1,79.07,0.0,79.07,56.66,22.409999999999997,0.2834197546477804,2025-07,10457,Consumer,East,Paid Ads,Unknown
986,2025-10-07,South,Home & Kitchen,LED Lamp,1,111.3,0.05,105.735,61.37,44.365,0.41958670260557057,2025-10,10345,Consumer,South,Paid Ads,Unknown
987,2025-03-02,East,Sports,Running Shoes,2,65.13,0.0,130.26,81.61,48.64999999999999,0.37348380162751416,2025-03,10516,Consumer,South,Email,Unknown
988,2025-03-30,North,Beauty,Hair Dryer,1,23.44,0.05,22.268,12.6,9.668000000000001,0.4341656188252201,2025-03,10104,Consumer,Central,Social Media,Unknown
989,2025-07-15,North,Electronics,Power Bank,1,163.14,0.0,163.14,119.31,43.829999999999984,0.2686649503493931,2025-07,10247,Consumer,West,Referral,Unknown
990,2025-12-25,South,Electronics,Bluetooth Speaker,2,10.0,0.15,17.0,10.47,6.529999999999999,0.3841176470588235,2025-12,10023,Corporate,North,Email,Unknown
991,2025-09-07,South,Electronics,Wireless Headphones,2,100.63,0.05,191.19699999999997,118.47,72.72699999999998,0.3803773071753217,2025-09,10144,Small Business,North,Organic Search,Unknown
992,2025-10-10,East,Electronics,Power Bank,1,95.2,0.15,80.92,58.52,22.4,0.27681660899653976,2025-10,10193,Small Business,North,Paid Ads,Unknown
993,2025-10-07,Central,Electronics,Wireless Headphones,2,101.74,0.0,203.48,153.16,50.31999999999999,0.2472970316493021,2025-10,10465,Small Business,South,Paid Ads,Unknown
994,2025-12-15,West,Beauty,Perfume,1,35.78,0.0,35.78,23.83,11.950000000000003,0.3339854667411963,2025-12,10375,Consumer,Central,Paid Ads,Unknown
995,2025-01-02,West,Home & Kitchen,Storage Set,1,132.68,0.15,112.778,78.05,34.72800000000001,0.3079323981627623,2025-01,10266,Consumer,Central,Social Media,Unknown
996,2025-07-26,South,Clothing,Sneakers,2,46.5,0.0,93.0,59.97,33.03,0.35516129032258065,2025-07,10378,Small Business,North,Email,Unknown
997,2025-03-03,North,Electronics,Power Bank,2,112.69,0.15,191.57299999999998,115.59,75.98299999999998,0.39662687330678115,2025-03,10074,Corporate,South,Social Media,Unknown
998,2025-03-11,North,Electronics,Bluetooth Speaker,4,132.91,0.15,451.89399999999995,327.29,124.60399999999993,0.27573723041244175,2025-03,10438,Corporate,South,Social Media,Unknown
999,2025-05-08,South,Clothing,Casual Shirt,1,50.59,0.0,50.59,32.2,18.39,0.3635105752124926,2025-05,10226,Consumer,North,Referral,Unknown
1000,2025-07-21,South,Home & Kitchen,LED Lamp,1,83.74,0.0,83.74,44.19,39.55,0.4722951994267972,2025-07,10308,Consumer,West,Referral,Unknown
1001,2025-02-28,West,Clothing,Casual Shirt,1,63.92,0.05,60.724,32.42,28.303999999999995,0.46610895197944796,2025-02,10348,Consumer,East,Referral,Unknown
1002,2025-02-25,North,Clothing,Sneakers,2,76.75,0.15,130.475,99.32,31.155,0.23878137574247943,2025-02,10476,Consumer,Central,Email,Unknown
1003,2025-02-18,East,Home & Kitchen,LED Lamp,1,79.6,0.0,79.6,61.64,17.959999999999994,0.22562814070351753,2025-02,10315,Consumer,West,Social Media,Unknown
1004,2025-03-02,North,Home & Kitchen,Air Fryer,3,58.13,0.1,156.95100000000002,107.34,49.61100000000002,0.31609228357895147,2025-03,10425,Consumer,West,Social Media,Unknown
1005,2025-02-15,South,Clothing,Jacket,2,47.01,0.1,84.618,44.69,39.928,0.4718617788177456,2025-02,10249,Consumer,East,Paid Ads,Unknown
1006,2025-07-11,South,Clothing,Jacket,1,68.14,0.0,68.14,47.28,20.86,0.3061344291165248,2025-07,10182,Consumer,South,Email,Unknown
1007,2025-11-03,East,Home & Kitchen,LED Lamp,2,92.42,0.05,175.59799999999998,100.8,74.79799999999999,0.42596157131630197,2025-11,10106,Consumer,North,Referral,Unknown
1008,2025-02-01,North,Beauty,Face Serum,1,24.58,0.0,24.58,16.45,8.129999999999999,0.3307567127746135,2025-02,10191,Corporate,Central,Paid Ads,Unknown
1009,2025-09-04,North,Electronics,Bluetooth Speaker,1,78.59,0.0,78.59,46.35,32.24,0.4102303091996437,2025-09,10137,Consumer,West,Social Media,Unknown
1010,2025-01-17,Central,Clothing,Jacket,1,44.46,0.1,40.014,24.44,15.574000000000002,0.3892137751786875,2025-01,10120,Consumer,South,Organic Search,Unknown
1011,2025-04-23,East,Electronics,Bluetooth Speaker,1,182.2,0.15,154.86999999999998,93.79,61.07999999999997,0.3943952992832697,2025-04,10072,Small Business,North,Organic Search,Unknown
1012,2025-03-22,Central,Home & Kitchen,LED Lamp,4,74.14,0.0,296.56,206.55,90.00999999999999,0.30351362287564065,2025-03,10131,Consumer,East,Organic Search,Unknown
1013,2025-06-17,Central,Clothing,Sneakers,2,48.68,0.05,92.49199999999999,68.53,23.96199999999999,0.25907105479392806,2025-06,10457,Consumer,East,Paid Ads,Unknown
1014,2025-04-16,West,Home & Kitchen,Air Fryer,1,120.74,0.0,120.74,84.57,36.17,0.29956932251118107,2025-04,10479,Small Business,East,Paid Ads,Unknown
1015,2025-02-23,South,Home & Kitchen,Mixer Grinder,1,25.45,0.05,24.1775,13.13,11.047499999999998,0.4569330989556405,2025-02,10052,Consumer,South,Social Media,Unknown
1016,2025-03-21,East,Beauty,Hair Dryer,1,47.66,0.0,47.66,25.96,21.699999999999996,0.45530843474611826,2025-03,10119,Consumer,South,Referral,Unknown
1017,2025-12-03,East,Home & Kitchen,LED Lamp,1,110.97,0.1,99.873,73.03,26.843000000000004,0.2687713396012937,2025-12,10264,Consumer,North,Referral,Unknown
1018,2025-01-23,Central,Electronics,Bluetooth Speaker,1,189.14,0.0,189.14,132.31,56.829999999999984,0.30046526382573746,2025-01,10239,Small Business,West,Email,Unknown
1019,2025-01-21,East,Clothing,Sneakers,1,32.57,0.05,30.941499999999998,18.13,12.811499999999999,0.41405555645330705,2025-01,10351,Consumer,West,Paid Ads,Unknown
1020,2025-06-09,South,Home & Kitchen,Mixer Grinder,2,121.79,0.0,243.58,138.88,104.70000000000002,0.42983824616142546,2025-06,10255,Consumer,East,Organic Search,Unknown
1021,2025-09-30,West,Clothing,Sneakers,1,33.72,0.05,32.034,19.72,12.314,0.38440407067490795,2025-09,10309,Corporate,North,Email,Unknown
1022,2025-11-16,Central,Home & Kitchen,Storage Set,2,39.72,0.1,71.496,41.2,30.295999999999992,0.42374398567752036,2025-11,10495,Small Business,East,Email,Unknown
1023,2025-07-08,Central,Home & Kitchen,Storage Set,1,76.45,0.0,76.45,45.31,31.14,0.4073250490516678,2025-07,10057,Corporate,East,Paid Ads,Unknown
1024,2025-06-25,East,Clothing,Jacket,1,58.35,0.1,52.515,40.36,12.155000000000001,0.23145767875845,2025-06,10403,Consumer,East,Referral,Unknown
1025,2025-08-15,East,Beauty,Face Serum,1,30.85,0.05,29.3075,18.57,10.7375,0.36637379510364243,2025-08,10067,Consumer,North,Referral,Unknown
1026,2025-05-27,North,Sports,Dumbbells,1,70.85,0.2,56.68,43.63,13.049999999999997,0.23023994354269578,2025-05,10046,Consumer,North,Social Media,Unknown
1027,2025-02-24,East,Beauty,Face Serum,2,24.43,0.05,46.416999999999994,34.24,12.176999999999992,0.2623392291617294,2025-02,10369,Consumer,West,Social Media,Unknown
1028,2025-01-31,North,Clothing,Casual Shirt,1,32.71,0.0,32.71,19.63,13.080000000000002,0.39987771323754207,2025-01,10232,Consumer,North,Social Media,Unknown
1029,2025-03-28,Central,Clothing,Casual Shirt,1,52.66,0.0,52.66,29.28,23.379999999999995,0.44398025066464103,2025-03,10402,Small Business,East,Email,Unknown
1030,2025-03-02,West,Home & Kitchen,Air Fryer,2,103.75,0.1,186.75,143.62,43.129999999999995,0.23095046854082996,2025-03,10023,Corporate,North,Email,Unknown
1031,2025-09-20,North,Sports,Dumbbells,1,79.52,0.15,67.592,36.52,31.071999999999996,0.45969937270682915,2025-09,10267,Corporate,East,Social Media,Unknown
1032,2025-05-01,Central,Beauty,Perfume,3,19.02,0.05,54.207,35.33,18.877000000000002,0.34823915730440724,2025-05,10118,Consumer,West,Social Media,Unknown
1033,2025-10-03,Central,Beauty,Hair Dryer,2,20.37,0.1,36.666000000000004,27.94,8.726000000000003,0.23798614520264008,2025-10,10055,Consumer,East,Email,Unknown
1034,2025-02-11,West,Home & Kitchen,LED Lamp,1,60.72,0.1,54.648,40.08,14.568000000000005,0.26657883179622316,2025-02,10153,Consumer,South,Referral,Unknown
1035,2025-11-30,Central,Beauty,Face Serum,1,41.15,0.05,39.092499999999994,27.73,11.362499999999994,0.2906567755963419,2025-11,10239,Small Business,West,Email,Unknown
1036,2025-04-22,Central,Clothing,Casual Shirt,1,19.36,0.1,17.424,10.99,6.433999999999999,0.36926078971533516,2025-04,10265,Consumer,North,Paid Ads,Unknown
1037,2025-03-13,South,Electronics,Bluetooth Speaker,1,102.05,0.0,102.05,58.26,43.79,0.4291033806957374,2025-03,10268,Consumer,North,Email,Unknown
1038,2025-08-21,South,Beauty,Face Serum,1,10.0,0.0,10.0,6.74,3.26,0.32599999999999996,2025-08,10113,Consumer,South,Email,Unknown
1039,2025-06-03,West,Sports,Yoga Mat,2,77.8,0.1,140.04,107.25,32.78999999999999,0.2341473864610111,2025-06,10166,Consumer,Central,Social Media,Unknown
1040,2025-06-22,West,Beauty,Face Serum,1,34.09,0.05,32.3855,18.43,13.9555,0.43091815781754184,2025-06,10008,Consumer,East,Referral,Unknown
1041,2025-09-25,East,Clothing,Jeans,2,56.21,0.0,112.42,67.01,45.41,0.4039316847536025,2025-09,10217,Corporate,South,Social Media,Unknown
1042,2025-04-26,West,Sports,Fitness Band,1,59.83,0.1,53.847,29.32,24.527,0.4554942708043159,2025-04,10431,Corporate,North,Referral,Unknown
1043,2025-10-02,Central,Clothing,Casual Shirt,1,80.46,0.15,68.39099999999999,48.11,20.28099999999999,0.2965448670146656,2025-10,10292,Consumer,Central,Paid Ads,Unknown
1044,2025-01-08,South,Beauty,Face Serum,1,46.98,0.05,44.63099999999999,31.04,13.590999999999994,0.3045192803208531,2025-01,10050,Consumer,Central,Organic Search,Unknown
1045,2025-12-04,North,Beauty,Face Serum,1,44.87,0.1,40.382999999999996,30.39,9.992999999999995,0.24745561251021458,2025-12,10107,Consumer,Central,Referral,Unknown
1046,2025-07-02,East,Sports,Yoga Mat,1,57.83,0.0,57.83,41.12,16.71,0.2889503717793533,2025-07,10009,Consumer,West,Organic Search,Unknown
1047,2025-11-30,East,Electronics,Wireless Headphones,1,134.64,0.15,114.44399999999999,83.48,30.963999999999984,0.27056027402048155,2025-11,10456,Consumer,Central,Social Media,Unknown
1048,2025-11-04,Central,Home & Kitchen,LED Lamp,2,92.49,0.05,175.731,102.59,73.14099999999999,0.41621000278835263,2025-11,10323,Consumer,North,Referral,Unknown
1049,2025-08-02,South,Home & Kitchen,Air Fryer,2,65.86,0.1,118.548,72.35,46.19800000000001,0.3896986874514965,2025-08,10309,Corporate,North,Email,Unknown
1050,2025-04-10,Central,Home & Kitchen,Air Fryer,1,86.12,0.15,73.202,52.35,20.851999999999997,0.2848556050381137,2025-04,10145,Consumer,South,Email,Unknown
1051,2025-02-10,South,Clothing,Jeans,2,57.5,0.15,97.75,75.59,22.159999999999997,0.22670076726342708,2025-02,10412,Small Business,Central,Social Media,Unknown
1052,2025-04-10,North,Home & Kitchen,Air Fryer,1,56.32,0.1,50.688,33.14,17.548000000000002,0.3461963383838384,2025-04,10114,Consumer,East,Organic Search,Unknown
1053,2025-04-05,Central,Home & Kitchen,Mixer Grinder,2,109.27,0.1,196.686,111.99,84.69600000000001,0.4306152954455325,2025-04,10399,Small Business,West,Social Media,Unknown
1054,2025-03-22,North,Electronics,Smart Watch,1,129.75,0.1,116.775,84.34,32.435,0.2777563690858489,2025-03,10275,Consumer,West,Email,Unknown
1055,2025-02-16,East,Clothing,Sneakers,1,66.56,0.0,66.56,47.93,18.630000000000003,0.27989783653846156,2025-02,10124,Consumer,South,Organic Search,Unknown
1056,2025-03-18,North,Sports,Fitness Band,1,72.1,0.1,64.89,50.02,14.869999999999997,0.22915703498227766,2025-03,10086,Consumer,East,Email,Unknown
1057,2025-12-04,East,Electronics,Bluetooth Speaker,1,169.21,0.1,152.28900000000002,98.96,53.32900000000002,0.3501828759792238,2025-12,10047,Consumer,East,Referral,Unknown
1058,2025-05-27,East,Electronics,Power Bank,1,190.57,0.1,171.513,92.41,79.10300000000001,0.4612070222082291,2025-05,10201,Consumer,West,Organic Search,Unknown
1059,2025-03-18,North,Clothing,Sneakers,1,73.51,0.15,62.4835,36.79,25.6935,0.4112045580033129,2025-03,10276,Consumer,North,Organic Search,Unknown
1060,2025-12-05,West,Electronics,Smart Watch,1,115.54,0.05,109.763,58.48,51.28300000000001,0.46721572843307857,2025-12,10130,Corporate,North,Organic Search,Unknown
1061,2025-04-22,Central,Home & Kitchen,Storage Set,2,77.87,0.0,155.74,99.1,56.640000000000015,0.3636830615127778,2025-04,10448,Corporate,North,Social Media,Unknown
1062,2025-11-02,West,Electronics,Smart Watch,2,122.42,0.05,232.59799999999998,160.48,72.118,0.31005425670040154,2025-11,10389,Small Business,West,Referral,Unknown
1063,2025-07-28,East,Sports,Fitness Band,1,78.58,0.0,78.58,49.47,29.11,0.3704504963094935,2025-07,10263,Consumer,North,Social Media,Unknown
1064,2025-12-02,Central,Clothing,Jacket,1,56.8,0.2,45.44,28.18,17.259999999999998,0.3798415492957746,2025-12,10278,Corporate,West,Paid Ads,Unknown
1065,2025-08-11,East,Sports,Dumbbells,1,43.57,0.1,39.213,21.75,17.463,0.4453370055848826,2025-08,10046,Consumer,North,Social Media,Unknown
1066,2025-10-25,North,Home & Kitchen,Air Fryer,1,86.24,0.0,86.24,45.15,41.089999999999996,0.476461038961039,2025-10,10168,Consumer,North,Paid Ads,Unknown
1067,2025-12-11,Central,Electronics,Power Bank,1,113.05,0.0,113.05,80.78,32.269999999999996,0.2854489164086687,2025-12,10445,Consumer,South,Referral,Unknown
1068,2025-04-29,East,Clothing,Jeans,1,39.12,0.1,35.208,19.11,16.098,0.45722563053851395,2025-04,10046,Consumer,North,Social Media,Unknown
1069,2025-03-28,Central,Clothing,Casual Shirt,4,77.68,0.1,279.648,192.54,87.10800000000003,0.31149158942670796,2025-03,10087,Consumer,South,Social Media,Unknown
1070,2025-04-11,East,Beauty,Face Serum,1,41.59,0.0,41.59,21.91,19.680000000000003,0.4731906708343352,2025-04,10385,Small Business,West,Email,Unknown
1071,2025-09-14,East,Home & Kitchen,Mixer Grinder,1,32.08,0.15,27.267999999999997,14.35,12.917999999999997,0.4737421152999853,2025-09,10265,Consumer,North,Paid Ads,Unknown
1072,2025-08-15,West,Clothing,Jacket,3,52.75,0.1,142.425,108.65,33.775000000000006,0.23714235562576796,2025-08,10022,Small Business,South,Paid Ads,Unknown
1073,2025-08-22,Central,Sports,Dumbbells,1,54.2,0.1,48.78,31.12,17.66,0.36203362033620334,2025-08,10450,Small Business,East,Social Media,Unknown
1074,2025-02-13,East,Home & Kitchen,Air Fryer,1,61.93,0.1,55.737,41.37,14.367000000000004,0.25776414231121164,2025-02,10232,Consumer,North,Social Media,Unknown
1075,2025-02-28,West,Electronics,Wireless Headphones,1,106.92,0.05,101.574,62.39,39.184,0.38576801149900564,2025-02,10186,Small Business,North,Organic Search,Unknown
1076,2025-08-14,South,Clothing,Sneakers,2,91.67,0.05,174.173,106.62,67.553,0.3878500111957651,2025-08,10326,Consumer,South,Organic Search,Unknown
1077,2025-06-09,West,Clothing,Sneakers,2,52.51,0.05,99.76899999999999,54.35,45.41899999999999,0.455241608114745,2025-06,10183,Consumer,East,Paid Ads,Unknown
1078,2025-08-17,North,Home & Kitchen,LED Lamp,1,89.82,0.05,85.329,59.06,26.26899999999999,0.3078554770359431,2025-08,10397,Corporate,East,Paid Ads,Unknown
1079,2025-09-13,East,Home & Kitchen,Air Fryer,1,63.71,0.05,60.524499999999996,44.38,16.144499999999994,0.2667432196878949,2025-09,10481,Consumer,North,Email,Unknown
1080,2025-08-21,West,Beauty,Hair Dryer,1,38.86,0.0,38.86,23.27,15.59,0.40118373648996397,2025-08,10403,Consumer,East,Referral,Unknown
1081,2025-08-11,South,Home & Kitchen,Storage Set,1,37.15,0.1,33.435,25.06,8.375000000000004,0.2504860176461792,2025-08,10463,Consumer,Central,Referral,Unknown
1082,2025-05-26,West,Electronics,Power Bank,1,169.54,0.05,161.063,91.41,69.65299999999999,0.43245810645523797,2025-05,10417,Corporate,South,Social Media,Unknown
1083,2025-04-20,Central,Home & Kitchen,Storage Set,1,96.29,0.0,96.29,65.36,30.930000000000007,0.321217156506387,2025-04,10202,Consumer,East,Organic Search,Unknown
1084,2025-01-26,East,Clothing,Jacket,1,67.43,0.05,64.05850000000001,40.24,23.818500000000007,0.3718241919495462,2025-01,10065,Consumer,North,Organic Search,Unknown
1085,2025-08-29,North,Electronics,Power Bank,2,103.99,0.0,207.98,129.79,78.19,0.37594961053947495,2025-08,10017,Small Business,Central,Organic Search,Unknown
1086,2025-12-24,North,Electronics,Bluetooth Speaker,1,76.17,0.05,72.36149999999999,53.6,18.76149999999999,0.25927461426310944,2025-12,10183,Consumer,East,Paid Ads,Unknown
1087,2025-07-12,East,Home & Kitchen,Air Fryer,2,48.06,0.0,96.12,70.05,26.070000000000007,0.27122347066167296,2025-07,10391,Corporate,North,Organic Search,Unknown
1088,2025-08-23,East,Home & Kitchen,LED Lamp,2,88.82,0.05,168.75799999999998,109.35,59.40799999999999,0.35203071854371343,2025-08,10044,Consumer,North,Organic Search,Unknown
1089,2025-12-15,West,Clothing,Casual Shirt,1,76.05,0.05,72.24749999999999,46.45,25.797499999999985,0.35707117893352697,2025-12,10482,Consumer,Central,Email,Unknown
1090,2025-02-20,North,Electronics,Bluetooth Speaker,1,138.62,0.0,138.62,74.95,63.67,0.4593132304140817,2025-02,10263,Consumer,North,Social Media,Unknown
1091,2025-04-19,West,Electronics,Wireless Headphones,1,94.15,0.0,94.15,66.78,27.370000000000005,0.29070631970260224,2025-04,10174,Consumer,West,Email,Unknown
1092,2025-07-26,South,Home & Kitchen,Mixer Grinder,1,85.47,0.0,85.47,52.25,33.22,0.3886743886743887,2025-07,10441,Corporate,Central,Referral,Unknown
1093,2025-11-07,East,Clothing,Casual Shirt,1,39.55,0.1,35.595,25.26,10.334999999999997,0.2903497682258743,2025-11,10220,Consumer,North,Email,Unknown
1094,2025-02-07,East,Electronics,Power Bank,1,108.87,0.0,108.87,76.24,32.63000000000001,0.29971525672820803,2025-02,10394,Consumer,South,Organic Search,Unknown
1095,2025-08-09,West,Beauty,Perfume,1,36.88,0.0,36.88,27.61,9.270000000000003,0.25135574837310204,2025-08,10195,Consumer,Central,Referral,Unknown
1096,2025-06-07,Central,Sports,Fitness Band,1,69.81,0.0,69.81,41.29,28.520000000000003,0.40853745881678843,2025-06,10409,Small Business,East,Paid Ads,Unknown
1097,2025-09-20,Central,Home & Kitchen,Mixer Grinder,1,75.5,0.0,75.5,39.96,35.54,0.47072847682119207,2025-09,10471,Small Business,East,Paid Ads,Unknown
1098,2025-05-07,Central,Home & Kitchen,Air Fryer,2,72.23,0.1,130.014,91.58,38.43400000000001,0.2956143184580123,2025-05,10347,Small Business,Central,Email,Unknown
1099,2025-03-02,Central,Electronics,Bluetooth Speaker,1,114.07,0.0,114.07,84.2,29.86999999999999,0.26185675462435337,2025-03,10462,Consumer,North,Referral,Unknown
1100,2025-07-13,South,Electronics,Smart Watch,1,54.35,0.0,54.35,32.71,21.64,0.39816007359705613,2025-07,10061,Small Business,West,Email,Unknown
1101,2025-09-06,West,Clothing,Sneakers,1,69.77,0.0,69.77,53.02,16.749999999999993,0.24007453060054457,2025-09,10166,Consumer,Central,Social Media,Unknown
1102,2025-03-19,West,Beauty,Face Serum,1,52.63,0.1,47.367000000000004,25.33,22.037000000000006,0.4652395127409379,2025-03,10151,Consumer,South,Paid Ads,Unknown
1103,2025-05-18,West,Beauty,Perfume,1,52.33,0.05,49.713499999999996,33.83,15.883499999999998,0.31950073923582123,2025-05,10111,Consumer,West,Social Media,Unknown
1104,2025-12-27,West,Sports,Running Shoes,1,78.04,0.0,78.04,52.54,25.500000000000007,0.3267555099948745,2025-12,10488,Consumer,North,Email,Unknown
1105,2025-08-31,South,Beauty,Hair Dryer,2,41.55,0.1,74.78999999999999,45.76,29.029999999999994,0.3881534964567455,2025-08,10003,Consumer,West,Organic Search,Unknown
1106,2025-01-10,East,Beauty,Face Serum,2,22.67,0.0,45.34,26.78,18.560000000000002,0.4093515659461844,2025-01,10483,Consumer,North,Organic Search,Unknown
1107,2025-07-12,West,Sports,Yoga Mat,1,70.0,0.1,63.0,37.21,25.79,0.4093650793650794,2025-07,10013,Consumer,East,Social Media,Unknown
1108,2025-11-15,Central,Electronics,Wireless Headphones,1,104.96,0.1,94.464,71.51,22.953999999999994,0.2429920392953929,2025-11,10162,Consumer,Central,Organic Search,Unknown
1109,2025-06-29,West,Beauty,Skin Care Kit,1,38.71,0.05,36.774499999999996,25.16,11.614499999999996,0.3158302628179852,2025-06,10344,Consumer,East,Social Media,Unknown
1110,2025-09-20,North,Sports,Dumbbells,2,36.18,0.0,72.36,37.81,34.55,0.4774737423991155,2025-09,10449,Consumer,South,Social Media,Unknown
1111,2025-03-28,North,Beauty,Perfume,1,17.8,0.1,16.02,11.19,4.83,0.301498127340824,2025-03,10332,Corporate,West,Email,Unknown
1112,2025-07-04,East,Electronics,Smart Watch,1,69.63,0.05,66.1485,50.41,15.738500000000002,0.2379267859437478,2025-07,10264,Consumer,North,Referral,Unknown
1113,2025-11-22,South,Electronics,Wireless Headphones,1,115.75,0.05,109.96249999999999,69.07,40.8925,0.3718767761736956,2025-11,10083,Consumer,West,Paid Ads,Unknown
1114,2025-09-19,South,Electronics,Smart Watch,2,152.1,0.05,288.98999999999995,194.3,94.68999999999994,0.3276583964843073,2025-09,10334,Consumer,East,Social Media,Unknown
1115,2025-09-07,West,Clothing,Casual Shirt,2,78.1,0.0,156.2,91.28,64.91999999999999,0.41562099871959024,2025-09,10380,Consumer,South,Social Media,Unknown
1116,2025-11-09,South,Home & Kitchen,LED Lamp,3,67.72,0.15,172.68599999999998,133.01,39.67599999999999,0.2297580579780642,2025-11,10219,Small Business,East,Social Media,Unknown
1117,2025-10-05,West,Electronics,Smart Watch,2,54.75,0.2,87.60000000000001,60.66,26.940000000000012,0.30753424657534256,2025-10,10454,Consumer,North,Paid Ads,Unknown
1118,2025-04-22,South,Home & Kitchen,Storage Set,1,79.91,0.1,71.919,48.52,23.398999999999994,0.32535213225990345,2025-04,10089,Small Business,Central,Social Media,Unknown
1119,2025-08-06,North,Sports,Yoga Mat,1,41.5,0.0,41.5,22.95,18.55,0.44698795180722894,2025-08,10333,Corporate,West,Paid Ads,Unknown
1120,2025-07-16,West,Beauty,Skin Care Kit,1,50.34,0.05,47.823,31.84,15.983,0.33421157183781863,2025-07,10310,Consumer,West,Email,Unknown
1121,2025-05-05,South,Clothing,Casual Shirt,1,78.65,0.05,74.7175,55.86,18.8575,0.25238397965670695,2025-05,10420,Consumer,South,Email,Unknown
1122,2025-07-10,East,Home & Kitchen,Mixer Grinder,1,100.85,0.2,80.68,42.42,38.260000000000005,0.4742191373326723,2025-07,10354,Small Business,South,Email,Unknown
1123,2025-10-15,East,Sports,Dumbbells,1,78.93,0.0,78.93,59.42,19.510000000000005,0.24718104649689604,2025-10,10100,Small Business,East,Organic Search,Unknown
1124,2025-02-28,Central,Electronics,Smart Watch,2,81.4,0.0,162.8,113.35,49.45000000000002,0.3037469287469288,2025-02,10145,Consumer,South,Email,Unknown
1125,2025-11-14,East,Home & Kitchen,Air Fryer,1,27.89,0.05,26.4955,14.14,12.3555,0.4663244701930516,2025-11,10010,Consumer,East,Social Media,Unknown
1126,2025-11-07,West,Sports,Yoga Mat,2,58.48,0.1,105.264,68.05,37.214,0.35353017175862594,2025-11,10044,Consumer,North,Organic Search,Unknown
1127,2025-01-10,West,Sports,Yoga Mat,1,57.0,0.15,48.449999999999996,31.75,16.699999999999996,0.3446852425180598,2025-01,10386,Consumer,West,Social Media,Unknown
1128,2025-07-19,Central,Electronics,Smart Watch,1,99.99,0.0,99.99,61.82,38.169999999999995,0.3817381738173817,2025-07,10495,Small Business,East,Email,Unknown
1129,2025-08-05,South,Home & Kitchen,LED Lamp,1,111.57,0.05,105.99149999999999,81.21,24.781499999999994,0.2338064844822462,2025-08,10493,Consumer,South,Social Media,Unknown
1130,2025-09-09,West,Sports,Fitness Band,1,56.13,0.1,50.517,26.48,24.037000000000003,0.47582002098303544,2025-09,10169,Consumer,East,Email,Unknown
1131,2025-12-31,East,Home & Kitchen,LED Lamp,1,86.93,0.1,78.23700000000001,44.0,34.23700000000001,0.43760624768332124,2025-12,10336,Corporate,South,Paid Ads,Unknown
1132,2025-03-27,East,Home & Kitchen,Mixer Grinder,1,83.66,0.05,79.47699999999999,43.93,35.54699999999999,0.44726147187236553,2025-03,10513,Consumer,South,Organic Search,Unknown
1133,2025-11-05,East,Clothing,Sneakers,1,24.04,0.0,24.04,15.27,8.77,0.36480865224625625,2025-11,10130,Corporate,North,Organic Search,Unknown
1134,2025-04-24,South,Sports,Running Shoes,1,70.57,0.0,70.57,49.73,20.839999999999996,0.29530962165226016,2025-04,10514,Consumer,East,Organic Search,Unknown
1135,2025-08-10,South,Home & Kitchen,Mixer Grinder,1,111.28,0.0,111.28,69.17,42.11,0.37841480948957584,2025-08,10250,Small Business,East,Paid Ads,Unknown
1136,2025-05-15,North,Electronics,Power Bank,1,80.83,0.15,68.7055,40.23,28.475500000000004,0.414457357853447,2025-05,10138,Consumer,Central,Referral,Unknown
1137,2025-03-15,West,Home & Kitchen,Air Fryer,1,92.73,0.0,92.73,67.91,24.820000000000007,0.2676587943491859,2025-03,10275,Consumer,West,Email,Unknown
1138,2025-07-22,Central,Home & Kitchen,LED Lamp,2,64.41,0.0,128.82,94.3,34.519999999999996,0.2679708119857165,2025-07,10464,Consumer,Central,Organic Search,Unknown
1139,2025-05-15,East,Clothing,Casual Shirt,1,59.79,0.0,59.79,34.6,25.189999999999998,0.42130791102191,2025-05,10141,Small Business,South,Email,Unknown
1140,2025-10-25,Central,Home & Kitchen,Mixer Grinder,2,57.01,0.05,108.31899999999999,86.07,22.248999999999995,0.20540256095421855,2025-10,10256,Consumer,North,Organic Search,Unknown
1141,2025-05-20,South,Sports,Yoga Mat,3,56.83,0.0,170.49,122.85,47.640000000000015,0.27942987858525437,2025-05,10456,Consumer,Central,Social Media,Unknown
1142,2025-04-16,North,Clothing,Jacket,1,58.11,0.0,58.11,30.52,27.59,0.47478919290999827,2025-04,10434,Corporate,Central,Referral,Unknown
1143,2025-06-19,East,Clothing,Jeans,1,47.04,0.05,44.687999999999995,29.15,15.537999999999997,0.34769960615825274,2025-06,10173,Consumer,East,Social Media,Unknown
1144,2025-11-07,North,Electronics,Wireless Headphones,2,85.62,0.15,145.554,110.87,34.684,0.23828956950684968,2025-11,10473,Consumer,West,Organic Search,Unknown
1145,2025-12-02,West,Beauty,Perfume,1,46.24,0.1,41.616,23.92,17.695999999999998,0.4252210688196847,2025-12,10423,Consumer,East,Organic Search,Unknown
1146,2025-09-02,Central,Clothing,Jacket,1,23.7,0.1,21.33,14.53,6.799999999999999,0.3187998124706985,2025-09,10439,Small Business,Central,Referral,Unknown
1147,2025-04-17,West,Clothing,Casual Shirt,1,54.66,0.05,51.92699999999999,37.6,14.326999999999991,0.2759065611338994,2025-04,10057,Corporate,East,Paid Ads,Unknown
1148,2025-02-16,West,Electronics,Power Bank,1,143.76,0.2,115.008,82.32,32.688,0.28422370617696163,2025-02,10498,Consumer,Central,Email,Unknown
1149,2025-08-23,North,Sports,Running Shoes,1,67.89,0.0,67.89,40.9,26.990000000000002,0.3975548681690971,2025-08,10169,Consumer,East,Email,Unknown
1150,2025-03-21,Central,Clothing,Jeans,1,72.8,0.2,58.24,43.05,15.190000000000005,0.26081730769230776,2025-03,10428,Consumer,North,Organic Search,Unknown
1151,2025-07-04,South,Clothing,Jeans,1,44.07,0.05,41.866499999999995,29.28,12.586499999999994,0.30063415857547193,2025-07,10419,Consumer,East,Organic Search,Unknown
1152,2025-03-13,East,Clothing,Jeans,1,53.72,0.0,53.72,34.92,18.799999999999997,0.3499627699180938,2025-03,10347,Small Business,Central,Email,Unknown
1153,2025-12-30,East,Clothing,Casual Shirt,1,84.1,0.1,75.69,45.1,30.589999999999996,0.4041485004624124,2025-12,10517,Consumer,North,Paid Ads,Unknown
1154,2025-09-22,East,Sports,Yoga Mat,1,77.56,0.2,62.048,43.81,18.238,0.2939337287261475,2025-09,10455,Corporate,South,Referral,Unknown
1155,2025-08-19,Central,Clothing,Jacket,1,66.82,0.05,63.47899999999999,41.9,21.578999999999994,0.3399391924888545,2025-08,10202,Consumer,East,Organic Search,Unknown
1156,2025-07-06,North,Electronics,Bluetooth Speaker,1,119.94,0.0,119.94,62.42,57.519999999999996,0.47957311989327994,2025-07,10179,Consumer,East,Social Media,Unknown
1157,2025-09-13,East,Home & Kitchen,LED Lamp,1,55.58,0.0,55.58,40.11,15.469999999999999,0.2783375314861461,2025-09,10057,Corporate,East,Paid Ads,Unknown
1158,2025-01-26,East,Beauty,Skin Care Kit,1,38.41,0.05,36.48949999999999,24.96,11.529499999999992,0.3159676071198562,2025-01,10501,Consumer,East,Organic Search,Unknown
1159,2025-02-01,West,Beauty,Perfume,1,36.91,0.05,35.064499999999995,18.81,16.254499999999997,0.46356001083717147,2025-02,10112,Small Business,Central,Social Media,Unknown
1160,2025-07-26,East,Electronics,Bluetooth Speaker,1,108.61,0.1,97.749,67.84,29.908999999999992,0.30597755475759336,2025-07,10148,Consumer,Central,Organic Search,Unknown
1161,2025-06-25,North,Electronics,Wireless Headphones,1,138.9,0.0,138.9,107.8,31.10000000000001,0.2239020878329734,2025-06,10378,Small Business,North,Email,Unknown
1162,2025-05-21,North,Beauty,Skin Care Kit,2,22.76,0.1,40.968,29.09,11.878000000000004,0.28993360671743806,2025-05,10348,Consumer,East,Referral,Unknown
1163,2025-08-11,North,Sports,Dumbbells,1,73.49,0.0,73.49,56.6,16.889999999999993,0.22982718737243155,2025-08,10358,Consumer,East,Email,Unknown
1164,2025-06-04,East,Clothing,Jeans,4,53.14,0.0,212.56,134.67,77.89000000000001,0.36643771170493045,2025-06,10056,Consumer,Central,Organic Search,Unknown
1165,2025-10-30,Central,Electronics,Wireless Headphones,1,128.76,0.1,115.884,76.0,39.884,0.34417175796486144,2025-10,10316,Consumer,East,Referral,Unknown
1166,2025-12-13,West,Electronics,Wireless Headphones,1,136.15,0.05,129.3425,77.9,51.442499999999995,0.39772309952258533,2025-12,10185,Consumer,South,Paid Ads,Unknown
1167,2025-09-02,Central,Electronics,Power Bank,1,98.06,0.1,88.254,48.99,39.264,0.4448976816914814,2025-09,10054,Consumer,North,Paid Ads,Unknown
1168,2025-09-16,West,Beauty,Face Serum,3,33.84,0.2,81.21600000000001,53.97,27.24600000000001,0.3354757683215131,2025-09,10037,Corporate,East,Referral,Unknown
1169,2025-06-27,East,Clothing,Sneakers,1,66.93,0.0,66.93,38.03,28.900000000000006,0.4317944120723144,2025-06,10270,Consumer,East,Paid Ads,Unknown
1170,2025-10-04,South,Clothing,Jeans,1,57.76,0.0,57.76,36.25,21.509999999999998,0.3724030470914127,2025-10,10508,Corporate,South,Paid Ads,Unknown
1171,2025-01-26,South,Electronics,Bluetooth Speaker,2,45.42,0.0,90.84,57.31,33.53,0.3691105239982387,2025-01,10228,Corporate,South,Referral,Unknown
1172,2025-01-25,Central,Electronics,Wireless Headphones,1,72.97,0.05,69.3215,47.26,22.061500000000002,0.31824902807931166,2025-01,10428,Consumer,North,Organic Search,Unknown
1173,2025-03-25,South,Home & Kitchen,Storage Set,2,36.02,0.0,72.04,54.09,17.950000000000003,0.24916712937257082,2025-03,10001,Consumer,West,Referral,Unknown
1174,2025-08-20,West,Sports,Fitness Band,2,73.39,0.0,146.78,109.12,37.66,0.25657446518599264,2025-08,10023,Corporate,North,Email,Unknown
1175,2025-01-15,South,Clothing,Jacket,2,46.21,0.0,92.42,71.92,20.5,0.22181346028998053,2025-01,10503,Consumer,South,Organic Search,Unknown
1176,2025-06-30,North,Clothing,Sneakers,1,52.12,0.1,46.908,29.51,17.398,0.3708962223927688,2025-06,10448,Corporate,North,Social Media,Unknown
1177,2025-08-08,North,Sports,Dumbbells,1,64.56,0.0,64.56,36.96,27.6,0.4275092936802974,2025-08,10496,Consumer,East,Paid Ads,Unknown
1178,2025-07-17,East,Home & Kitchen,LED Lamp,1,61.43,0.0,61.43,47.9,13.530000000000001,0.22025069184437573,2025-07,10425,Consumer,West,Social Media,Unknown
1179,2025-09-13,North,Home & Kitchen,LED Lamp,1,77.94,0.1,70.146,52.62,17.526000000000003,0.24985031220597045,2025-09,10018,Consumer,South,Paid Ads,Unknown
1180,2025-06-24,East,Beauty,Skin Care Kit,2,38.04,0.1,68.472,44.74,23.731999999999992,0.34659422829769826,2025-06,10445,Consumer,South,Referral,Unknown
1181,2025-07-12,North,Beauty,Skin Care Kit,1,58.68,0.0,58.68,44.66,14.020000000000003,0.23892297205180646,2025-07,10039,Consumer,Central,Referral,Unknown
1182,2025-10-06,South,Home & Kitchen,Air Fryer,1,104.36,0.05,99.142,69.96,29.182000000000002,0.29434548425490714,2025-10,10210,Consumer,South,Referral,Unknown
1183,2025-02-16,Central,Sports,Yoga Mat,1,45.04,0.1,40.536,30.33,10.206000000000003,0.2517761989342807,2025-02,10211,Consumer,West,Organic Search,Unknown
1184,2025-05-20,South,Home & Kitchen,Mixer Grinder,1,98.41,0.0,98.41,75.49,22.92,0.2329031602479423,2025-05,10281,Consumer,West,Organic Search,Unknown
1185,2025-04-06,Central,Electronics,Bluetooth Speaker,1,127.87,0.1,115.08300000000001,84.8,30.283000000000015,0.26314051597542654,2025-04,10133,Consumer,South,Referral,Unknown
1186,2025-10-05,Central,Home & Kitchen,Mixer Grinder,1,80.89,0.1,72.801,50.62,22.181000000000004,0.3046798807708686,2025-10,10449,Consumer,South,Social Media,Unknown
1187,2025-04-21,South,Electronics,Power Bank,3,128.08,0.15,326.604,212.7,113.904,0.3487526178491384,2025-04,10264,Consumer,North,Referral,Unknown
1188,2025-04-08,Central,Beauty,Face Serum,1,54.99,0.05,52.2405,34.68,17.560499999999998,0.33614724208229246,2025-04,10111,Consumer,West,Social Media,Unknown
1189,2025-03-19,South,Sports,Yoga Mat,1,53.72,0.05,51.034,29.56,21.474,0.42077830465963867,2025-03,10238,Consumer,Central,Email,Unknown
1190,2025-09-23,Central,Home & Kitchen,Air Fryer,1,66.88,0.15,56.84799999999999,35.4,21.447999999999993,0.37728679988741903,2025-09,10457,Consumer,East,Paid Ads,Unknown
1191,2025-06-15,Central,Home & Kitchen,Storage Set,1,79.95,0.05,75.9525,50.53,25.4225,0.33471577630756066,2025-06,10516,Consumer,South,Email,Unknown
1192,2025-06-24,West,Electronics,Bluetooth Speaker,1,101.73,0.0,101.73,58.75,42.980000000000004,0.4224909073036469,2025-06,10173,Consumer,East,Social Media,Unknown
1193,2025-03-28,West,Clothing,Sneakers,1,41.7,0.1,37.53,24.72,12.810000000000002,0.34132693844924067,2025-03,10193,Small Business,North,Paid Ads,Unknown
1194,2025-01-28,East,Sports,Dumbbells,1,57.3,0.1,51.57,31.33,20.240000000000002,0.3924762458793873,2025-01,10515,Consumer,Central,Social Media,Unknown
1195,2025-05-10,East,Home & Kitchen,Mixer Grinder,1,92.08,0.0,92.08,66.81,25.269999999999996,0.27443527367506515,2025-05,10409,Small Business,East,Paid Ads,Unknown
1196,2025-11-28,East,Home & Kitchen,Mixer Grinder,1,133.99,0.2,107.19200000000001,72.17,35.022000000000006,0.3267221434435406,2025-11,10084,Corporate,Central,Referral,Unknown
1197,2025-04-01,East,Home & Kitchen,Air Fryer,2,54.9,0.0,109.8,71.5,38.3,0.348816029143898,2025-04,10080,Consumer,East,Organic Search,Unknown
1198,2025-08-15,South,Beauty,Hair Dryer,1,31.55,0.1,28.395,20.92,7.474999999999998,0.26325057228385274,2025-08,10209,Consumer,North,Organic Search,Unknown
1199,2025-10-14,West,Beauty,Skin Care Kit,1,47.87,0.05,45.476499999999994,27.35,18.126499999999993,0.3985904807977746,2025-10,10199,Corporate,South,Paid Ads,Unknown
1200,2025-06-01,South,Home & Kitchen,LED Lamp,2,87.86,0.1,158.148,109.61,48.538,0.30691504160659633,2025-06,10234,Corporate,North,Paid Ads,Unknown
1201,2025-03-19,West,Home & Kitchen,Air Fryer,1,81.05,0.2,64.84,38.47,26.370000000000005,0.4066933991363356,2025-03,10244,Consumer,South,Social Media,Unknown
1202,2025-01-23,South,Home & Kitchen,Storage Set,1,111.32,0.05,105.75399999999999,71.47,34.28399999999999,0.3241863191936002,2025-01,10393,Consumer,West,Referral,Unknown
1203,2025-02-23,South,Beauty,Perfume,1,26.06,0.0,26.06,14.73,11.329999999999998,0.43476592478894854,2025-02,10446,Consumer,North,Organic Search,Unknown
1204,2025-02-16,Central,Electronics,Smart Watch,1,135.11,0.0,135.11,87.54,47.57000000000001,0.35208348752868035,2025-02,10393,Consumer,West,Referral,Unknown
1205,2025-02-15,North,Beauty,Skin Care Kit,2,44.73,0.1,80.514,44.53,35.983999999999995,0.4469284844871699,2025-02,10009,Consumer,West,Organic Search,Unknown
1206,2025-07-11,Central,Electronics,Wireless Headphones,2,104.34,0.05,198.246,105.0,93.24600000000001,0.4703550134681154,2025-07,10153,Consumer,South,Referral,Unknown
1207,2025-01-26,Central,Home & Kitchen,Air Fryer,1,64.62,0.0,64.62,48.02,16.6,0.2568864128752708,2025-01,10110,Consumer,Central,Social Media,Unknown
1208,2025-11-05,East,Clothing,Sneakers,1,72.92,0.0,72.92,40.14,32.78,0.44953373560065824,2025-11,10266,Consumer,Central,Social Media,Unknown
1209,2025-04-30,South,Clothing,Casual Shirt,3,90.87,0.05,258.9795,156.45,102.52949999999998,0.39589813093314336,2025-04,10373,Corporate,North,Referral,Unknown
1210,2025-08-20,West,Clothing,Jeans,1,57.59,0.05,54.7105,39.31,15.400500000000001,0.2814907558878095,2025-08,10152,Consumer,Central,Email,Unknown
1211,2025-07-27,Central,Electronics,Smart Watch,1,110.36,0.1,99.324,52.69,46.634,0.46951391405903914,2025-07,10415,Consumer,South,Organic Search,Unknown
1212,2025-10-27,West,Clothing,Sneakers,2,72.72,0.0,145.44,100.38,45.06,0.30981848184818483,2025-10,10326,Consumer,South,Organic Search,Unknown
1213,2025-08-04,South,Clothing,Jacket,1,30.83,0.1,27.747,16.61,11.137,0.40137672541175623,2025-08,10176,Corporate,North,Social Media,Unknown
1214,2025-11-28,East,Home & Kitchen,LED Lamp,1,74.6,0.05,70.86999999999999,41.68,29.18999999999999,0.41188090870608146,2025-11,10315,Consumer,West,Social Media,Unknown
1215,2025-11-01,North,Electronics,Smart Watch,2,120.13,0.05,228.24699999999999,173.3,54.946999999999974,0.2407348179822735,2025-11,10067,Consumer,North,Referral,Unknown
1216,2025-04-10,South,Clothing,Jeans,1,45.89,0.0,45.89,24.85,21.04,0.4584876879494443,2025-04,10184,Consumer,South,Email,Unknown
1217,2025-07-02,North,Electronics,Smart Watch,1,100.56,0.15,85.476,54.9,30.576,0.3577144461603257,2025-07,10035,Consumer,West,Referral,Unknown
1218,2025-08-08,North,Clothing,Jacket,1,53.81,0.2,43.048,27.09,15.958000000000002,0.37070247165954284,2025-08,10505,Consumer,South,Referral,Unknown
1219,2025-11-15,East,Home & Kitchen,Storage Set,2,87.19,0.0,174.38,122.2,52.17999999999999,0.29923156325266653,2025-11,10076,Consumer,South,Paid Ads,Unknown
1220,2025-06-24,South,Home & Kitchen,Air Fryer,1,102.45,0.15,87.0825,48.31,38.772499999999994,0.44523871041828145,2025-06,10472,Consumer,East,Social Media,Unknown
1221,2025-11-30,North,Electronics,Bluetooth Speaker,1,133.53,0.15,113.5005,64.02,49.480500000000006,0.4359496213673068,2025-11,10283,Small Business,South,Email,Unknown
1222,2025-08-18,West,Sports,Yoga Mat,1,56.36,0.0,56.36,41.18,15.18,0.26933995741660754,2025-08,10274,Corporate,North,Referral,Unknown
1223,2025-08-19,West,Home & Kitchen,LED Lamp,1,97.23,0.2,77.784,50.43,27.354000000000006,0.351666152422092,2025-08,10054,Consumer,North,Paid Ads,Unknown
1224,2025-03-17,North,Electronics,Wireless Headphones,1,102.28,0.15,86.938,57.13,29.808,0.34286503025144355,2025-03,10055,Consumer,East,Email,Unknown
1225,2025-05-16,West,Electronics,Smart Watch,2,139.92,0.1,251.856,172.75,79.106,0.3140921796582174,2025-05,10277,Consumer,South,Organic Search,Unknown
1226,2025-05-14,South,Clothing,Jeans,1,76.85,0.0,76.85,40.52,36.32999999999999,0.4727391021470396,2025-05,10443,Consumer,West,Referral,Unknown
1227,2025-08-28,North,Electronics,Smart Watch,1,163.36,0.05,155.192,103.73,51.462,0.33160214444043506,2025-08,10418,Corporate,North,Organic Search,Unknown
1228,2025-09-07,North,Electronics,Wireless Headphones,1,121.85,0.05,115.7575,81.91,33.8475,0.29240006047124373,2025-09,10225,Consumer,West,Paid Ads,Unknown
1229,2025-11-02,West,Electronics,Power Bank,1,174.29,0.0,174.29,99.97,74.32,0.4264157438751506,2025-11,10255,Consumer,East,Organic Search,Unknown
1230,2025-08-16,West,Electronics,Wireless Headphones,1,101.09,0.05,96.0355,68.81,27.225499999999997,0.2834941245685189,2025-08,10176,Corporate,North,Social Media,Unknown
1231,2025-01-28,South,Electronics,Smart Watch,2,145.75,0.1,262.35,199.91,62.440000000000026,0.23800266819134752,2025-01,10146,Consumer,East,Organic Search,Unknown
1232,2025-06-15,Central,Clothing,Jacket,1,48.63,0.0,48.63,34.92,13.71,0.28192473781616284,2025-06,10385,Small Business,West,Email,Unknown
1233,2025-08-11,East,Sports,Running Shoes,1,70.98,0.15,60.333,35.52,24.812999999999995,0.41126746556610805,2025-08,10262,Small Business,South,Paid Ads,Unknown
1234,2025-05-17,East,Home & Kitchen,Mixer Grinder,3,103.68,0.1,279.93600000000004,204.06,75.87600000000003,0.27104766803840885,2025-05,10371,Small Business,Central,Organic Search,Unknown
1235,2025-04-10,West,Clothing,Jacket,1,49.08,0.05,46.626,30.97,15.655999999999999,0.33577832110839445,2025-04,10197,Corporate,East,Email,Unknown
1236,2025-07-27,South,Beauty,Skin Care Kit,1,37.7,0.0,37.7,27.05,10.650000000000002,0.2824933687002653,2025-07,10284,Consumer,South,Email,Unknown
1237,2025-06-28,Central,Clothing,Jacket,1,68.03,0.1,61.227000000000004,40.0,21.227000000000004,0.34669345223512504,2025-06,10302,Consumer,West,Organic Search,Unknown
1238,2025-09-30,Central,Clothing,Jacket,1,62.84,0.05,59.698,33.61,26.088,0.43699956447452176,2025-09,10132,Consumer,North,Organic Search,Unknown
1239,2025-01-17,North,Clothing,Jacket,2,82.25,0.05,156.275,106.87,49.405,0.31614141737322027,2025-01,10120,Consumer,South,Organic Search,Unknown
1240,2025-07-25,North,Home & Kitchen,Air Fryer,1,84.47,0.05,80.2465,47.71,32.5365,0.4054569358165153,2025-07,10136,Consumer,South,Paid Ads,Unknown
1241,2025-05-18,East,Electronics,Wireless Headphones,2,124.96,0.1,224.928,151.97,72.958,0.3243615734812918,2025-05,10034,Consumer,North,Referral,Unknown
1242,2025-02-26,South,Beauty,Perfume,1,37.49,0.0,37.49,24.54,12.950000000000003,0.3454254467858096,2025-02,10208,Consumer,Central,Referral,Unknown
1243,2025-04-16,Central,Clothing,Jeans,1,40.26,0.05,38.24699999999999,20.11,18.136999999999993,0.47420712735639386,2025-04,10299,Consumer,East,Paid Ads,Unknown
1244,2025-08-12,Central,Home & Kitchen,Mixer Grinder,2,61.68,0.1,111.024,63.84,47.184,0.4249891915261565,2025-08,10094,Small Business,West,Paid Ads,Unknown
1245,2025-01-26,South,Sports,Running Shoes,1,62.62,0.05,59.489,37.62,21.869,0.367614180772916,2025-01,10414,Small Business,West,Referral,Unknown
1246,2025-04-29,North,Sports,Fitness Band,1,103.35,0.0,103.35,62.21,41.13999999999999,0.3980648282535075,2025-04,10371,Small Business,Central,Organic Search,Unknown
1247,2025-07-11,West,Home & Kitchen,LED Lamp,1,65.38,0.15,55.57299999999999,41.22,14.352999999999994,0.258272902308675,2025-07,10409,Small Business,East,Paid Ads,Unknown
1248,2025-10-30,East,Beauty,Perfume,1,33.15,0.0,33.15,21.59,11.559999999999999,0.3487179487179487,2025-10,10383,Consumer,West,Organic Search,Unknown
1249,2025-10-17,West,Electronics,Smart Watch,1,87.11,0.1,78.399,57.81,20.589,0.2626181456396127,2025-10,10441,Corporate,Central,Referral,Unknown
1250,2025-08-15,North,Beauty,Skin Care Kit,2,40.41,0.1,72.738,51.93,20.808,0.28606780499876266,2025-08,10447,Consumer,South,Organic Search,Unknown
1251,2025-05-08,West,Home & Kitchen,Air Fryer,1,86.1,0.0,86.1,58.48,27.619999999999997,0.3207897793263647,2025-05,10071,Consumer,North,Paid Ads,Unknown
1252,2025-04-26,West,Electronics,Smart Watch,1,118.08,0.15,100.368,55.32,45.047999999999995,0.44882831181252986,2025-04,10084,Corporate,Central,Referral,Unknown
1253,2025-10-25,South,Sports,Fitness Band,2,86.59,0.1,155.86200000000002,94.19,61.672000000000025,0.3956833609218412,2025-10,10209,Consumer,North,Organic Search,Unknown
1254,2025-09-04,South,Sports,Yoga Mat,2,30.58,0.0,61.16,43.21,17.949999999999996,0.29349247874427725,2025-09,10259,Corporate,East,Organic Search,Unknown
1255,2025-05-16,West,Clothing,Sneakers,1,56.83,0.05,53.988499999999995,33.72,20.268499999999996,0.37542254368985983,2025-05,10239,Small Business,West,Email,Unknown
1256,2025-06-15,Central,Electronics,Wireless Headphones,1,105.2,0.1,94.68,71.27,23.41000000000001,0.24725390790029583,2025-06,10302,Consumer,West,Organic Search,Unknown
1257,2025-11-04,South,Clothing,Jacket,1,57.15,0.0,57.15,40.8,16.35,0.28608923884514437,2025-11,10232,Consumer,North,Social Media,Unknown
1258,2025-01-27,South,Beauty,Face Serum,2,40.73,0.05,77.38699999999999,56.21,21.176999999999985,0.27365061315207967,2025-01,10282,Consumer,West,Social Media,Unknown
1259,2025-04-05,North,Sports,Running Shoes,1,65.25,0.1,58.725,36.81,21.915,0.37318007662835245,2025-04,10394,Consumer,South,Organic Search,Unknown
1260,2025-02-11,West,Electronics,Smart Watch,1,138.94,0.05,131.993,85.7,46.29299999999999,0.3507231444091732,2025-02,10418,Corporate,North,Organic Search,Unknown
1261,2025-06-11,North,Home & Kitchen,Air Fryer,1,54.48,0.0,54.48,31.73,22.749999999999996,0.4175844346549192,2025-06,10206,Consumer,Central,Organic Search,Unknown
1262,2025-04-03,South,Electronics,Smart Watch,2,140.64,0.05,267.21599999999995,205.65,61.565999999999946,0.23039788036644496,2025-04,10264,Consumer,North,Referral,Unknown
1263,2025-03-03,East,Beauty,Skin Care Kit,1,35.55,0.05,33.772499999999994,17.83,15.942499999999995,0.4720556665926419,2025-03,10311,Small Business,Central,Organic Search,Unknown
1264,2025-05-16,Central,Clothing,Jacket,1,45.39,0.0,45.39,33.02,12.369999999999997,0.2725269883234192,2025-05,10079,Consumer,North,Social Media,Unknown
1265,2025-04-30,East,Electronics,Wireless Headphones,1,106.71,0.1,96.039,61.41,34.629000000000005,0.36057226751632154,2025-04,10342,Corporate,North,Email,Unknown
1266,2025-08-16,West,Electronics,Wireless Headphones,3,106.13,0.1,286.551,216.36,70.19099999999997,0.24495116052639837,2025-08,10095,Consumer,South,Email,Unknown
1267,2025-03-15,West,Beauty,Face Serum,2,42.74,0.2,68.384,47.62,20.764000000000003,0.30363827795975673,2025-03,10351,Consumer,West,Paid Ads,Unknown
1268,2025-03-08,East,Clothing,Jacket,1,48.58,0.05,46.150999999999996,25.94,20.210999999999995,0.4379320058070247,2025-03,10062,Small Business,West,Social Media,Unknown
1269,2025-12-05,Central,Home & Kitchen,Mixer Grinder,2,72.72,0.0,145.44,95.93,49.50999999999999,0.34041529152915284,2025-12,10142,Small Business,South,Referral,Unknown
1270,2025-07-01,East,Clothing,Jeans,1,53.97,0.05,51.271499999999996,30.21,21.061499999999995,0.4107837687604224,2025-07,10111,Consumer,West,Social Media,Unknown
1271,2025-03-25,West,Sports,Fitness Band,1,35.29,0.0,35.29,19.25,16.04,0.4545196939642958,2025-03,10157,Small Business,North,Referral,Unknown
1272,2025-12-18,West,Electronics,Bluetooth Speaker,1,108.39,0.05,102.9705,54.05,48.920500000000004,0.4750923808275186,2025-12,10009,Consumer,West,Organic Search,Unknown
1273,2025-05-26,West,Electronics,Power Bank,1,156.62,0.1,140.958,91.35,49.608000000000004,0.35193461882262805,2025-05,10276,Consumer,North,Organic Search,Unknown
1274,2025-05-04,West,Electronics,Wireless Headphones,1,156.04,0.0,156.04,82.86,73.17999999999999,0.4689823122276339,2025-05,10227,Consumer,East,Organic Search,Unknown
1275,2025-08-03,Central,Electronics,Smart Watch,1,97.79,0.1,88.01100000000001,48.73,39.28100000000001,0.44631921009873776,2025-08,10186,Small Business,North,Organic Search,Unknown
1276,2025-07-30,East,Clothing,Sneakers,1,47.07,0.0,47.07,33.84,13.229999999999997,0.2810707456978967,2025-07,10216,Corporate,South,Social Media,Unknown
1277,2025-11-30,Central,Clothing,Casual Shirt,1,39.48,0.05,37.50599999999999,25.98,11.525999999999993,0.3073108302671571,2025-11,10433,Small Business,Central,Social Media,Unknown
1278,2025-11-22,Central,Beauty,Perfume,1,27.49,0.05,26.115499999999997,13.74,12.375499999999997,0.4738756677069173,2025-11,10356,Consumer,East,Email,Unknown
1279,2025-08-16,South,Clothing,Casual Shirt,1,65.82,0.1,59.23799999999999,37.03,22.20799999999999,0.374894493399507,2025-08,10392,Small Business,South,Email,Unknown
1280,2025-03-10,Central,Clothing,Jeans,1,77.64,0.05,73.758,46.89,26.867999999999995,0.3642723501179533,2025-03,10275,Consumer,West,Email,Unknown
1281,2025-03-13,Central,Electronics,Bluetooth Speaker,2,110.88,0.05,210.67199999999997,155.92,54.75199999999998,0.2598921546289967,2025-03,10494,Consumer,West,Organic Search,Unknown
1282,2025-04-17,West,Electronics,Power Bank,1,104.41,0.1,93.969,52.89,41.07899999999999,0.43715480637231424,2025-04,10451,Consumer,East,Email,Unknown
1283,2025-11-15,North,Electronics,Smart Watch,1,150.04,0.1,135.036,87.53,47.506,0.351802482301016,2025-11,10420,Consumer,South,Email,Unknown
1284,2025-11-18,Central,Sports,Yoga Mat,1,67.21,0.0,67.21,50.41,16.799999999999997,0.2499628031542925,2025-11,10164,Corporate,West,Organic Search,Unknown
1285,2025-05-08,North,Home & Kitchen,Storage Set,1,77.955,0.15,66.26174999999999,30.14,36.12174999999999,0.5451372775394552,2025-05,10183,Consumer,East,Paid Ads,Unknown
1286,2025-04-20,East,Home & Kitchen,Air Fryer,1,46.16,0.2,36.928,22.19,14.737999999999996,0.39910095320623906,2025-04,10310,Consumer,West,Email,Unknown
1287,2025-05-09,North,Clothing,Casual Shirt,2,19.24,0.0,38.48,26.05,12.429999999999996,0.32302494802494797,2025-05,10017,Small Business,Central,Organic Search,Unknown
1288,2025-02-24,North,Clothing,Jacket,1,46.49,0.05,44.1655,25.59,18.5755,0.4205884683746363,2025-02,10446,Consumer,North,Organic Search,Unknown
1289,2025-07-30,North,Home & Kitchen,Air Fryer,2,72.92,0.15,123.964,86.59,37.373999999999995,0.30149075538059433,2025-07,10170,Consumer,East,Email,Unknown
1290,2025-03-07,Central,Home & Kitchen,LED Lamp,1,87.04,0.0,87.04,63.43,23.610000000000007,0.27125459558823534,2025-03,10280,Consumer,South,Referral,Unknown
1291,2025-10-09,West,Beauty,Perfume,1,50.68,0.0,50.68,36.6,14.079999999999998,0.2778216258879242,2025-10,10340,Consumer,Central,Referral,Unknown
1292,2025-04-25,East,Clothing,Jeans,2,60.37,0.0,120.74,63.71,57.029999999999994,0.47233725360278284,2025-04,10519,Consumer,North,Organic Search,Unknown
1293,2025-05-18,South,Sports,Dumbbells,1,84.15,0.15,71.5275,42.14,29.387500000000003,0.4108559644891825,2025-05,10011,Consumer,West,Paid Ads,Unknown
1294,2025-09-05,North,Clothing,Casual Shirt,1,56.5,0.1,50.85,27.69,23.16,0.45545722713864306,2025-09,10133,Consumer,South,Referral,Unknown
1295,2025-07-10,North,Beauty,Hair Dryer,1,35.2,0.1,31.680000000000003,18.9,12.780000000000005,0.403409090909091,2025-07,10148,Consumer,Central,Organic Search,Unknown
1296,2025-11-05,West,Home & Kitchen,Air Fryer,1,79.77,0.0,79.77,52.57,27.199999999999996,0.34098031841544435,2025-11,10079,Consumer,North,Social Media,Unknown
1297,2025-09-15,Central,Electronics,Wireless Headphones,1,114.77,0.15,97.55449999999999,66.99,30.564499999999995,0.31330692074686456,2025-09,10346,Consumer,North,Email,Unknown
1298,2025-01-25,Central,Electronics,Power Bank,1,108.16,0.05,102.752,64.16,38.592,0.3755839302398007,2025-01,10249,Consumer,East,Paid Ads,Unknown
1299,2025-02-26,North,Sports,Yoga Mat,2,87.52,0.1,157.536,89.66,67.876,0.43086024781637217,2025-02,10024,Consumer,West,Email,Unknown
1300,2025-09-09,South,Home & Kitchen,Air Fryer,1,74.3,0.05,70.585,49.48,21.104999999999997,0.29900120422186016,2025-09,10471,Small Business,East,Paid Ads,Unknown
1301,2025-06-30,West,Clothing,Jacket,1,45.67,0.2,36.536,25.8,10.736,0.2938471644405518,2025-06,10201,Consumer,West,Organic Search,Unknown
1302,2025-09-10,West,Beauty,Perfume,1,39.64,0.0,39.64,22.56,17.080000000000002,0.43087790110998997,2025-09,10131,Consumer,East,Organic Search,Unknown
1303,2025-05-12,West,Clothing,Sneakers,2,35.96,0.1,64.72800000000001,33.99,30.738000000000007,0.474879495736003,2025-05,10356,Consumer,East,Email,Unknown
1304,2025-08-25,Central,Home & Kitchen,Air Fryer,3,108.55,0.15,276.80249999999995,209.37,67.43249999999995,0.2436123228655809,2025-08,10150,Small Business,South,Organic Search,Unknown
1305,2025-03-06,North,Clothing,Jeans,1,68.14,0.1,61.326,38.21,23.116,0.37693637282718584,2025-03,10304,Small Business,South,Social Media,Unknown
1306,2025-10-31,East,Home & Kitchen,Mixer Grinder,1,42.49,0.0,42.49,28.88,13.610000000000003,0.3203106613320782,2025-10,10050,Consumer,Central,Organic Search,Unknown
1307,2025-01-06,West,Electronics,Bluetooth Speaker,1,120.76,0.0,120.76,73.74,47.02000000000001,0.38936734017886726,2025-01,10464,Consumer,Central,Organic Search,Unknown
1308,2025-04-28,Central,Clothing,Casual Shirt,1,19.93,0.0,19.93,10.75,9.18,0.4606121424987456,2025-04,10240,Small Business,Central,Email,Unknown
1309,2025-01-07,South,Clothing,Sneakers,1,66.6,0.05,63.26999999999999,40.53,22.739999999999988,0.3594120436225698,2025-01,10482,Consumer,Central,Email,Unknown
1310,2025-09-12,South,Electronics,Bluetooth Speaker,1,123.35,0.05,117.18249999999999,77.15,40.032499999999985,0.34162524267702077,2025-09,10455,Corporate,South,Referral,Unknown
1311,2025-04-26,South,Clothing,Casual Shirt,1,65.88,0.0,65.88,37.98,27.9,0.42349726775956287,2025-04,10283,Small Business,South,Email,Unknown
1312,2025-12-14,Central,Home & Kitchen,Storage Set,2,51.42,0.1,92.55600000000001,49.93,42.62600000000001,0.46054280651713564,2025-12,10335,Consumer,North,Paid Ads,Unknown
1313,2025-06-06,East,Sports,Fitness Band,1,89.27,0.2,71.416,40.03,31.385999999999996,0.4394813487173742,2025-06,10352,Consumer,North,Organic Search,Unknown
1314,2025-10-31,East,Electronics,Wireless Headphones,1,92.17,0.1,82.953,59.84,23.113,0.27862765662483574,2025-10,10327,Consumer,East,Email,Unknown
1315,2025-08-03,South,Electronics,Power Bank,1,105.5,0.0,105.5,57.8,47.7,0.45213270142180095,2025-08,10336,Corporate,South,Paid Ads,Unknown
1316,2025-10-13,South,Home & Kitchen,LED Lamp,1,32.51,0.1,29.259,17.79,11.469000000000001,0.39198195427048094,2025-10,10081,Consumer,Central,Referral,Unknown
1317,2025-01-08,North,Electronics,Wireless Headphones,1,184.81,0.05,175.5695,129.31,46.2595,0.26348255249345703,2025-01,10087,Consumer,South,Social Media,Unknown
1318,2025-12-22,North,Clothing,Casual Shirt,1,55.72,0.1,50.148,26.22,23.928000000000004,0.47714764297678874,2025-12,10258,Consumer,East,Email,Unknown
1319,2025-12-28,South,Beauty,Hair Dryer,2,35.4,0.1,63.72,38.97,24.75,0.3884180790960452,2025-12,10185,Consumer,South,Paid Ads,Unknown
1320,2025-05-14,East,Electronics,Smart Watch,1,103.82,0.0,103.82,61.39,42.42999999999999,0.40868811404353683,2025-05,10123,Corporate,West,Social Media,Unknown
1321,2025-02-09,Central,Electronics,Wireless Headphones,1,96.08,0.05,91.276,58.26,33.016,0.3617161137648451,2025-02,10096,Consumer,West,Social Media,Unknown
1322,2025-08-03,South,Clothing,Jacket,1,53.0,0.1,47.7,33.58,14.120000000000005,0.29601677148846967,2025-08,10515,Consumer,Central,Social Media,Unknown
1323,2025-10-17,Central,Electronics,Smart Watch,1,111.35,0.1,100.215,56.57,43.645,0.4355136456618271,2025-10,10443,Consumer,West,Referral,Unknown
1324,2025-01-08,North,Home & Kitchen,Storage Set,2,78.78,0.05,149.682,85.83,63.85199999999999,0.42658435884074236,2025-01,10514,Consumer,East,Organic Search,Unknown
1325,2025-02-08,West,Home & Kitchen,Air Fryer,2,89.44,0.05,169.93599999999998,107.62,62.315999999999974,0.36670275868562274,2025-02,10371,Small Business,Central,Organic Search,Unknown
1326,2025-06-12,East,Home & Kitchen,Storage Set,1,98.09,0.15,83.37650000000001,51.75,31.626500000000007,0.3793215114570653,2025-06,10305,Consumer,East,Organic Search,Unknown
1327,2025-03-08,Central,Clothing,Jeans,1,62.32,0.0,62.32,47.21,15.11,0.24245827984595633,2025-03,10357,Consumer,East,Referral,Unknown
1328,2025-12-10,North,Sports,Yoga Mat,1,80.77,0.1,72.693,52.76,19.933,0.274207970506101,2025-12,10148,Consumer,Central,Organic Search,Unknown
1329,2025-09-20,Central,Clothing,Jeans,1,78.18,0.1,70.36200000000001,46.3,24.062000000000012,0.341974361160854,2025-09,10285,Consumer,South,Email,Unknown
1330,2025-04-27,South,Electronics,Bluetooth Speaker,1,83.71,0.2,66.968,43.16,23.808000000000007,0.3555130808744476,2025-04,10262,Small Business,South,Paid Ads,Unknown
1331,2025-08-21,North,Home & Kitchen,Air Fryer,1,104.68,0.05,99.446,58.31,41.135999999999996,0.4136516300303682,2025-08,10491,Corporate,West,Paid Ads,Unknown
1332,2025-12-05,Central,Beauty,Face Serum,1,45.51,0.05,43.2345,26.89,16.344499999999996,0.378042998068672,2025-12,10031,Corporate,East,Email,Unknown
1333,2025-03-12,West,Clothing,Sneakers,1,77.11,0.15,65.5435,35.25,30.293499999999995,0.4621892331047319,2025-03,10268,Consumer,North,Email,Unknown
1334,2025-01-13,East,Home & Kitchen,Storage Set,1,39.04,0.0,39.04,29.58,9.46,0.24231557377049184,2025-01,10012,Small Business,East,Referral,Unknown
1335,2025-11-30,Central,Home & Kitchen,Mixer Grinder,1,67.52,0.1,60.768,36.64,24.128,0.3970510795155345,2025-11,10191,Corporate,Central,Paid Ads,Unknown
1336,2025-12-26,North,Electronics,Bluetooth Speaker,1,109.21,0.1,98.289,64.71,33.57900000000001,0.341635381375332,2025-12,10400,Consumer,South,Email,Unknown
1337,2025-08-26,South,Electronics,Power Bank,1,100.75,0.0,100.75,52.46,48.29,0.4793052109181141,2025-08,10091,Consumer,Central,Social Media,Unknown
1338,2025-04-14,South,Home & Kitchen,Mixer Grinder,1,105.02,0.15,89.267,52.4,36.867,0.4129969641636887,2025-04,10501,Consumer,East,Organic Search,Unknown
1339,2025-08-25,Central,Home & Kitchen,Air Fryer,1,73.47,0.1,66.123,48.02,18.103,0.2737776567911317,2025-08,10301,Consumer,South,Paid Ads,Unknown
1340,2025-03-29,North,Clothing,Jacket,1,57.46,0.0,57.46,44.31,13.149999999999999,0.2288548555516881,2025-03,10111,Consumer,West,Social Media,Unknown
1341,2025-10-02,South,Clothing,Jacket,1,61.31,0.05,58.2445,42.14,16.1045,0.2764982101314287,2025-10,10080,Consumer,East,Organic Search,Unknown
1342,2025-03-13,West,Beauty,Skin Care Kit,1,33.31,0.0,33.31,22.85,10.46,0.3140198138697088,2025-03,10433,Small Business,Central,Social Media,Unknown
1343,2025-07-24,North,Home & Kitchen,Storage Set,1,99.98,0.1,89.982,53.97,36.012,0.40021337600853507,2025-07,10417,Corporate,South,Social Media,Unknown
1344,2025-07-15,West,Sports,Yoga Mat,1,44.74,0.0,44.74,32.33,12.410000000000004,0.27738042020563264,2025-07,10214,Corporate,West,Paid Ads,Unknown
1345,2025-05-20,North,Electronics,Smart Watch,4,131.18,0.15,446.012,248.96,197.052,0.44180874057200253,2025-05,10447,Consumer,South,Organic Search,Unknown
1346,2025-12-21,South,Beauty,Skin Care Kit,1,25.07,0.1,22.563000000000002,16.19,6.373000000000001,0.2824535744360236,2025-12,10018,Consumer,South,Paid Ads,Unknown
1347,2025-04-13,West,Beauty,Hair Dryer,1,55.26,0.05,52.49699999999999,34.64,17.856999999999992,0.3401527706345123,2025-04,10054,Consumer,North,Paid Ads,Unknown
1348,2025-04-19,North,Home & Kitchen,Storage Set,1,71.84,0.15,61.064,32.41,28.654000000000003,0.4692453818944059,2025-04,10240,Small Business,Central,Email,Unknown
1349,2025-12-06,Central,Clothing,Jacket,1,50.74,0.0,50.74,27.42,23.32,0.45959795033504136,2025-12,10418,Corporate,North,Organic Search,Unknown
1350,2025-01-01,West,Clothing,Jacket,1,56.34,0.05,53.523,35.81,17.713,0.33094183808829847,2025-01,10486,Consumer,North,Email,Unknown
1351,2025-08-05,West,Clothing,Sneakers,1,66.6,0.2,53.28,34.17,19.11,0.35867117117117114,2025-08,10444,Small Business,West,Social Media,Unknown
1352,2025-02-12,North,Home & Kitchen,Storage Set,1,63.92,0.1,57.528000000000006,44.67,12.858000000000004,0.22350855235711312,2025-02,10123,Corporate,West,Social Media,Unknown
1353,2025-06-02,East,Electronics,Smart Watch,1,111.98,0.15,95.183,68.42,26.763000000000005,0.2811741592511268,2025-06,10420,Consumer,South,Email,Unknown
1354,2025-09-03,East,Clothing,Jeans,1,47.59,0.1,42.831,30.64,12.191000000000003,0.2846302911442647,2025-09,10216,Corporate,South,Social Media,Unknown
1355,2025-04-13,West,Sports,Dumbbells,1,93.01,0.1,83.709,52.44,31.269000000000005,0.3735440633623625,2025-04,10420,Consumer,South,Email,Unknown
1356,2025-03-27,East,Electronics,Smart Watch,2,126.98,0.0,253.96,142.31,111.65,0.4396361631753032,2025-03,10228,Corporate,South,Referral,Unknown
1357,2025-05-08,East,Beauty,Hair Dryer,1,32.87,0.05,31.226499999999994,23.12,8.106499999999993,0.2596032216226601,2025-05,10237,Consumer,Central,Referral,Unknown
1358,2025-03-12,Central,Electronics,Power Bank,1,131.7,0.2,105.36,56.31,49.05,0.46554669703872437,2025-03,10330,Small Business,North,Organic Search,Unknown
1359,2025-09-19,West,Electronics,Power Bank,1,109.31,0.05,103.8445,69.1,34.7445,0.3345819951947383,2025-09,10469,Consumer,North,Referral,Unknown
1360,2025-11-29,Central,Sports,Dumbbells,1,44.92,0.05,42.674,24.38,18.294,0.42869194357219853,2025-11,10487,Consumer,West,Organic Search,Unknown
1361,2025-08-03,North,Electronics,Power Bank,1,141.03,0.0,141.03,82.93,58.099999999999994,0.41196908459193077,2025-08,10415,Consumer,South,Organic Search,Unknown
1362,2025-02-03,Central,Home & Kitchen,Storage Set,1,117.3,0.05,111.43499999999999,70.2,41.234999999999985,0.37003634405707353,2025-02,10219,Small Business,East,Social Media,Unknown
1363,2025-03-02,West,Electronics,Bluetooth Speaker,1,123.95,0.0,123.95,73.99,49.96000000000001,0.4030657523194837,2025-03,10381,Corporate,East,Paid Ads,Unknown
1364,2025-03-18,South,Electronics,Smart Watch,2,125.09,0.1,225.162,163.57,61.59200000000001,0.27354526962809006,2025-03,10087,Consumer,South,Social Media,Unknown
1365,2025-09-07,North,Clothing,Jeans,2,39.35,0.05,74.765,56.71,18.055,0.24149000200628637,2025-09,10461,Corporate,East,Organic Search,Unknown
1366,2025-06-15,East,Electronics,Power Bank,1,107.66,0.05,102.27699999999999,53.67,48.606999999999985,0.47524858961447825,2025-06,10411,Consumer,Central,Referral,Unknown
1367,2025-06-09,Central,Home & Kitchen,Mixer Grinder,2,73.82,0.0,147.64,93.43,54.20999999999998,0.36717691682470865,2025-06,10447,Consumer,South,Organic Search,Unknown
1368,2025-01-16,West,Beauty,Perfume,1,35.95,0.1,32.355000000000004,18.8,13.555000000000003,0.4189460670684593,2025-01,10300,Consumer,North,Email,Unknown
1369,2025-08-06,North,Clothing,Casual Shirt,2,51.62,0.0,103.24,61.83,41.41,0.4011042231693142,2025-08,10408,Consumer,Central,Referral,Unknown
1370,2025-10-15,West,Clothing,Sneakers,2,50.07,0.1,90.126,51.53,38.596000000000004,0.42824490158222933,2025-10,10375,Consumer,Central,Paid Ads,Unknown
1371,2025-04-21,South,Electronics,Power Bank,1,79.48,0.05,75.506,47.91,27.596000000000004,0.36548088893597863,2025-04,10233,Small Business,South,Paid Ads,Unknown
1372,2025-07-21,Central,Clothing,Jeans,1,41.36,0.0,41.36,25.27,16.09,0.3890232108317215,2025-07,10049,Small Business,Central,Organic Search,Unknown
1373,2025-01-28,West,Beauty,Face Serum,1,57.1,0.05,54.245,35.96,18.284999999999997,0.33708175868743656,2025-01,10186,Small Business,North,Organic Search,Unknown
1374,2025-03-16,South,Beauty,Hair Dryer,1,61.31,0.1,55.179,30.64,24.539,0.4447162869932402,2025-03,10205,Consumer,South,Email,Unknown
1375,2025-10-14,East,Sports,Running Shoes,2,76.9,0.05,146.11,90.78,55.33000000000001,0.37868729039764565,2025-10,10078,Consumer,West,Organic Search,Unknown
1376,2025-06-25,East,Home & Kitchen,LED Lamp,1,90.68,0.05,86.146,66.15,19.995999999999995,0.23211756784992912,2025-06,10481,Consumer,North,Email,Unknown
1377,2025-01-29,West,Home & Kitchen,Mixer Grinder,1,67.44,0.05,64.068,49.11,14.957999999999998,0.23347068739464316,2025-01,10386,Consumer,West,Social Media,Unknown
1378,2025-12-26,West,Beauty,Hair Dryer,2,37.37,0.15,63.528999999999996,39.6,23.928999999999995,0.37666262651702365,2025-12,10194,Consumer,North,Social Media,Unknown
1379,2025-02-13,West,Electronics,Power Bank,1,157.38,0.0,157.38,108.18,49.19999999999999,0.3126191383911551,2025-02,10103,Corporate,West,Referral,Unknown
1380,2025-09-24,East,Beauty,Skin Care Kit,1,39.2,0.05,37.24,24.11,13.130000000000003,0.352577873254565,2025-09,10376,Small Business,Central,Organic Search,Unknown
1381,2025-01-08,West,Home & Kitchen,LED Lamp,1,73.85,0.0,73.85,38.95,34.89999999999999,0.47257955314827343,2025-01,10287,Small Business,Central,Referral,Unknown
1382,2025-07-23,East,Electronics,Smart Watch,1,104.64,0.1,94.176,55.81,38.366,0.407386170574244,2025-07,10482,Consumer,Central,Email,Unknown
1383,2025-04-07,West,Electronics,Power Bank,1,130.05,0.0,130.05,97.84,32.21000000000001,0.24767397154940413,2025-04,10250,Small Business,East,Paid Ads,Unknown
1384,2025-06-23,South,Clothing,Jacket,1,66.43,0.2,53.144000000000005,27.79,25.354000000000006,0.4770811380400422,2025-06,10201,Consumer,West,Organic Search,Unknown
1385,2025-06-01,West,Clothing,Sneakers,1,52.31,0.15,44.4635,27.86,16.603500000000004,0.37341864675520375,2025-06,10461,Corporate,East,Organic Search,Unknown
1386,2025-12-11,South,Home & Kitchen,Air Fryer,1,110.47,0.1,99.423,75.34,24.083,0.24222765356104722,2025-12,10300,Consumer,North,Email,Unknown
1387,2025-01-20,South,Electronics,Wireless Headphones,1,105.73,0.0,105.73,79.1,26.63000000000001,0.2518679655726852,2025-01,10478,Consumer,North,Referral,Unknown
1388,2025-01-14,West,Sports,Dumbbells,2,98.18,0.1,176.72400000000002,121.1,55.624000000000024,0.31475068468346135,2025-01,10083,Consumer,West,Paid Ads,Unknown
1389,2025-12-02,North,Sports,Dumbbells,1,85.02,0.0,85.02,64.3,20.72,0.24370736297341802,2025-12,10458,Consumer,Central,Email,Unknown
1390,2025-03-22,South,Home & Kitchen,LED Lamp,1,121.86,0.0,121.86,82.77,39.09,0.32077794190054165,2025-03,10298,Consumer,South,Social Media,Unknown
1391,2025-06-29,North,Electronics,Smart Watch,1,101.21,0.05,96.14949999999999,71.17,24.979499999999987,0.25979854289413873,2025-06,10364,Consumer,Central,Organic Search,Unknown
1392,2025-04-26,South,Home & Kitchen,Storage Set,1,69.69,0.0,69.69,39.29,30.4,0.43621753479695796,2025-04,10040,Consumer,East,Referral,Unknown
1393,2025-03-08,South,Home & Kitchen,Storage Set,1,57.87,0.0,57.87,37.79,20.08,0.3469846207015725,2025-03,10340,Consumer,Central,Referral,Unknown
1394,2025-05-01,South,Electronics,Wireless Headphones,1,144.29,0.0,144.29,75.94,68.35,0.4736988010257121,2025-05,10516,Consumer,South,Email,Unknown
1395,2025-07-03,South,Electronics,Smart Watch,1,156.28,0.0,156.28,116.26,40.019999999999996,0.25607883286409006,2025-07,10108,Consumer,North,Email,Unknown
1396,2025-07-03,North,Beauty,Hair Dryer,1,55.42,0.05,52.649,30.13,22.519000000000002,0.42771942487036796,2025-07,10316,Consumer,East,Referral,Unknown
1397,2025-05-16,Central,Home & Kitchen,Air Fryer,1,99.45,0.05,94.47749999999999,49.91,44.567499999999995,0.47172607234526737,2025-05,10114,Consumer,East,Organic Search,Unknown
1398,2025-04-30,North,Home & Kitchen,Air Fryer,1,123.18,0.15,104.703,78.62,26.083,0.249114161007803,2025-04,10167,Small Business,West,Paid Ads,Unknown
1399,2025-09-09,East,Beauty,Face Serum,2,31.02,0.0,62.04,45.09,16.949999999999996,0.2732108317214699,2025-09,10261,Small Business,South,Social Media,Unknown
1400,2025-03-24,East,Sports,Yoga Mat,1,47.76,0.1,42.984,31.6,11.384,0.2648427321794156,2025-03,10224,Consumer,South,Paid Ads,Unknown
1401,2025-08-31,North,Electronics,Wireless Headphones,1,119.14,0.05,113.18299999999999,74.12,39.06299999999999,0.3451313359780178,2025-08,10262,Small Business,South,Paid Ads,Unknown
1402,2025-03-16,South,Clothing,Jeans,1,21.71,0.15,18.453500000000002,12.19,6.263500000000002,0.33942070609911407,2025-03,10251,Corporate,South,Referral,Unknown
1403,2025-02-16,West,Clothing,Sneakers,1,62.11,0.0,62.11,34.68,27.43,0.44163580743841574,2025-02,10126,Consumer,North,Organic Search,Unknown
1404,2025-08-16,South,Electronics,Wireless Headphones,1,110.1,0.1,99.09,59.29,39.800000000000004,0.40165506105560606,2025-08,10206,Consumer,Central,Organic Search,Unknown
1405,2025-04-14,West,Sports,Fitness Band,1,43.6,0.1,39.24,26.51,12.73,0.3244138634046891,2025-04,10140,Consumer,East,Referral,Unknown
1406,2025-08-19,Central,Beauty,Perfume,1,48.63,0.0,48.63,35.26,13.370000000000005,0.27493316882582775,2025-08,10062,Small Business,West,Social Media,Unknown
1407,2025-06-06,Central,Clothing,Sneakers,2,65.33,0.15,111.06099999999999,85.95,25.11099999999999,0.22610097153816364,2025-06,10283,Small Business,South,Email,Unknown
1408,2025-12-23,Central,Home & Kitchen,Air Fryer,1,86.84,0.0,86.84,51.55,35.290000000000006,0.4063795485951175,2025-12,10054,Consumer,North,Paid Ads,Unknown
1409,2025-10-03,West,Electronics,Smart Watch,1,188.16,0.1,169.344,106.36,62.983999999999995,0.3719293272864701,2025-10,10346,Consumer,North,Email,Unknown
1410,2025-10-28,West,Home & Kitchen,LED Lamp,2,72.87,0.05,138.453,100.78,37.673,0.2720995572504749,2025-10,10136,Consumer,South,Paid Ads,Unknown
1411,2025-06-08,North,Beauty,Hair Dryer,1,40.53,0.0,40.53,28.73,11.8,0.2911423636812238,2025-06,10330,Small Business,North,Organic Search,Unknown
1412,2025-03-26,North,Electronics,Wireless Headphones,1,60.2,0.1,54.18000000000001,41.29,12.890000000000008,0.2379106681432264,2025-03,10144,Small Business,North,Organic Search,Unknown
1413,2025-12-22,Central,Sports,Fitness Band,1,65.76,0.15,55.896,30.29,25.606,0.4581007585515958,2025-12,10436,Consumer,South,Organic Search,Unknown
1414,2025-08-24,Central,Clothing,Casual Shirt,1,95.6,0.15,81.25999999999999,44.12,37.13999999999999,0.457051439822791,2025-08,10282,Consumer,West,Social Media,Unknown
1415,2025-12-27,East,Home & Kitchen,Mixer Grinder,1,89.61,0.1,80.649,57.02,23.628999999999998,0.2929856538828751,2025-12,10136,Consumer,South,Paid Ads,Unknown
1416,2025-12-14,South,Electronics,Bluetooth Speaker,1,160.44,0.1,144.39600000000002,88.62,55.77600000000001,0.3862710878417685,2025-12,10489,Consumer,South,Organic Search,Unknown
1417,2025-11-06,East,Sports,Dumbbells,2,61.86,0.0,123.72,84.25,39.47,0.31902683478823146,2025-11,10401,Consumer,North,Email,Unknown
1418,2025-04-09,West,Clothing,Sneakers,1,40.57,0.1,36.513,23.58,12.933,0.3542026127680552,2025-04,10449,Consumer,South,Social Media,Unknown
1419,2025-03-19,North,Clothing,Jacket,1,51.88,0.2,41.504000000000005,24.37,17.134000000000004,0.41282767925983044,2025-03,10270,Consumer,East,Paid Ads,Unknown
1420,2025-03-23,North,Sports,Fitness Band,1,68.18,0.1,61.36200000000001,38.57,22.79200000000001,0.37143509012092185,2025-03,10017,Small Business,Central,Organic Search,Unknown
1421,2025-09-12,North,Sports,Fitness Band,1,70.12,0.05,66.614,38.51,28.104000000000006,0.4218932957036059,2025-09,10269,Consumer,Central,Social Media,Unknown
1422,2025-12-24,South,Electronics,Smart Watch,2,181.57,0.0,363.14,228.72,134.42,0.37016026876686675,2025-12,10482,Consumer,Central,Email,Unknown
1423,2025-05-21,South,Sports,Running Shoes,1,64.07,0.15,54.45949999999999,38.4,16.059499999999993,0.29488886236561107,2025-05,10219,Small Business,East,Social Media,Unknown
1424,2025-03-25,South,Electronics,Power Bank,2,66.87,0.0,133.74,84.05,49.69000000000001,0.3715417975175715,2025-03,10319,Corporate,West,Referral,Unknown
1425,2025-03-09,North,Clothing,Jeans,1,49.93,0.0,49.93,32.35,17.58,0.352092930102143,2025-03,10238,Consumer,Central,Email,Unknown
1426,2025-11-21,South,Clothing,Sneakers,2,61.94,0.05,117.68599999999999,70.91,46.775999999999996,0.39746443927060143,2025-11,10285,Consumer,South,Email,Unknown
1427,2025-04-02,North,Beauty,Hair Dryer,1,34.73,0.1,31.256999999999998,21.18,10.076999999999998,0.3223917842403301,2025-04,10037,Corporate,East,Referral,Unknown
1428,2025-01-14,South,Clothing,Sneakers,1,72.27,0.2,57.816,37.49,20.326,0.3515635810156358,2025-01,10103,Corporate,West,Referral,Unknown
1429,2025-05-06,Central,Clothing,Jeans,2,42.79,0.0,85.58,44.93,40.65,0.4749941575134377,2025-05,10430,Consumer,West,Referral,Unknown
1430,2025-05-29,West,Sports,Fitness Band,1,99.81,0.0,99.81,64.8,35.010000000000005,0.35076645626690717,2025-05,10239,Small Business,West,Email,Unknown
1431,2025-02-07,West,Electronics,Smart Watch,1,72.01,0.1,64.80900000000001,38.53,26.27900000000001,0.4054838062614761,2025-02,10125,Consumer,South,Paid Ads,Unknown
1432,2025-01-23,West,Clothing,Sneakers,1,26.3,0.2,21.040000000000003,11.78,9.260000000000003,0.44011406844106477,2025-01,10188,Corporate,Central,Referral,Unknown
1433,2025-11-20,West,Clothing,Jeans,1,57.87,0.2,46.296,24.95,21.346,0.4610765508899257,2025-11,10256,Consumer,North,Organic Search,Unknown
1434,2025-12-25,East,Beauty,Hair Dryer,1,52.09,0.0,52.09,35.79,16.300000000000004,0.31291994624688046,2025-12,10392,Small Business,South,Email,Unknown
1435,2025-09-17,Central,Clothing,Jeans,1,40.06,0.1,36.054,26.68,9.374000000000002,0.25999889055305936,2025-09,10468,Consumer,West,Referral,Unknown
1436,2025-06-11,East,Home & Kitchen,Storage Set,1,50.75,0.1,45.675000000000004,29.36,16.315000000000005,0.35719759168035037,2025-06,10253,Consumer,North,Paid Ads,Unknown
1437,2025-04-30,North,Clothing,Sneakers,1,31.81,0.0,31.81,18.73,13.079999999999998,0.4111914492298019,2025-04,10176,Corporate,North,Social Media,Unknown
1438,2025-12-11,South,Electronics,Smart Watch,1,159.95,0.2,127.96,94.32,33.64,0.26289465457955613,2025-12,10466,Corporate,Central,Referral,Unknown
1439,2025-05-22,Central,Beauty,Hair Dryer,1,42.82,0.0,42.82,26.99,15.830000000000002,0.36968706212050445,2025-05,10289,Corporate,West,Email,Unknown
1440,2025-08-20,North,Sports,Dumbbells,1,45.04,0.1,40.536,31.01,9.526,0.2350009867771857,2025-08,10050,Consumer,Central,Organic Search,Unknown
1441,2025-11-03,East,Electronics,Bluetooth Speaker,1,157.69,0.1,141.921,78.68,63.240999999999985,0.44560706308439196,2025-11,10004,Small Business,South,Social Media,Unknown
1442,2025-05-27,North,Sports,Running Shoes,1,69.17,0.05,65.7115,40.24,25.4715,0.3876262145895315,2025-05,10500,Consumer,West,Organic Search,Unknown
1443,2025-07-23,South,Clothing,Casual Shirt,1,57.93,0.0,57.93,42.71,15.219999999999999,0.2627308820990851,2025-07,10223,Small Business,South,Organic Search,Unknown
1444,2025-12-23,East,Clothing,Jeans,1,43.5,0.0,43.5,25.28,18.22,0.41885057471264364,2025-12,10262,Small Business,South,Paid Ads,Unknown
1445,2025-11-20,East,Clothing,Sneakers,1,51.16,0.1,46.044,33.39,12.653999999999996,0.27482408131352615,2025-11,10376,Small Business,Central,Organic Search,Unknown
1446,2025-08-21,Central,Electronics,Wireless Headphones,1,175.32,0.1,157.788,99.76,58.028000000000006,0.36775927193449437,2025-08,10061,Small Business,West,Email,Unknown
1447,2025-08-13,North,Clothing,Jacket,1,47.93,0.1,43.137,31.18,11.957,0.27718663792104226,2025-08,10356,Consumer,East,Email,Unknown
1448,2025-10-23,East,Home & Kitchen,Air Fryer,1,89.51,0.1,80.55900000000001,56.68,23.879000000000012,0.2964162911654813,2025-10,10024,Consumer,West,Email,Unknown
1449,2025-01-30,Central,Sports,Dumbbells,1,68.92,0.05,65.474,46.2,19.274,0.2943763936829887,2025-01,10293,Consumer,Central,Organic Search,Unknown
1450,2025-04-22,West,Electronics,Power Bank,2,126.49,0.2,202.38400000000001,108.09,94.29400000000001,0.4659162779666377,2025-04,10356,Consumer,East,Email,Unknown
1451,2025-09-01,North,Home & Kitchen,Air Fryer,1,59.78,0.0,59.78,40.61,19.17,0.32067581130812983,2025-09,10029,Corporate,East,Paid Ads,Unknown
1452,2025-09-03,East,Beauty,Face Serum,1,70.22,0.1,63.198,43.1,20.098,0.31801639292382666,2025-09,10357,Consumer,East,Referral,Unknown
1453,2025-01-27,South,Electronics,Bluetooth Speaker,1,83.94,0.1,75.546,40.72,34.82600000000001,0.4609906547004475,2025-01,10365,Consumer,Central,Organic Search,Unknown
1454,2025-07-05,Central,Electronics,Bluetooth Speaker,3,116.9,0.0,350.70000000000005,269.74,80.96000000000004,0.23085258055317942,2025-07,10409,Small Business,East,Paid Ads,Unknown
1455,2025-05-22,East,Sports,Fitness Band,2,78.58,0.05,149.302,102.09,47.21199999999999,0.31621813505512314,2025-05,10266,Consumer,Central,Social Media,Unknown
1456,2025-08-08,West,Home & Kitchen,LED Lamp,1,77.43,0.0,77.43,49.31,28.120000000000005,0.36316673124112103,2025-08,10291,Consumer,South,Organic Search,Unknown
1457,2025-10-20,South,Electronics,Power Bank,1,148.16,0.0,148.16,103.16,45.0,0.3037257019438445,2025-10,10153,Consumer,South,Referral,Unknown
1458,2025-09-19,West,Electronics,Wireless Headphones,2,111.35,0.1,200.43,111.49,88.94000000000001,0.4437459462156364,2025-09,10219,Small Business,East,Social Media,Unknown
1459,2025-12-22,South,Clothing,Sneakers,1,49.13,0.0,49.13,27.9,21.230000000000004,0.43211886830856916,2025-12,10173,Consumer,East,Social Media,Unknown
1460,2025-11-29,South,Electronics,Power Bank,1,119.88,0.0,119.88,82.95,36.92999999999999,0.308058058058058,2025-11,10012,Small Business,East,Referral,Unknown
1461,2025-04-11,Central,Home & Kitchen,Mixer Grinder,1,103.93,0.15,88.3405,51.83,36.51050000000001,0.41329288378490053,2025-04,10516,Consumer,South,Email,Unknown
1462,2025-01-18,North,Home & Kitchen,LED Lamp,1,52.12,0.0,52.12,39.45,12.669999999999995,0.2430928626247121,2025-01,10362,Consumer,East,Email,Unknown
1463,2025-12-08,West,Home & Kitchen,Mixer Grinder,1,98.14,0.2,78.512,54.17,24.342,0.3100417770531893,2025-12,10477,Small Business,North,Paid Ads,Unknown
1464,2025-09-15,West,Clothing,Jeans,1,58.55,0.05,55.622499999999995,33.32,22.302499999999995,0.4009618409816171,2025-09,10082,Corporate,West,Social Media,Unknown
1465,2025-01-01,North,Sports,Yoga Mat,2,82.31,0.0,164.62,103.56,61.06,0.3709148341635281,2025-01,10340,Consumer,Central,Referral,Unknown
1466,2025-12-11,South,Sports,Fitness Band,1,79.21,0.1,71.289,45.79,25.499000000000002,0.357684916326502,2025-12,10441,Corporate,Central,Referral,Unknown
1467,2025-06-29,West,Sports,Dumbbells,2,70.99,0.05,134.88099999999997,83.55,51.330999999999975,0.3805650907095883,2025-06,10226,Consumer,North,Referral,Unknown
1468,2025-01-10,North,Home & Kitchen,Mixer Grinder,1,87.0,0.1,78.3,57.66,20.64,0.2636015325670498,2025-01,10371,Small Business,Central,Organic Search,Unknown
1469,2025-03-27,North,Sports,Running Shoes,1,98.67,0.0,98.67,53.1,45.57,0.4618425053207662,2025-03,10028,Small Business,East,Referral,Unknown
1470,2025-04-02,East,Electronics,Wireless Headphones,1,88.28,0.0,88.28,63.09,25.189999999999998,0.2853420933393747,2025-04,10016,Consumer,West,Organic Search,Unknown
1471,2025-12-08,North,Clothing,Jacket,1,51.86,0.2,41.488,24.24,17.248,0.41573467026610106,2025-12,10277,Consumer,South,Organic Search,Unknown
1472,2025-08-04,West,Home & Kitchen,Mixer Grinder,1,39.22,0.0,39.22,29.03,10.189999999999998,0.25981642019377865,2025-08,10333,Corporate,West,Paid Ads,Unknown
1473,2025-08-12,West,Beauty,Hair Dryer,1,47.22,0.15,40.137,21.62,18.517,0.4613448937389441,2025-08,10483,Consumer,North,Organic Search,Unknown
1474,2025-09-14,North,Beauty,Hair Dryer,1,33.61,0.0,33.61,21.35,12.259999999999998,0.36477238916988985,2025-09,10288,Consumer,North,Referral,Unknown
1475,2025-12-13,North,Sports,Fitness Band,1,55.98,0.1,50.382,27.43,22.951999999999998,0.4555595252272637,2025-12,10114,Consumer,East,Organic Search,Unknown
1476,2025-10-08,West,Sports,Running Shoes,2,82.28,0.0,164.56,100.68,63.879999999999995,0.3881866796305299,2025-10,10038,Consumer,West,Organic Search,Unknown
1477,2025-05-03,South,Clothing,Sneakers,1,38.04,0.05,36.138,27.14,8.997999999999998,0.24898998284354415,2025-05,10454,Consumer,North,Paid Ads,Unknown
1478,2025-05-17,Central,Electronics,Bluetooth Speaker,1,144.6,0.0,144.6,99.03,45.56999999999999,0.3151452282157676,2025-05,10166,Consumer,Central,Social Media,Unknown
1479,2025-01-17,Central,Clothing,Sneakers,1,36.38,0.1,32.742000000000004,21.17,11.572000000000003,0.35342984545843265,2025-01,10205,Consumer,South,Email,Unknown
1480,2025-08-09,East,Home & Kitchen,Storage Set,2,67.32,0.0,134.64,88.45,46.18999999999998,0.34306298276886504,2025-08,10245,Consumer,South,Social Media,Unknown
1481,2025-09-01,Central,Electronics,Power Bank,2,109.19,0.05,207.46099999999998,140.58,66.88099999999997,0.3223786639416564,2025-09,10333,Corporate,West,Paid Ads,Unknown
1482,2025-02-22,Central,Home & Kitchen,Air Fryer,1,79.27,0.0,79.27,56.69,22.58,0.28484924940078216,2025-02,10396,Small Business,North,Referral,Unknown
1483,2025-11-22,South,Clothing,Jacket,2,41.94,0.1,75.492,41.56,33.932,0.4494780903936841,2025-11,10507,Consumer,East,Email,Unknown
1484,2025-07-23,East,Electronics,Power Bank,1,90.52,0.1,81.468,51.55,29.918000000000006,0.36723621544655577,2025-07,10121,Consumer,South,Social Media,Unknown
1485,2025-03-05,Central,Electronics,Smart Watch,1,104.68,0.05,99.446,64.48,34.965999999999994,0.35160790780926326,2025-03,10259,Corporate,East,Organic Search,Unknown
1486,2025-03-14,West,Sports,Dumbbells,1,72.57,0.1,65.313,44.7,20.613,0.31560332552478065,2025-03,10410,Consumer,South,Organic Search,Unknown
1487,2025-09-02,South,Sports,Running Shoes,1,53.46,0.1,48.114000000000004,26.65,21.464000000000006,0.44610716215654495,2025-09,10310,Consumer,West,Email,Unknown
1488,2025-03-11,East,Home & Kitchen,Mixer Grinder,1,105.29,0.0,105.29,73.89,31.400000000000006,0.2982239528920126,2025-03,10068,Consumer,Central,Referral,Unknown
1489,2025-10-08,East,Sports,Dumbbells,1,71.71,0.1,64.539,38.95,25.589,0.3964889446691148,2025-10,10114,Consumer,East,Organic Search,Unknown
1490,2025-08-25,Central,Electronics,Wireless Headphones,1,57.4,0.05,54.529999999999994,40.97,13.559999999999995,0.24867045662937826,2025-08,10220,Consumer,North,Email,Unknown
1491,2025-06-03,North,Electronics,Power Bank,1,111.27,0.0,111.27,81.49,29.78,0.2676372786914712,2025-06,10220,Consumer,North,Email,Unknown
1492,2025-05-07,Central,Electronics,Bluetooth Speaker,1,85.32,0.0,85.32,65.87,19.44999999999999,0.22796530707923102,2025-05,10473,Consumer,West,Organic Search,Unknown
1493,2025-08-01,West,Electronics,Wireless Headphones,1,137.71,0.05,130.8245,98.3,32.5245,0.2486116897064388,2025-08,10386,Consumer,West,Social Media,Unknown
1494,2025-08-10,West,Electronics,Power Bank,1,120.25,0.15,102.21249999999999,60.9,41.31249999999999,0.40418246300599237,2025-08,10298,Consumer,South,Social Media,Unknown
1495,2025-07-11,Central,Electronics,Bluetooth Speaker,2,40.89,0.1,73.602,53.46,20.142000000000003,0.2736610418195158,2025-07,10253,Consumer,North,Paid Ads,Unknown
1496,2025-10-05,South,Clothing,Casual Shirt,2,55.28,0.05,105.032,69.82,35.212,0.33525020945997414,2025-10,10405,Consumer,South,Email,Unknown
1497,2025-03-19,South,Home & Kitchen,LED Lamp,1,60.57,0.2,48.456,25.69,22.766000000000002,0.46982829783721314,2025-03,10492,Small Business,North,Referral,Unknown
1498,2025-03-10,Central,Electronics,Power Bank,4,120.46,0.2,385.472,275.04,110.43199999999996,0.2864851402955337,2025-03,10357,Consumer,East,Referral,Unknown
1499,2025-06-21,East,Electronics,Wireless Headphones,1,96.49,0.05,91.6655,61.97,29.695499999999996,0.3239550321549547,2025-06,10428,Consumer,North,Organic Search,Unknown
1500,2025-06-07,South,Electronics,Power Bank,1,112.96,0.1,101.664,59.65,42.014,0.41326329870947437,2025-06,10215,Consumer,East,Organic Search,Unknown
1501,2025-03-12,North,Beauty,Hair Dryer,1,18.81,0.05,17.8695,9.91,7.9594999999999985,0.4454237667534066,2025-03,10380,Consumer,South,Social Media,Unknown
1502,2025-09-17,Central,Beauty,Skin Care Kit,1,43.37,0.1,39.033,26.95,12.083000000000002,0.3095585786385879,2025-09,10214,Corporate,West,Paid Ads,Unknown
1503,2025-10-08,South,Electronics,Bluetooth Speaker,1,104.58,0.0,104.58,72.09,32.489999999999995,0.3106712564543889,2025-10,10098,Consumer,South,Referral,Unknown
1504,2025-05-22,South,Clothing,Jacket,1,63.96,0.05,60.762,41.22,19.542,0.32161548336131135,2025-05,10328,Consumer,North,Paid Ads,Unknown
1505,2025-04-07,East,Clothing,Jeans,1,15.32,0.0,15.32,11.64,3.6799999999999997,0.24020887728459528,2025-04,10165,Consumer,East,Email,Unknown
1506,2025-05-08,Central,Sports,Yoga Mat,1,54.6,0.0,54.6,36.69,17.910000000000004,0.3280219780219781,2025-05,10116,Consumer,North,Email,Unknown
1507,2025-01-09,East,Electronics,Wireless Headphones,1,117.92,0.0,117.92,68.76,49.16,0.4168928086838534,2025-01,10150,Small Business,South,Organic Search,Unknown
1508,2025-05-02,East,Sports,Dumbbells,1,85.94,0.1,77.346,41.39,35.956,0.4648721330126962,2025-05,10518,Consumer,East,Paid Ads,Unknown
1509,2025-05-09,East,Sports,Fitness Band,1,40.64,0.0,40.64,31.13,9.510000000000002,0.23400590551181105,2025-05,10032,Small Business,West,Referral,Unknown
1510,2025-08-31,Central,Electronics,Smart Watch,1,126.74,0.15,107.729,64.84,42.888999999999996,0.39811935504831564,2025-08,10293,Consumer,Central,Organic Search,Unknown
1511,2025-01-28,South,Home & Kitchen,Storage Set,2,54.74,0.15,93.058,50.63,42.428000000000004,0.4559307098798599,2025-01,10177,Small Business,North,Paid Ads,Unknown
1512,2025-04-06,South,Electronics,Wireless Headphones,2,105.94,0.0,211.88,147.0,64.88,0.30621106286577304,2025-04,10061,Small Business,West,Email,Unknown
1513,2025-10-04,West,Home & Kitchen,Mixer Grinder,2,105.85,0.0,211.7,151.85,59.849999999999994,0.28271138403401036,2025-10,10416,Consumer,East,Social Media,Unknown
1514,2025-07-05,North,Home & Kitchen,Mixer Grinder,1,56.83,0.15,48.305499999999995,26.76,21.545499999999993,0.44602581486580195,2025-07,10383,Consumer,West,Organic Search,Unknown
1515,2025-08-12,East,Electronics,Smart Watch,1,155.42,0.05,147.64899999999997,110.19,37.458999999999975,0.25370303896402946,2025-08,10007,Consumer,East,Organic Search,Unknown
1516,2025-12-03,South,Clothing,Sneakers,2,60.33,0.05,114.627,86.95,27.676999999999992,0.24145271183926992,2025-12,10085,Consumer,South,Organic Search,Unknown
1517,2025-06-02,East,Clothing,Sneakers,1,57.29,0.15,48.6965,33.88,14.816499999999998,0.3042621132935631,2025-06,10398,Consumer,North,Paid Ads,Unknown
1518,2025-05-29,West,Clothing,Casual Shirt,2,62.25,0.05,118.27499999999999,75.85,42.425,0.3586979496935109,2025-05,10393,Consumer,West,Referral,Unknown
1519,2025-09-09,East,Electronics,Power Bank,1,122.36,0.0,122.36,92.48,29.879999999999995,0.24419745014710686,2025-09,10047,Consumer,East,Referral,Unknown
1520,2025-05-15,East,Home & Kitchen,Mixer Grinder,2,83.51,0.05,158.669,86.36,72.30900000000001,0.4557222897982593,2025-05,10341,Consumer,East,Referral,Unknown
1521,2025-12-08,West,Home & Kitchen,Air Fryer,1,115.66,0.1,104.094,79.71,24.384,0.23424981266931813,2025-12,10498,Consumer,Central,Email,Unknown
1522,2025-07-08,North,Sports,Dumbbells,3,54.3,0.15,138.46499999999997,81.33,57.13499999999998,0.4126313508828945,2025-07,10478,Consumer,North,Referral,Unknown
1523,2025-06-22,Central,Home & Kitchen,Air Fryer,1,114.84,0.0,114.84,82.63,32.21000000000001,0.2804771856495995,2025-06,10426,Consumer,North,Organic Search,Unknown
1524,2025-06-13,North,Clothing,Casual Shirt,2,54.15,0.2,86.64,52.86,33.78,0.3898891966759003,2025-06,10426,Consumer,North,Organic Search,Unknown
1525,2025-09-28,Central,Sports,Yoga Mat,1,59.67,0.0,59.67,42.21,17.46,0.29260935143288086,2025-09,10515,Consumer,Central,Social Media,Unknown
1526,2025-08-07,North,Clothing,Jeans,1,47.88,0.0,47.88,31.24,16.640000000000004,0.34753550543024236,2025-08,10129,Corporate,Central,Referral,Unknown
1527,2025-12-05,North,Electronics,Power Bank,3,117.88,0.1,318.276,166.6,151.67600000000002,0.47655493973783764,2025-12,10249,Consumer,East,Paid Ads,Unknown
1528,2025-06-23,North,Beauty,Face Serum,2,45.81,0.2,73.296,44.4,28.896000000000008,0.39423706614276366,2025-06,10131,Consumer,East,Organic Search,Unknown
1529,2025-12-27,West,Home & Kitchen,Mixer Grinder,1,82.94,0.05,78.79299999999999,54.22,24.572999999999993,0.31186780551571835,2025-12,10323,Consumer,North,Referral,Unknown
1530,2025-04-20,Central,Electronics,Smart Watch,1,149.73,0.05,142.24349999999998,109.39,32.85349999999998,0.23096661710376915,2025-04,10066,Consumer,West,Organic Search,Unknown
1531,2025-11-26,South,Beauty,Skin Care Kit,4,42.75,0.0,171.0,107.14,63.86,0.3734502923976608,2025-11,10101,Consumer,South,Organic Search,Unknown
1532,2025-05-20,North,Clothing,Jacket,1,53.82,0.15,45.747,35.13,10.616999999999997,0.2320807921830939,2025-05,10031,Corporate,East,Email,Unknown
1533,2025-07-23,East,Electronics,Power Bank,2,174.72,0.05,331.96799999999996,237.02,94.94799999999995,0.286015519568151,2025-07,10191,Corporate,Central,Paid Ads,Unknown
1534,2025-03-17,South,Clothing,Sneakers,1,57.85,0.1,52.065000000000005,38.39,13.675000000000004,0.26265245366368967,2025-03,10415,Consumer,South,Organic Search,Unknown
1535,2025-05-28,Central,Clothing,Casual Shirt,2,39.8,0.05,75.61999999999999,47.74,27.87999999999999,0.36868553292779677,2025-05,10500,Consumer,West,Organic Search,Unknown
1536,2025-11-22,West,Home & Kitchen,Storage Set,1,53.39,0.05,50.7205,36.74,13.9805,0.2756380556185369,2025-11,10046,Consumer,North,Social Media,Unknown
1537,2025-10-14,North,Electronics,Power Bank,1,85.49,0.0,85.49,44.77,40.71999999999999,0.47631301906655743,2025-10,10089,Small Business,Central,Social Media,Unknown
1538,2025-07-26,Central,Electronics,Power Bank,1,131.75,0.05,125.1625,72.88,52.2825,0.41771696794167584,2025-07,10375,Consumer,Central,Paid Ads,Unknown
1539,2025-04-12,North,Sports,Yoga Mat,1,80.91,0.0,80.91,52.56,28.349999999999994,0.35038932146829804,2025-04,10246,Consumer,East,Email,Unknown
1540,2025-07-02,West,Electronics,Power Bank,1,125.8,0.05,119.50999999999999,81.49,38.019999999999996,0.31813237385992804,2025-07,10257,Small Business,South,Social Media,Unknown
1541,2025-11-30,East,Clothing,Jeans,1,33.1,0.0,33.1,18.72,14.380000000000003,0.4344410876132931,2025-11,10352,Consumer,North,Organic Search,Unknown
1542,2025-07-30,South,Electronics,Power Bank,2,92.26,0.05,175.294,121.75,53.54400000000001,0.3054525539950027,2025-07,10105,Consumer,South,Organic Search,Unknown
1543,2025-07-17,West,Home & Kitchen,Air Fryer,1,69.84,0.0,69.84,47.62,22.220000000000006,0.3181557846506301,2025-07,10337,Consumer,East,Organic Search,Unknown
1544,2025-09-18,North,Beauty,Face Serum,1,51.45,0.15,43.7325,25.32,18.4125,0.42102555307837425,2025-09,10301,Consumer,South,Paid Ads,Unknown
1545,2025-11-06,Central,Beauty,Hair Dryer,1,22.03,0.0,22.03,16.68,5.350000000000001,0.24285065819337273,2025-11,10077,Consumer,South,Social Media,Unknown
1546,2025-04-23,North,Electronics,Smart Watch,1,106.19,0.0,106.19,78.32,27.870000000000005,0.26245409172238443,2025-04,10511,Corporate,Central,Email,Unknown
1547,2025-09-19,West,Electronics,Smart Watch,1,95.84,0.05,91.048,65.45,25.598,0.2811484052367982,2025-09,10230,Consumer,North,Paid Ads,Unknown
1548,2025-05-31,South,Home & Kitchen,Mixer Grinder,1,77.82,0.1,70.038,36.61,33.428,0.4772837602444387,2025-05,10032,Small Business,West,Referral,Unknown
1549,2025-09-24,South,Home & Kitchen,Air Fryer,1,54.07,0.05,51.366499999999995,33.78,17.586499999999994,0.342372947348953,2025-09,10058,Corporate,East,Organic Search,Unknown
1550,2025-07-30,West,Clothing,Jeans,1,62.27,0.15,52.929500000000004,29.88,23.049500000000005,0.43547549098328914,2025-07,10104,Consumer,Central,Social Media,Unknown
1551,2025-07-22,North,Electronics,Wireless Headphones,1,116.61,0.0,116.61,78.7,37.91,0.32510076322785353,2025-07,10312,Small Business,West,Social Media,Unknown
1552,2025-08-05,East,Sports,Fitness Band,1,70.6,0.15,60.00999999999999,40.1,19.90999999999999,0.33177803699383424,2025-08,10067,Consumer,North,Referral,Unknown
1553,2025-02-05,West,Sports,Yoga Mat,1,68.39,0.0,68.39,40.02,28.369999999999997,0.41482672905395523,2025-02,10374,Small Business,East,Referral,Unknown
1554,2025-01-13,South,Clothing,Jeans,1,75.06,0.15,63.801,42.02,21.781,0.3413896333913261,2025-01,10235,Consumer,North,Referral,Unknown
1555,2025-01-07,South,Beauty,Skin Care Kit,1,35.25,0.0,35.25,23.87,11.379999999999999,0.32283687943262407,2025-01,10112,Small Business,Central,Social Media,Unknown
1556,2025-10-15,South,Electronics,Bluetooth Speaker,1,94.28,0.15,80.138,54.88,25.258000000000003,0.31518131223639223,2025-10,10389,Small Business,West,Referral,Unknown
1557,2025-08-20,Central,Electronics,Power Bank,1,179.24,0.05,170.278,102.62,67.65799999999999,0.3973384700313604,2025-08,10408,Consumer,Central,Referral,Unknown
1558,2025-05-15,North,Beauty,Skin Care Kit,1,34.31,0.0,34.31,25.28,9.030000000000001,0.2631885747595453,2025-05,10054,Consumer,North,Paid Ads,Unknown
1559,2025-05-28,North,Home & Kitchen,Mixer Grinder,1,84.97,0.0,84.97,44.69,40.28,0.4740496645875015,2025-05,10239,Small Business,West,Email,Unknown
1560,2025-01-08,Central,Sports,Fitness Band,4,39.83,0.05,151.35399999999998,110.28,41.073999999999984,0.2713770366161449,2025-01,10295,Consumer,South,Referral,Unknown
1561,2025-12-13,North,Home & Kitchen,Mixer Grinder,1,91.28,0.1,82.152,45.51,36.642,0.44602687700847216,2025-12,10112,Small Business,Central,Social Media,Unknown
1562,2025-08-21,South,Beauty,Face Serum,1,48.25,0.0,48.25,25.68,22.57,0.4677720207253886,2025-08,10088,Corporate,Central,Social Media,Unknown
1563,2025-12-19,North,Home & Kitchen,Storage Set,1,67.81,0.1,61.029,46.39,14.639000000000003,0.2398695702043291,2025-12,10476,Consumer,Central,Email,Unknown
1564,2025-06-04,South,Clothing,Jeans,1,66.49,0.0,66.49,49.43,17.059999999999995,0.2565799368326064,2025-06,10304,Small Business,South,Social Media,Unknown
1565,2025-01-30,North,Beauty,Perfume,1,36.26,0.2,29.008,22.22,6.788,0.23400441257584118,2025-01,10305,Consumer,East,Organic Search,Unknown
1566,2025-03-20,East,Electronics,Smart Watch,1,150.45,0.0,150.45,115.96,34.489999999999995,0.22924559654370222,2025-03,10290,Small Business,North,Organic Search,Unknown
1567,2025-08-23,East,Clothing,Jacket,1,63.22,0.1,56.898,35.93,20.968000000000004,0.36851910436219204,2025-08,10208,Consumer,Central,Referral,Unknown
1568,2025-08-29,South,Electronics,Bluetooth Speaker,1,170.16,0.05,161.652,94.73,66.92199999999998,0.4139880731447801,2025-08,10370,Consumer,East,Organic Search,Unknown
1569,2025-02-15,East,Electronics,Power Bank,1,109.68,0.15,93.22800000000001,59.39,33.83800000000001,0.3629596258634745,2025-02,10220,Consumer,North,Email,Unknown
1570,2025-10-01,East,Home & Kitchen,LED Lamp,2,110.67,0.05,210.273,126.47,83.803,0.3985437978247326,2025-10,10231,Corporate,Central,Referral,Unknown
1571,2025-04-05,Central,Beauty,Face Serum,1,39.78,0.0,39.78,22.44,17.34,0.4358974358974359,2025-04,10349,Consumer,North,Organic Search,Unknown
1572,2025-12-09,West,Clothing,Jeans,1,56.57,0.0,56.57,40.2,16.369999999999997,0.2893759943432915,2025-12,10255,Consumer,East,Organic Search,Unknown
1573,2025-02-06,South,Home & Kitchen,LED Lamp,1,102.83,0.05,97.68849999999999,72.12,25.568499999999986,0.26173500463207017,2025-02,10452,Consumer,North,Paid Ads,Unknown
1574,2025-11-20,North,Electronics,Smart Watch,2,115.74,0.1,208.332,124.42,83.91199999999999,0.40278017779313785,2025-11,10142,Small Business,South,Referral,Unknown
1575,2025-12-01,Central,Clothing,Casual Shirt,1,52.0,0.1,46.800000000000004,30.79,16.010000000000005,0.34209401709401716,2025-12,10069,Consumer,West,Email,Unknown
1576,2025-06-17,North,Electronics,Smart Watch,1,142.37,0.1,128.133,69.28,58.85300000000001,0.4593118088236442,2025-06,10089,Small Business,Central,Social Media,Unknown
1577,2025-04-23,North,Clothing,Sneakers,1,33.64,0.1,30.276,23.46,6.815999999999999,0.22512881490289335,2025-04,10136,Consumer,South,Paid Ads,Unknown
1578,2025-02-06,East,Clothing,Jacket,1,53.28,0.15,45.288,34.03,11.257999999999996,0.2485868221162338,2025-02,10442,Consumer,Central,Social Media,Unknown
1579,2025-03-30,East,Electronics,Wireless Headphones,1,93.3,0.1,83.97,63.23,20.740000000000002,0.2469929736810766,2025-03,10038,Consumer,West,Organic Search,Unknown
1580,2025-04-11,West,Home & Kitchen,Mixer Grinder,1,16.77,0.1,15.093,7.94,7.153,0.4739283111376134,2025-04,10208,Consumer,Central,Referral,Unknown
1581,2025-06-16,West,Sports,Fitness Band,1,61.83,0.05,58.738499999999995,32.72,26.018499999999996,0.44295479115060815,2025-06,10210,Consumer,South,Referral,Unknown
1582,2025-11-29,South,Home & Kitchen,LED Lamp,1,45.17,0.1,40.653000000000006,21.48,19.173000000000005,0.4716257102796842,2025-11,10513,Consumer,South,Organic Search,Unknown
1583,2025-10-25,West,Electronics,Power Bank,1,109.64,0.1,98.676,65.18,33.495999999999995,0.3394543759374113,2025-10,10360,Corporate,Central,Paid Ads,Unknown
1584,2025-09-28,West,Home & Kitchen,Air Fryer,1,86.59,0.0,86.59,63.69,22.900000000000006,0.2644647187896986,2025-09,10001,Consumer,West,Referral,Unknown
1585,2025-08-10,Central,Home & Kitchen,Mixer Grinder,1,102.03,0.1,91.827,53.71,38.117,0.4150957779302384,2025-08,10381,Corporate,East,Paid Ads,Unknown
1586,2025-04-22,East,Sports,Running Shoes,2,66.94,0.0,133.88,84.09,49.78999999999999,0.37190020914251565,2025-04,10394,Consumer,South,Organic Search,Unknown
1587,2025-12-29,West,Clothing,Jacket,3,39.53,0.05,112.6605,79.0,33.6605,0.2987781875635205,2025-12,10050,Consumer,Central,Organic Search,Unknown
1588,2025-02-23,North,Clothing,Jacket,2,54.59,0.05,103.721,56.88,46.841,0.4516057500409753,2025-02,10396,Small Business,North,Referral,Unknown
1589,2025-09-01,West,Home & Kitchen,Storage Set,1,82.4,0.15,70.04,43.37,26.67000000000001,0.3807824100513993,2025-09,10032,Small Business,West,Referral,Unknown
1590,2025-08-16,Central,Home & Kitchen,Storage Set,1,68.8,0.1,61.92,45.96,15.96,0.25775193798449614,2025-08,10234,Corporate,North,Paid Ads,Unknown
1591,2025-01-15,North,Clothing,Sneakers,1,78.6,0.0,78.6,58.0,20.599999999999994,0.2620865139949109,2025-01,10026,Consumer,North,Organic Search,Unknown
1592,2025-08-12,East,Electronics,Smart Watch,1,134.13,0.15,114.0105,63.02,50.99049999999999,0.44724389420272687,2025-08,10434,Corporate,Central,Referral,Unknown
1593,2025-11-23,South,Beauty,Perfume,1,58.42,0.0,58.42,37.24,21.18,0.3625470729202328,2025-11,10061,Small Business,West,Email,Unknown
1594,2025-12-05,West,Electronics,Power Bank,1,130.61,0.05,124.07950000000001,80.95,43.12950000000001,0.3475956946957395,2025-12,10441,Corporate,Central,Referral,Unknown
1595,2025-01-15,Central,Clothing,Casual Shirt,1,67.2,0.05,63.839999999999996,45.83,18.009999999999998,0.28211152882205515,2025-01,10130,Corporate,North,Organic Search,Unknown
1596,2025-04-15,East,Beauty,Face Serum,1,45.5,0.0,45.5,27.63,17.87,0.39274725274725275,2025-04,10354,Small Business,South,Email,Unknown
1597,2025-09-28,Central,Electronics,Bluetooth Speaker,1,99.47,0.0,99.47,64.54,34.92999999999999,0.3511611541168191,2025-09,10198,Corporate,North,Organic Search,Unknown
1598,2025-05-11,East,Beauty,Skin Care Kit,1,48.92,0.0,48.92,29.08,19.840000000000003,0.40556009811937865,2025-05,10371,Small Business,Central,Organic Search,Unknown
1599,2025-06-16,Central,Electronics,Wireless Headphones,2,153.45,0.0,306.9,179.59,127.30999999999997,0.41482567611599863,2025-06,10147,Consumer,South,Social Media,Unknown
1600,2025-04-01,Central,Clothing,Sneakers,1,63.86,0.0,63.86,47.54,16.32,0.2555590353899154,2025-04,10498,Consumer,Central,Email,Unknown
1601,2025-08-29,Central,Sports,Running Shoes,1,77.78,0.1,70.00200000000001,45.77,24.232000000000006,0.34616153824176454,2025-08,10048,Small Business,North,Paid Ads,Unknown
1602,2025-06-04,North,Home & Kitchen,LED Lamp,1,71.32,0.0,71.32,50.13,21.18999999999999,0.29711160964666283,2025-06,10172,Small Business,North,Email,Unknown
1603,2025-03-27,South,Home & Kitchen,Mixer Grinder,1,85.19,0.1,76.671,47.09,29.581000000000003,0.3858173233686792,2025-03,10315,Consumer,West,Social Media,Unknown
1604,2025-04-05,South,Clothing,Sneakers,1,58.83,0.0,58.83,31.59,27.24,0.4630290668026517,2025-04,10376,Small Business,Central,Organic Search,Unknown
1605,2025-05-16,South,Electronics,Wireless Headphones,1,110.47,0.05,104.9465,70.5,34.4465,0.3282291453264282,2025-05,10420,Consumer,South,Email,Unknown
1606,2025-10-21,West,Electronics,Power Bank,2,60.85,0.0,121.7,75.34,46.36,0.380936729663106,2025-10,10396,Small Business,North,Referral,Unknown
1607,2025-03-15,South,Home & Kitchen,Air Fryer,1,80.43,0.15,68.3655,51.31,17.055499999999995,0.24947524701786714,2025-03,10187,Consumer,Central,Organic Search,Unknown
1608,2025-06-22,South,Home & Kitchen,LED Lamp,1,109.66,0.0,109.66,67.89,41.769999999999996,0.3809046142622652,2025-06,10033,Small Business,North,Organic Search,Unknown
1609,2025-09-08,South,Beauty,Face Serum,1,23.75,0.15,20.1875,15.74,4.4475,0.2203095975232198,2025-09,10069,Consumer,West,Email,Unknown
1610,2025-07-28,East,Beauty,Face Serum,1,29.65,0.0,29.65,20.78,8.869999999999997,0.2991568296795952,2025-07,10191,Corporate,Central,Paid Ads,Unknown
1611,2025-01-14,East,Electronics,Smart Watch,1,106.17,0.15,90.2445,47.79,42.4545,0.4704386416900753,2025-01,10101,Consumer,South,Organic Search,Unknown
1612,2025-12-17,North,Clothing,Jeans,1,46.56,0.0,46.56,34.95,11.61,0.24935567010309276,2025-12,10485,Consumer,East,Referral,Unknown
1613,2025-08-24,South,Beauty,Face Serum,2,32.21,0.1,57.978,35.11,22.868000000000002,0.3944254717306565,2025-08,10285,Consumer,South,Email,Unknown
1614,2025-12-25,Central,Electronics,Power Bank,1,118.09,0.15,100.37650000000001,75.3,25.07650000000001,0.2498244110922378,2025-12,10390,Consumer,North,Referral,Unknown
1615,2025-11-26,South,Home & Kitchen,LED Lamp,1,81.15,0.05,77.0925,59.82,17.2725,0.22404903200700457,2025-11,10160,Corporate,East,Referral,Unknown
1616,2025-12-22,East,Home & Kitchen,LED Lamp,4,90.49,0.05,343.86199999999997,232.36,111.50199999999995,0.3242638035025678,2025-12,10047,Consumer,East,Referral,Unknown
1617,2025-04-27,Central,Electronics,Smart Watch,1,71.25,0.1,64.125,35.59,28.534999999999997,0.444990253411306,2025-04,10159,Small Business,South,Paid Ads,Unknown
1618,2025-06-29,South,Beauty,Perfume,1,31.85,0.15,27.0725,17.55,9.5225,0.3517406962785114,2025-06,10446,Consumer,North,Organic Search,Unknown
1619,2025-06-30,Central,Sports,Yoga Mat,1,54.75,0.0,54.75,38.58,16.17,0.2953424657534247,2025-06,10155,Consumer,North,Referral,Unknown
1620,2025-01-25,Central,Home & Kitchen,Air Fryer,2,88.29,0.0,176.58,132.17,44.410000000000025,0.25150073621021646,2025-01,10339,Consumer,South,Social Media,Unknown
1621,2025-01-21,South,Home & Kitchen,Storage Set,2,42.49,0.2,67.98400000000001,36.03,31.954000000000008,0.4700223582019299,2025-01,10365,Consumer,Central,Organic Search,Unknown
1622,2025-09-02,North,Electronics,Bluetooth Speaker,1,147.22,0.05,139.85899999999998,103.93,35.928999999999974,0.2568944436897159,2025-09,10148,Consumer,Central,Organic Search,Unknown
1623,2025-12-31,East,Clothing,Casual Shirt,1,61.6,0.15,52.36,34.16,18.200000000000003,0.3475935828877006,2025-12,10144,Small Business,North,Organic Search,Unknown
1624,2025-10-01,West,Clothing,Sneakers,1,61.03,0.05,57.9785,40.13,17.848499999999994,0.3078468742723595,2025-10,10103,Corporate,West,Referral,Unknown
1625,2025-01-05,West,Sports,Fitness Band,1,51.17,0.2,40.93600000000001,24.55,16.386000000000006,0.4002833691616182,2025-01,10093,Consumer,East,Organic Search,Unknown
1626,2025-08-29,West,Clothing,Jeans,1,44.07,0.0,44.07,26.41,17.66,0.4007261175402768,2025-08,10286,Consumer,East,Email,Unknown
1627,2025-05-25,West,Clothing,Jacket,1,29.49,0.1,26.541,19.45,7.091000000000001,0.2671715459101014,2025-05,10424,Consumer,Central,Referral,Unknown
1628,2025-01-11,South,Sports,Dumbbells,1,98.93,0.05,93.9835,67.42,26.563500000000005,0.28264003787898945,2025-01,10119,Consumer,South,Referral,Unknown
1629,2025-09-17,Central,Clothing,Casual Shirt,1,47.86,0.05,45.467,35.39,10.076999999999998,0.22163327248333953,2025-09,10029,Corporate,East,Paid Ads,Unknown
1630,2025-10-06,West,Beauty,Face Serum,1,27.7,0.1,24.93,19.23,5.699999999999999,0.22864019253910947,2025-10,10511,Corporate,Central,Email,Unknown
1631,2025-11-13,West,Electronics,Power Bank,2,97.86,0.1,176.148,117.72,58.428,0.33169834457388103,2025-11,10030,Corporate,West,Social Media,Unknown
1632,2025-10-30,South,Clothing,Jacket,2,37.05,0.0,74.1,54.06,20.039999999999992,0.27044534412955457,2025-10,10366,Consumer,South,Email,Unknown
1633,2025-11-26,South,Electronics,Smart Watch,1,118.07,0.1,106.26299999999999,76.57,29.692999999999998,0.2794293404101145,2025-11,10138,Consumer,Central,Referral,Unknown
1634,2025-09-21,South,Sports,Yoga Mat,2,54.56,0.0,109.12,61.64,47.480000000000004,0.4351173020527859,2025-09,10475,Consumer,Central,Paid Ads,Unknown
1635,2025-05-14,North,Clothing,Jeans,1,20.99,0.1,18.891,9.97,8.920999999999998,0.47223545603726635,2025-05,10392,Small Business,South,Email,Unknown
1636,2025-06-29,South,Sports,Dumbbells,1,72.76,0.05,69.122,53.09,16.031999999999996,0.2319377332831804,2025-06,10435,Consumer,East,Referral,Unknown
1637,2025-02-01,Central,Electronics,Power Bank,1,97.47,0.1,87.723,64.5,23.223,0.2647310283506036,2025-02,10234,Corporate,North,Paid Ads,Unknown
1638,2025-04-08,Central,Clothing,Jacket,1,68.33,0.0,68.33,35.9,32.43,0.474608517488658,2025-04,10055,Consumer,East,Email,Unknown
1639,2025-12-19,North,Clothing,Jacket,1,17.08,0.0,17.08,9.95,7.129999999999999,0.41744730679156905,2025-12,10292,Consumer,Central,Paid Ads,Unknown
1640,2025-05-15,East,Electronics,Power Bank,1,53.48,0.0,53.48,30.17,23.309999999999995,0.4358638743455497,2025-05,10312,Small Business,West,Social Media,Unknown
1641,2025-07-11,North,Beauty,Face Serum,1,45.96,0.05,43.662,30.36,13.302,0.3046585131235399,2025-07,10089,Small Business,Central,Social Media,Unknown
1642,2025-09-20,South,Home & Kitchen,Air Fryer,1,40.12,0.05,38.114,24.58,13.533999999999999,0.35509261688618354,2025-09,10212,Consumer,West,Organic Search,Unknown
1643,2025-03-17,West,Clothing,Sneakers,3,42.75,0.1,115.425,82.72,32.705,0.28334416287632663,2025-03,10318,Consumer,West,Email,Unknown
1644,2025-03-16,West,Home & Kitchen,Air Fryer,1,119.12,0.05,113.164,84.04,29.123999999999995,0.2573609981973065,2025-03,10465,Small Business,South,Paid Ads,Unknown
1645,2025-08-10,Central,Sports,Running Shoes,2,71.15,0.0,142.3,77.64,64.66000000000001,0.45439212930428674,2025-08,10087,Consumer,South,Social Media,Unknown
1646,2025-10-01,East,Sports,Yoga Mat,1,71.51,0.15,60.783500000000004,40.99,19.7935,0.32563935936561733,2025-10,10409,Small Business,East,Paid Ads,Unknown
1647,2025-02-11,Central,Beauty,Perfume,1,35.88,0.0,35.88,26.05,9.830000000000002,0.2739687848383501,2025-02,10240,Small Business,Central,Email,Unknown
1648,2025-05-05,Central,Electronics,Smart Watch,2,82.74,0.0,165.48,94.13,71.35,0.43116992990089437,2025-05,10057,Corporate,East,Paid Ads,Unknown
1649,2025-10-31,Central,Beauty,Perfume,2,26.29,0.05,49.95099999999999,35.35,14.600999999999992,0.2923064603311244,2025-10,10113,Consumer,South,Email,Unknown
1650,2025-05-18,West,Electronics,Smart Watch,1,90.0,0.1,81.0,59.94,21.060000000000002,0.26,2025-05,10070,Consumer,West,Organic Search,Unknown
1651,2025-12-17,West,Clothing,Sneakers,2,39.94,0.05,75.886,48.4,27.485999999999997,0.36220119653163957,2025-12,10184,Consumer,South,Email,Unknown
1652,2025-04-05,North,Electronics,Wireless Headphones,1,99.42,0.0,99.42,69.26,30.159999999999997,0.3033594850130758,2025-04,10276,Consumer,North,Organic Search,Unknown
1653,2025-09-10,West,Clothing,Sneakers,1,49.21,0.1,44.289,32.33,11.959000000000003,0.27002190160084905,2025-09,10233,Small Business,South,Paid Ads,Unknown
1654,2025-01-07,West,Clothing,Jeans,1,53.79,0.05,51.1005,30.23,20.870499999999996,0.40842066124597604,2025-01,10054,Consumer,North,Paid Ads,Unknown
1655,2025-01-06,South,Sports,Yoga Mat,1,74.18,0.05,70.471,37.21,33.261,0.47198138241262366,2025-01,10257,Small Business,South,Social Media,Unknown
1656,2025-07-12,South,Sports,Yoga Mat,1,79.93,0.15,67.9405,47.34,20.600499999999997,0.3032138415230974,2025-07,10090,Small Business,East,Referral,Unknown
1657,2025-01-01,South,Clothing,Casual Shirt,1,55.9,0.1,50.31,27.67,22.64,0.4500099383820314,2025-01,10435,Consumer,East,Referral,Unknown
1658,2025-06-22,South,Beauty,Face Serum,1,50.25,0.0,50.25,29.58,20.67,0.4113432835820896,2025-06,10408,Consumer,Central,Referral,Unknown
1659,2025-09-16,West,Sports,Running Shoes,1,85.12,0.2,68.096,43.19,24.906000000000006,0.36574835526315796,2025-09,10269,Consumer,Central,Social Media,Unknown
1660,2025-09-11,North,Electronics,Bluetooth Speaker,1,128.05,0.0,128.05,83.31,44.74000000000001,0.3493947676688794,2025-09,10366,Consumer,South,Email,Unknown
1661,2025-07-13,South,Sports,Yoga Mat,2,36.42,0.15,61.914,41.16,20.754000000000005,0.3352068998934006,2025-07,10351,Consumer,West,Paid Ads,Unknown
1662,2025-02-12,West,Clothing,Sneakers,2,59.02,0.05,112.138,79.49,32.64800000000001,0.2911412723608412,2025-02,10299,Consumer,East,Paid Ads,Unknown
1663,2025-05-18,West,Sports,Dumbbells,2,55.93,0.0,111.86,77.08,34.78,0.31092436974789917,2025-05,10159,Small Business,South,Paid Ads,Unknown
1664,2025-06-15,South,Beauty,Skin Care Kit,1,31.46,0.05,29.887,17.3,12.587,0.42115300966975605,2025-06,10487,Consumer,West,Organic Search,Unknown
1665,2025-07-29,North,Electronics,Bluetooth Speaker,1,139.56,0.05,132.582,80.37,52.21199999999999,0.39380911435941524,2025-07,10355,Corporate,West,Email,Unknown
1666,2025-08-15,West,Sports,Yoga Mat,1,68.61,0.0,68.61,52.76,15.850000000000001,0.23101588689695382,2025-08,10401,Consumer,North,Email,Unknown
1667,2025-09-15,East,Beauty,Hair Dryer,1,60.7,0.0,60.7,34.89,25.810000000000002,0.4252059308072488,2025-09,10405,Consumer,South,Email,Unknown
1668,2025-02-14,North,Home & Kitchen,Storage Set,1,106.67,0.05,101.3365,59.35,41.9865,0.41432751279154106,2025-02,10096,Consumer,West,Social Media,Unknown
1669,2025-07-21,North,Clothing,Sneakers,1,60.4,0.0,60.4,34.19,26.21,0.4339403973509934,2025-07,10392,Small Business,South,Email,Unknown
1670,2025-05-22,South,Beauty,Skin Care Kit,1,40.11,0.0,40.11,27.31,12.8,0.3191224133632511,2025-05,10352,Consumer,North,Organic Search,Unknown
1671,2025-02-23,West,Home & Kitchen,LED Lamp,1,75.4,0.2,60.32000000000001,46.33,13.990000000000009,0.23192970822281178,2025-02,10288,Consumer,North,Referral,Unknown
1672,2025-03-13,East,Electronics,Bluetooth Speaker,2,158.68,0.0,317.36,193.53,123.83000000000001,0.3901877993445929,2025-03,10162,Consumer,Central,Organic Search,Unknown
1673,2025-12-10,South,Home & Kitchen,Mixer Grinder,2,65.94,0.05,125.28599999999999,96.88,28.40599999999999,0.2267292434908928,2025-12,10182,Consumer,South,Email,Unknown
1674,2025-07-09,South,Sports,Running Shoes,1,27.63,0.05,26.248499999999996,15.06,11.188499999999996,0.42625292873878495,2025-07,10082,Corporate,West,Social Media,Unknown
1675,2025-03-08,North,Clothing,Casual Shirt,1,73.81,0.1,66.429,36.32,30.109,0.45325083924189735,2025-03,10004,Small Business,South,Social Media,Unknown
1676,2025-05-11,Central,Clothing,Jeans,1,44.1,0.1,39.690000000000005,22.8,16.890000000000004,0.4255479969765685,2025-05,10495,Small Business,East,Email,Unknown
1677,2025-09-20,East,Electronics,Power Bank,1,107.37,0.05,102.0015,65.97,36.031499999999994,0.3532448052234526,2025-09,10051,Consumer,East,Social Media,Unknown
1678,2025-08-30,South,Electronics,Power Bank,1,101.15,0.0,101.15,62.9,38.25000000000001,0.3781512605042017,2025-08,10261,Small Business,South,Social Media,Unknown
1679,2025-09-03,Central,Home & Kitchen,Air Fryer,2,96.67,0.1,174.006,107.54,66.466,0.3819753341838787,2025-09,10134,Consumer,West,Referral,Unknown
1680,2025-02-17,North,Home & Kitchen,Mixer Grinder,1,66.05,0.05,62.747499999999995,46.98,15.767499999999998,0.2512849117494721,2025-02,10362,Consumer,East,Email,Unknown
1681,2025-03-26,East,Clothing,Casual Shirt,1,59.68,0.1,53.712,35.66,18.052000000000007,0.33608876973488244,2025-03,10217,Corporate,South,Social Media,Unknown
1682,2025-02-02,West,Clothing,Casual Shirt,1,17.26,0.1,15.534000000000002,10.91,4.624000000000002,0.2976696279129652,2025-02,10068,Consumer,Central,Referral,Unknown
1683,2025-05-08,Central,Electronics,Wireless Headphones,1,63.15,0.05,59.99249999999999,43.76,16.232499999999995,0.27057548860274194,2025-05,10143,Small Business,East,Social Media,Unknown
1684,2025-09-02,North,Clothing,Jacket,1,67.25,0.0,67.25,46.49,20.759999999999998,0.30869888475836427,2025-09,10346,Consumer,North,Email,Unknown
1685,2025-01-03,East,Electronics,Wireless Headphones,2,127.56,0.1,229.608,135.2,94.40800000000002,0.4111703424967772,2025-01,10194,Consumer,North,Social Media,Unknown
1686,2025-01-01,North,Sports,Yoga Mat,1,70.84,0.0,70.84,36.93,33.910000000000004,0.47868435911914176,2025-01,10246,Consumer,East,Email,Unknown
1687,2025-11-12,North,Home & Kitchen,Storage Set,1,78.47,0.1,70.623,45.64,24.983000000000004,0.3537516106650808,2025-11,10314,Consumer,South,Social Media,Unknown
1688,2025-04-10,Central,Electronics,Wireless Headphones,1,72.73,0.1,65.45700000000001,50.67,14.787000000000006,0.2259040285989276,2025-04,10384,Consumer,East,Organic Search,Unknown
1689,2025-10-19,South,Electronics,Wireless Headphones,1,173.95,0.05,165.25249999999997,118.68,46.57249999999996,0.2818262961226001,2025-10,10277,Consumer,South,Organic Search,Unknown
1690,2025-05-07,North,Sports,Fitness Band,2,90.79,0.15,154.34300000000002,83.89,70.45300000000002,0.4564703290722612,2025-05,10072,Small Business,North,Organic Search,Unknown
1691,2025-06-07,North,Electronics,Wireless Headphones,1,141.92,0.0,141.92,87.63,54.28999999999999,0.38253945885005636,2025-06,10129,Corporate,Central,Referral,Unknown
1692,2025-08-05,West,Clothing,Jeans,1,73.41,0.2,58.728,35.11,23.618000000000002,0.4021591063887754,2025-08,10358,Consumer,East,Email,Unknown
1693,2025-10-30,South,Clothing,Sneakers,2,57.88,0.05,109.972,58.31,51.66199999999999,0.4697741243225548,2025-10,10220,Consumer,North,Email,Unknown
1694,2025-09-01,East,Clothing,Jeans,2,50.83,0.0,101.66,77.44,24.22,0.23824513082825102,2025-09,10006,Small Business,East,Social Media,Unknown
1695,2025-05-23,East,Electronics,Smart Watch,1,175.47,0.05,166.6965,107.83,58.86649999999999,0.3531357886938238,2025-05,10228,Corporate,South,Referral,Unknown
1696,2025-09-19,North,Electronics,Smart Watch,4,152.79,0.0,611.16,412.81,198.34999999999997,0.3245467635316447,2025-09,10017,Small Business,Central,Organic Search,Unknown
1697,2025-03-08,South,Home & Kitchen,Mixer Grinder,1,37.82,0.2,30.256,19.43,10.826,0.35781332628239026,2025-03,10012,Small Business,East,Referral,Unknown
1698,2025-06-01,East,Clothing,Sneakers,1,31.54,0.0,31.54,19.54,12.0,0.3804692454026633,2025-06,10499,Corporate,South,Organic Search,Unknown
1699,2025-12-18,West,Clothing,Sneakers,1,59.33,0.15,50.430499999999995,30.52,19.910499999999995,0.3948106800448141,2025-12,10502,Small Business,East,Social Media,Unknown
1700,2025-01-30,Central,Clothing,Jeans,1,54.72,0.1,49.248,30.11,19.137999999999998,0.3886046133853151,2025-01,10070,Consumer,West,Organic Search,Unknown
1701,2025-11-24,West,Home & Kitchen,Air Fryer,1,78.54,0.2,62.83200000000001,34.96,27.872000000000007,0.44359562006620834,2025-11,10108,Consumer,North,Email,Unknown
1702,2025-12-09,North,Electronics,Bluetooth Speaker,1,135.06,0.15,114.801,65.51,49.291,0.429360371425336,2025-12,10201,Consumer,West,Organic Search,Unknown
1703,2025-08-14,East,Sports,Running Shoes,1,74.96,0.1,67.464,42.25,25.214,0.373740068777422,2025-08,10052,Consumer,South,Social Media,Unknown
1704,2025-09-12,East,Electronics,Wireless Headphones,1,88.6,0.1,79.74,61.06,18.679999999999993,0.2342613493855028,2025-09,10259,Corporate,East,Organic Search,Unknown
1705,2025-02-11,South,Electronics,Wireless Headphones,1,138.72,0.15,117.91199999999999,69.06,48.85199999999999,0.4143089761856299,2025-02,10482,Consumer,Central,Email,Unknown
1706,2025-08-06,East,Clothing,Jacket,1,38.19,0.05,36.280499999999996,26.32,9.960499999999996,0.27454142032221157,2025-08,10264,Consumer,North,Referral,Unknown
1707,2025-08-21,Central,Home & Kitchen,LED Lamp,1,79.89,0.0,79.89,58.4,21.490000000000002,0.26899486794342226,2025-08,10303,Consumer,West,Organic Search,Unknown
1708,2025-12-02,North,Beauty,Skin Care Kit,1,30.79,0.05,29.2505,18.02,11.2305,0.3839421548349601,2025-12,10125,Consumer,South,Paid Ads,Unknown
1709,2025-05-01,West,Beauty,Hair Dryer,2,50.71,0.0,101.42,72.46,28.960000000000008,0.28554525734569125,2025-05,10270,Consumer,East,Paid Ads,Unknown
1710,2025-01-28,West,Electronics,Smart Watch,1,169.72,0.0,169.72,121.6,48.120000000000005,0.2835258072118784,2025-01,10480,Small Business,Central,Organic Search,Unknown
1711,2025-12-26,North,Sports,Fitness Band,1,54.16,0.05,51.45199999999999,34.59,16.861999999999988,0.32772292622249843,2025-12,10132,Consumer,North,Organic Search,Unknown
1712,2025-03-06,East,Electronics,Smart Watch,1,132.81,0.1,119.52900000000001,78.57,40.95900000000002,0.3426699796702057,2025-03,10002,Small Business,East,Organic Search,Unknown
1713,2025-06-29,West,Electronics,Power Bank,1,130.57,0.1,117.51299999999999,64.78,52.73299999999999,0.44874184132819345,2025-06,10115,Consumer,East,Social Media,Unknown
1714,2025-11-03,East,Clothing,Jacket,1,35.18,0.2,28.144000000000002,15.68,12.464000000000002,0.44286526435474705,2025-11,10481,Consumer,North,Email,Unknown
1715,2025-08-09,East,Beauty,Face Serum,2,41.9,0.05,79.61,44.51,35.1,0.4408993844994348,2025-08,10001,Consumer,West,Referral,Unknown
1716,2025-09-24,South,Clothing,Jeans,1,54.27,0.05,51.5565,30.4,21.1565,0.4103556292611019,2025-09,10331,Small Business,East,Social Media,Unknown
1717,2025-03-07,West,Electronics,Wireless Headphones,1,50.38,0.0,50.38,29.4,20.980000000000004,0.41643509329098854,2025-03,10391,Corporate,North,Organic Search,Unknown
1718,2025-08-08,North,Clothing,Sneakers,1,51.84,0.1,46.656000000000006,26.15,20.506000000000007,0.4395147462277093,2025-08,10143,Small Business,East,Social Media,Unknown
1719,2025-07-08,South,Beauty,Face Serum,1,48.18,0.1,43.362,22.72,20.642000000000003,0.47603892809372267,2025-07,10328,Consumer,North,Paid Ads,Unknown
1720,2025-08-26,East,Home & Kitchen,LED Lamp,1,71.68,0.0,71.68,50.88,20.800000000000004,0.29017857142857145,2025-08,10377,Corporate,West,Social Media,Unknown
1721,2025-11-28,West,Sports,Dumbbells,2,46.46,0.0,92.92,51.62,41.300000000000004,0.44446835987946626,2025-11,10090,Small Business,East,Referral,Unknown
1722,2025-05-27,West,Home & Kitchen,Mixer Grinder,1,61.75,0.0,61.75,37.41,24.340000000000003,0.39417004048583004,2025-05,10042,Corporate,East,Referral,Unknown
1723,2025-03-21,South,Home & Kitchen,Storage Set,1,70.35,0.1,63.315,46.97,16.345,0.2581536760641238,2025-03,10035,Consumer,West,Referral,Unknown
1724,2025-01-26,North,Electronics,Power Bank,1,111.98,0.05,106.381,69.33,37.051,0.348285878117333,2025-01,10494,Consumer,West,Organic Search,Unknown
1725,2025-11-02,North,Clothing,Jeans,2,45.5,0.0,91.0,49.07,41.93,0.46076923076923076,2025-11,10124,Consumer,South,Organic Search,Unknown
1726,2025-07-23,Central,Clothing,Casual Shirt,2,38.04,0.05,72.276,51.08,21.195999999999998,0.29326470751010014,2025-07,10057,Corporate,East,Paid Ads,Unknown
1727,2025-10-07,East,Clothing,Jeans,2,52.28,0.0,104.56,56.55,48.010000000000005,0.45916220351951037,2025-10,10456,Consumer,Central,Social Media,Unknown
1728,2025-12-02,South,Sports,Yoga Mat,1,37.21,0.05,35.3495,27.47,7.8795,0.22290272846857806,2025-12,10235,Consumer,North,Referral,Unknown
1729,2025-10-14,Central,Sports,Dumbbells,1,44.81,0.0,44.81,30.19,14.620000000000001,0.32626645837982593,2025-10,10392,Small Business,South,Email,Unknown
1730,2025-08-07,Central,Clothing,Sneakers,1,81.38,0.2,65.104,39.49,25.613999999999997,0.39343204718604075,2025-08,10492,Small Business,North,Referral,Unknown
1731,2025-05-13,West,Home & Kitchen,Air Fryer,1,58.56,0.0,58.56,31.65,26.910000000000004,0.4595286885245902,2025-05,10343,Consumer,Central,Email,Unknown
1732,2025-05-21,West,Electronics,Smart Watch,1,149.05,0.1,134.145,80.44,53.70500000000001,0.4003503671400351,2025-05,10176,Corporate,North,Social Media,Unknown
1733,2025-01-11,East,Beauty,Perfume,1,50.87,0.1,45.783,30.13,15.653000000000002,0.3418954633816046,2025-01,10052,Consumer,South,Social Media,Unknown
1734,2025-06-05,West,Clothing,Jeans,1,35.62,0.05,33.839,23.52,10.318999999999999,0.30494399952717277,2025-06,10478,Consumer,North,Referral,Unknown
1735,2025-03-13,East,Sports,Running Shoes,1,46.26,0.2,37.008,27.05,9.958000000000002,0.2690769563337657,2025-03,10489,Consumer,South,Organic Search,Unknown
1736,2025-10-02,South,Clothing,Casual Shirt,1,58.49,0.0,58.49,38.65,19.840000000000003,0.33920328261241245,2025-10,10005,Consumer,East,Organic Search,Unknown
1737,2025-07-16,East,Electronics,Wireless Headphones,1,156.08,0.15,132.668,71.47,61.19800000000001,0.46128682123797754,2025-07,10209,Consumer,North,Organic Search,Unknown
1738,2025-06-03,South,Sports,Dumbbells,1,58.22,0.05,55.309,34.38,20.928999999999995,0.3784013451698638,2025-06,10217,Corporate,South,Social Media,Unknown
1739,2025-04-25,East,Electronics,Wireless Headphones,1,171.48,0.1,154.332,106.31,48.02199999999999,0.31116035559702454,2025-04,10342,Corporate,North,Email,Unknown
1740,2025-04-07,West,Home & Kitchen,LED Lamp,1,76.72,0.05,72.884,47.95,24.933999999999997,0.3421052631578947,2025-04,10401,Consumer,North,Email,Unknown
1741,2025-01-21,North,Beauty,Perfume,1,49.96,0.2,39.968,26.21,13.758000000000003,0.34422538030424343,2025-01,10462,Consumer,North,Referral,Unknown
1742,2025-02-05,North,Beauty,Hair Dryer,2,51.51,0.15,87.567,50.13,37.43699999999999,0.4275240672856212,2025-02,10211,Consumer,West,Organic Search,Unknown
1743,2025-08-16,East,Home & Kitchen,Air Fryer,1,78.4,0.0,78.4,42.08,36.32000000000001,0.46326530612244904,2025-08,10026,Consumer,North,Organic Search,Unknown
1744,2025-06-18,North,Clothing,Jeans,1,81.48,0.1,73.33200000000001,43.55,29.78200000000001,0.4061255659193805,2025-06,10252,Consumer,Central,Organic Search,Unknown
1745,2025-11-16,South,Home & Kitchen,Mixer Grinder,1,97.47,0.0,97.47,56.89,40.58,0.4163332307376629,2025-11,10003,Consumer,West,Organic Search,Unknown
1746,2025-05-26,East,Home & Kitchen,Air Fryer,1,55.41,0.0,55.41,42.38,13.029999999999994,0.23515610900559455,2025-05,10002,Small Business,East,Organic Search,Unknown
1747,2025-05-05,East,Beauty,Face Serum,1,56.06,0.0,56.06,37.94,18.120000000000005,0.3232251159471995,2025-05,10002,Small Business,East,Organic Search,Unknown
1748,2025-04-30,North,Home & Kitchen,LED Lamp,1,84.29,0.15,71.6465,40.23,31.416500000000006,0.4384931573768433,2025-04,10150,Small Business,South,Organic Search,Unknown
1749,2025-07-17,Central,Electronics,Smart Watch,1,99.93,0.0,99.93,71.53,28.400000000000006,0.2841989392574803,2025-07,10004,Small Business,South,Social Media,Unknown
1750,2025-05-14,North,Electronics,Smart Watch,1,123.71,0.1,111.339,69.4,41.93899999999999,0.37667843253487093,2025-05,10497,Small Business,Central,Paid Ads,Unknown
1751,2025-08-18,West,Sports,Fitness Band,1,50.75,0.1,45.675000000000004,26.46,19.215000000000003,0.4206896551724138,2025-08,10468,Consumer,West,Referral,Unknown
1752,2025-03-13,South,Beauty,Hair Dryer,1,47.72,0.0,47.72,26.55,21.169999999999998,0.44362950544844926,2025-03,10070,Consumer,West,Organic Search,Unknown
1753,2025-02-12,South,Home & Kitchen,Storage Set,1,99.38,0.1,89.442,49.78,39.66199999999999,0.44343820576462956,2025-02,10201,Consumer,West,Organic Search,Unknown
1754,2025-05-22,South,Home & Kitchen,Storage Set,1,61.64,0.0,61.64,34.59,27.049999999999997,0.43883841661258916,2025-05,10308,Consumer,West,Referral,Unknown
1755,2025-02-10,Central,Home & Kitchen,Air Fryer,1,99.43,0.0,99.43,66.19,33.24000000000001,0.33430554158704623,2025-02,10252,Consumer,Central,Organic Search,Unknown
1756,2025-03-31,South,Sports,Fitness Band,1,83.16,0.05,79.002,56.16,22.842,0.2891319207108681,2025-03,10287,Small Business,Central,Referral,Unknown
1757,2025-10-02,South,Electronics,Smart Watch,1,97.45,0.1,87.705,49.54,38.165,0.43515192976455164,2025-10,10292,Consumer,Central,Paid Ads,Unknown
1758,2025-12-10,Central,Home & Kitchen,Mixer Grinder,1,55.45,0.2,44.36000000000001,24.03,20.330000000000005,0.45829576194770066,2025-12,10154,Consumer,North,Organic Search,Unknown
1759,2025-12-01,North,Beauty,Face Serum,2,36.13,0.1,65.034,36.78,28.254000000000005,0.434449672479011,2025-12,10133,Consumer,South,Referral,Unknown
1760,2025-11-04,South,Electronics,Power Bank,2,112.86,0.1,203.148,147.54,55.608000000000004,0.2737314667139229,2025-11,10274,Corporate,North,Referral,Unknown
1761,2025-05-04,West,Clothing,Jeans,1,60.53,0.05,57.503499999999995,39.07,18.433499999999995,0.3205630961593642,2025-05,10509,Consumer,South,Referral,Unknown
1762,2025-03-12,North,Clothing,Jacket,1,38.99,0.0,38.99,21.91,17.080000000000002,0.4380610412926392,2025-03,10353,Consumer,East,Paid Ads,Unknown
1763,2025-06-07,Central,Clothing,Casual Shirt,2,38.26,0.0,76.52,54.37,22.15,0.2894668060637742,2025-06,10005,Consumer,East,Organic Search,Unknown
1764,2025-01-21,North,Electronics,Smart Watch,2,101.27,0.0,202.54,118.51,84.02999999999999,0.4148810111582897,2025-01,10293,Consumer,Central,Organic Search,Unknown
1765,2025-01-06,Central,Beauty,Skin Care Kit,1,59.95,0.05,56.9525,44.08,12.872500000000002,0.2260216847372811,2025-01,10360,Corporate,Central,Paid Ads,Unknown
1766,2025-06-20,East,Clothing,Sneakers,1,44.97,0.2,35.976,26.42,9.555999999999997,0.26562152546141865,2025-06,10214,Corporate,West,Paid Ads,Unknown
1767,2025-08-03,East,Clothing,Sneakers,1,39.73,0.1,35.757,25.71,10.046999999999997,0.2809799479822132,2025-08,10406,Small Business,North,Organic Search,Unknown
1768,2025-02-14,South,Electronics,Smart Watch,1,33.38,0.05,31.711000000000002,22.68,9.031000000000002,0.28479076661095526,2025-02,10436,Consumer,South,Organic Search,Unknown
1769,2025-05-25,West,Electronics,Power Bank,1,135.89,0.0,135.89,90.13,45.75999999999999,0.33674295385973946,2025-05,10015,Consumer,West,Organic Search,Unknown
1770,2025-03-11,West,Beauty,Skin Care Kit,1,10.0,0.1,9.0,4.73,4.27,0.4744444444444444,2025-03,10273,Consumer,West,Paid Ads,Unknown
1771,2025-06-05,East,Electronics,Bluetooth Speaker,2,126.83,0.05,240.97699999999998,160.18,80.79699999999997,0.3352892599708685,2025-06,10045,Consumer,North,Social Media,Unknown
1772,2025-09-28,East,Clothing,Sneakers,1,44.46,0.0,44.46,32.99,11.469999999999999,0.2579847053531264,2025-09,10412,Small Business,Central,Social Media,Unknown
1773,2025-09-25,North,Home & Kitchen,Storage Set,2,93.08,0.0,186.16,119.96,66.2,0.3556080790717662,2025-09,10187,Consumer,Central,Organic Search,Unknown
1774,2025-12-24,East,Beauty,Skin Care Kit,2,40.61,0.05,77.15899999999999,46.83,30.328999999999994,0.3930714498632693,2025-12,10170,Consumer,East,Email,Unknown
1775,2025-02-09,West,Electronics,Wireless Headphones,1,129.51,0.05,123.03449999999998,76.79,46.244499999999974,0.37586611885284194,2025-02,10401,Consumer,North,Email,Unknown
1776,2025-01-27,North,Home & Kitchen,Air Fryer,1,77.71,0.05,73.82449999999999,51.15,22.674499999999988,0.30714058341065625,2025-01,10246,Consumer,East,Email,Unknown
1777,2025-05-23,South,Clothing,Casual Shirt,1,53.8,0.1,48.42,33.57,14.850000000000001,0.30669144981412644,2025-05,10043,Consumer,Central,Organic Search,Unknown
1778,2025-07-20,South,Electronics,Power Bank,1,138.47,0.15,117.6995,85.52,32.179500000000004,0.2734038802203918,2025-07,10179,Consumer,East,Social Media,Unknown
1779,2025-11-07,West,Electronics,Bluetooth Speaker,1,128.12,0.1,115.308,79.75,35.55800000000001,0.30837409373157115,2025-11,10457,Consumer,East,Paid Ads,Unknown
1780,2025-01-03,West,Sports,Fitness Band,1,63.17,0.05,60.0115,44.81,15.201499999999996,0.25330978229172735,2025-01,10244,Consumer,South,Social Media,Unknown
1781,2025-03-31,West,Electronics,Wireless Headphones,1,111.21,0.15,94.5285,68.59,25.93849999999999,0.2743987263100546,2025-03,10017,Small Business,Central,Organic Search,Unknown
1782,2025-12-12,East,Clothing,Jacket,1,62.61,0.05,59.479499999999994,42.75,16.729499999999994,0.2812649736463823,2025-12,10112,Small Business,Central,Social Media,Unknown
1783,2025-11-30,Central,Beauty,Skin Care Kit,1,40.11,0.15,34.0935,19.62,14.473499999999998,0.42452373619604905,2025-11,10030,Corporate,West,Social Media,Unknown
1784,2025-02-16,East,Sports,Dumbbells,1,52.47,0.05,49.8465,26.08,23.7665,0.4767937568334788,2025-02,10192,Small Business,Central,Referral,Unknown
1785,2025-12-08,East,Home & Kitchen,Air Fryer,1,83.17,0.0,83.17,57.48,25.690000000000005,0.3088854154142119,2025-12,10437,Consumer,North,Organic Search,Unknown
1786,2025-02-16,West,Clothing,Jacket,1,75.51,0.0,75.51,44.81,30.700000000000003,0.4065686664018011,2025-02,10179,Consumer,East,Social Media,Unknown
1787,2025-03-11,Central,Electronics,Smart Watch,1,142.47,0.0,142.47,96.43,46.03999999999999,0.32315575208815883,2025-03,10474,Consumer,North,Paid Ads,Unknown
1788,2025-10-25,West,Home & Kitchen,Air Fryer,1,119.02,0.1,107.118,82.81,24.307999999999993,0.226927313803469,2025-10,10134,Consumer,West,Referral,Unknown
1789,2025-04-21,North,Clothing,Sneakers,1,48.52,0.1,43.668000000000006,29.8,13.868000000000006,0.3175780892186499,2025-04,10312,Small Business,West,Social Media,Unknown
1790,2025-08-12,North,Clothing,Jeans,2,31.94,0.0,63.88,43.73,20.150000000000006,0.31543519098309336,2025-08,10025,Small Business,South,Social Media,Unknown
1791,2025-09-28,West,Clothing,Jacket,1,42.53,0.05,40.4035,21.99,18.413500000000003,0.4557402205254496,2025-09,10371,Small Business,Central,Organic Search,Unknown
1792,2025-12-13,East,Sports,Yoga Mat,1,75.62,0.0,75.62,57.19,18.430000000000007,0.2437185929648242,2025-12,10319,Corporate,West,Referral,Unknown
1793,2025-12-25,South,Sports,Yoga Mat,2,78.9,0.05,149.91,79.64,70.27,0.4687479154159162,2025-12,10230,Consumer,North,Paid Ads,Unknown
1794,2025-04-22,East,Beauty,Perfume,1,44.49,0.0,44.49,31.11,13.380000000000003,0.30074173971679036,2025-04,10102,Corporate,North,Email,Unknown
1795,2025-08-24,Central,Sports,Running Shoes,4,49.53,0.1,178.30800000000002,111.95,66.35800000000002,0.3721538012876596,2025-08,10450,Small Business,East,Social Media,Unknown
1796,2025-07-11,Central,Home & Kitchen,Mixer Grinder,2,95.75,0.05,181.92499999999998,114.19,67.73499999999999,0.37232375979112264,2025-07,10378,Small Business,North,Email,Unknown
1797,2025-03-23,South,Clothing,Jeans,1,86.23,0.0,86.23,54.54,31.690000000000005,0.36750550852371566,2025-03,10203,Consumer,South,Referral,Unknown
1798,2025-08-19,North,Electronics,Wireless Headphones,1,151.09,0.0,151.09,97.25,53.84,0.3563439009861672,2025-08,10267,Corporate,East,Social Media,Unknown
1799,2025-03-28,East,Home & Kitchen,Storage Set,1,27.23,0.1,24.507,18.02,6.487000000000002,0.2646998816664627,2025-03,10462,Consumer,North,Referral,Unknown
1800,2025-05-09,North,Clothing,Jacket,1,79.25,0.0,79.25,60.0,19.25,0.24290220820189273,2025-05,10365,Consumer,Central,Organic Search,Unknown
